402;155603763978835;"\N";40098
403;155963761917023;"\N";20462
404;155603762796250;"\N";85618
405;155603764108423;"\N";24504
406;155603763978835;"\N";47259
407;155603762882602;"Rafael Cardoso.Parvaiz@Ester.cz";38932
408;155603764094648;"\N";87148
409;155603762351331;Gennady.Szerda@Lucian.cz;72423
410;159203764094648;"\N";10903
411;155963761806480;"\N";7014
412;155603762207051;"\N";2154
413;159203763929625;"\N";24280
414;155603762796250;"\N";86126
415;155963762186422;"\N";86670
416;155603762127907;"\N";75590
417;155603762749752;"\N";72253
418;155603762169523;"\N";40831
419;159203762866222;"\N";11878
420;155603762822796;"Jana .Cristina@Marcin Jan.cz";49039
421;159203762822796;"\N";84498
422;155963762127907;"\N";24761
423;155963761917023;"\N";20462
424;155603762207051;"\N";6225
425;155603762902096;"\N";1346
426;155603762186422;"\N";54946
427;159203762749752;Dorin.Julia@Isidoro.cz;86667
428;159203762882602;"\N";7221
429;159203763929625;"\N";24280
430;159203764046772;"Nicola.Aram@Tomáš Peter.cz";1903
431;159203762796250;"\N";40553
432;155603762902096;"\N";47259
433;155963762148475;"\N";24068
434;159203764094648;"\N";76393
435;155603764108423;Omar.Andiy@Michalis.cz;19939
436;155603764009582;"\N";21674
437;155963762186422;Art.Leos@Guillaume.cz;12248
438;159203762866222;"\N";11885
439;155963762077915;"\N";6718
440;155963762289274;"\N";98163
441;155603762765527;"\N";66940
442;155603761806480;Aasem.Marie@Rašek.cz;76393
443;155603764009582;"\N";53455
444;155963762207051;Slavomil.Sergei@Andras.cz;85618
445;159203763929625;"\N";86670
446;155963762169523;Phidias.Amelia@Jeanette.cz;24761
447;155603762207051;"\N";85260
448;155963762207051;"\N";26636
449;155603763960833;"\N";71474
450;159203762808666;Aasem.Marie@Rašek.cz;49039
451;155963762289274;"\N";98163
452;159203762882602;"\N";7221
453;155963762077915;Laso.Grygoriy@Zdena.cz;76319
454;159203762749752;"\N";98163
455;155603763960833;"\N";20462
456;155603762289274;Radomil.Vlado@Nelly.cz;93563
457;159203763960833;"\N";94016
458;155963762207051;"\N";85618
459;155963762169523;"\N";16097
460;155603762351331;"Marcin Jan.Ingrida@Adriána.cz";37965
461;155603764108423;"\N";36238
462;155603762882602;"\N";38932
463;155963762148475;"\N";24068
464;155603762077915;"\N";91543
465;155963762127907;"\N";24761
466;159203762822796;"\N";84498
467;155603763960833;"\N";11009
468;155963762289274;"\N";98163
469;155603762077915;"\N";28543
470;159203764020107;Anastasija.Marcel@Pio.cz;96805
471;155603762351331;"\N";48480
472;155603762808666;"\N";58935
473;159203762822796;"\N";84498
474;155603763996089;"\N";26142
475;155963761806480;Liana.Vahid@Juliána.cz;22326
476;155963762330462;"\N";49169
477;155603763978835;"\N";339
478;155603762249301;"\N";71648
479;155603762375707;"\N";1540
480;155603764020107;Christián.Lubomír@Vašek.cz;36145
481;155603762822796;Jaczek.Phidias@Patricie.cz;49039
482;159203764033329;Thu.Guillaume@Ľuboslav.cz;90195
483;155603764069623;"\N";11009
484;159203764094648;"\N";76393
485;159203762866222;"\N";38932
486;155603762749752;"\N";12744
487;159203764046772;"\N";78946
488;155603762902096;Samo.PERSONÁLNÍ@Pedro.cz;81418
489;155963762351331;"\N";98163
490;155603762186422;"\N";49169
491;155963762148475;"\N";72423
492;155603762902096;pi..Agáta@Anezka.cz;37083
493;155603764108423;"\N";9571
494;155603762186422;"EX Jan.Brony@Vondruška.cz";60659
495;155603762808666;"\N";87148
496;159203762866222;"\N";81639
497;159203763996089;"TEST.Koray@Test 22.cz";4003
498;155603764033329;"\N";78946
499;159203764056803;"\N";62026
500;155603764009582;"\N";21674
501;155603762882602;"\N";7221
502;159203764033329;Gennady.Szerda@Lucian.cz;24068
503;155963762169523;"\N";16097
504;155603762309377;"\N";90905
505;155963762186422;"Katarzyna Anna.Amos@Benjamín.cz";21168
506;155603763960833;"Nicholas.Shravan@Oriol Vidal.cz";71474
507;155963762351331;"\N";98163
508;155603762148475;"\N";81418
509;155963762077915;"\N";6718
510;159203763996089;Regína.Garen@Cenek.cz;46830
511;155603761917023;"\N";81639
512;155603763978835;"\N";21168
513;155603764069623;"\N";12971
514;155963762186422;"\N";86670
515;155603762169523;"\N";49005
516;155603762289274;Larysa.Kuklová@Jaromír.cz;23303
517;155963762289274;Andrian.Vladan@Lada.cz;81776
518;155963761917023;Art.Leos@Guillaume.cz;20462
519;155603764033329;"\N";12971
520;159203762796250;"\N";37965
521;155963762127907;"\N";58348
522;159203764069623;"\N";83516
523;159203763978835;"\N";85260
524;155603762127907;"\N";31671
525;155603762148475;"\N";81418
526;155963762289274;"\N";36595
527;159203762765527;"\N";24280
528;155603762765527;Dorin.Julia@Isidoro.cz;75590
529;155603762169523;"\N";6718
530;159203762796250;"Jose Manuel Gonzalez.Anastasiia@Antonij.cz";50856
531;159203763960833;"\N";49370
532;159203762796250;Radomila.Radomira@Edin.cz;37965
533;155603762882602;"\N";7221
534;155603762127907;"\N";31671
535;155603762289274;"\N";93563
536;159203764082025;"\N";10903
537;159203764020107;"Radislav.Šimon Václav@Zisis.cz";96805
538;155963762077915;"\N";72423
539;159203764082025;"\N";98163
540;155603762148475;"Kornélia.Eldar@Jose Luis.cz";76319
541;155603762902096;"\N";90759
542;155603762169523;"\N";27094
543;155963762077915;Oksana.Aleksej@Lydie.cz;6718
544;155603762902096;"\N";33138
545;155603762351331;Rasul.Janis@Ankur.cz;60441
546;155963762127907;"\N";24761
547;155963762375707;"\N";96805
548;159203762749752;"\N";51722
549;155603762169523;"\N";40831
550;155603762866222;"\N";54946
551;159203762902096;"\N";26975
