# ************************************************************
# Sequel Pro SQL dump
# Version 4541
#
# http://www.sequelpro.com/
# https://github.com/sequelpro/sequelpro
#
# Host: 127.0.0.1 (MySQL 5.7.23)
# Database: bus_traveling
# Generation Time: 2019-04-28 20:02:46 +0000
# ************************************************************


/*!40101 SET @OLD_CHARACTER_SET_CLIENT=@@CHARACTER_SET_CLIENT */;
/*!40101 SET @OLD_CHARACTER_SET_RESULTS=@@CHARACTER_SET_RESULTS */;
/*!40101 SET @OLD_COLLATION_CONNECTION=@@COLLATION_CONNECTION */;
/*!40101 SET NAMES utf8 */;
/*!40014 SET @OLD_FOREIGN_KEY_CHECKS=@@FOREIGN_KEY_CHECKS, FOREIGN_KEY_CHECKS=0 */;
/*!40101 SET @OLD_SQL_MODE=@@SQL_MODE, SQL_MODE='NO_AUTO_VALUE_ON_ZERO' */;
/*!40111 SET @OLD_SQL_NOTES=@@SQL_NOTES, SQL_NOTES=0 */;


# Dump of table Autobus
# ------------------------------------------------------------

DROP TABLE IF EXISTS `Autobus`;

CREATE TABLE `Autobus` (
  `spz` varchar(10) NOT NULL,
  `znacka` varchar(50) DEFAULT NULL,
  PRIMARY KEY (`spz`),
  KEY `znacka` (`znacka`),
  CONSTRAINT `autobus_ibfk_1` FOREIGN KEY (`znacka`) REFERENCES `Znacka` (`znacka`)
) ENGINE=InnoDB DEFAULT CHARSET=utf8;

LOCK TABLES `Autobus` WRITE;
/*!40000 ALTER TABLE `Autobus` DISABLE KEYS */;

INSERT INTO `Autobus` (`spz`, `znacka`)
VALUES
	('jebUkna','Iris'),
	('lt7qvOy','Iris'),
	('SgwbsgO','Iris'),
	('sMJnuUc','Iris'),
	('StMU1mi','Iris'),
	('9BFIrwG','Man'),
	('j8U9N8m','Man'),
	('niZ8Quc','Man'),
	('sXgT6vl','Man'),
	('zNWcRQ7','Man'),
	('7xwb3AR','Mercedes'),
	('bedkYsU','Mercedes'),
	('BY6Gqvl','Mercedes'),
	('j876x1T','Mercedes'),
	('UTBdhXa','Mercedes'),
	('6oRJD64','Volvo'),
	('lZgPpWK','Volvo'),
	('mRtOSqO','Volvo'),
	('OInjVJe','Volvo'),
	('W2ogFjv','Volvo');

/*!40000 ALTER TABLE `Autobus` ENABLE KEYS */;
UNLOCK TABLES;


# Dump of table Jizda
# ------------------------------------------------------------

DROP TABLE IF EXISTS `Jizda`;

CREATE TABLE `Jizda` (
  `linka` varchar(50) NOT NULL,
  `spz` varchar(10) DEFAULT NULL,
  `cislo_rp` varchar(50) DEFAULT NULL,
  `cas` timestamp NOT NULL ON UPDATE CURRENT_TIMESTAMP,
  PRIMARY KEY (`linka`,`cas`),
  KEY `spz` (`spz`),
  KEY `cislo_rp` (`cislo_rp`),
  CONSTRAINT `jizda_ibfk_2` FOREIGN KEY (`spz`) REFERENCES `Autobus` (`spz`),
  CONSTRAINT `jizda_ibfk_3` FOREIGN KEY (`cislo_rp`) REFERENCES `Ridic` (`cislo_rp`),
  CONSTRAINT `jizda_ibfk_4` FOREIGN KEY (`linka`) REFERENCES `Trasy` (`linka`)
) ENGINE=InnoDB DEFAULT CHARSET=utf8;

LOCK TABLES `Jizda` WRITE;
/*!40000 ALTER TABLE `Jizda` DISABLE KEYS */;

INSERT INTO `Jizda` (`linka`, `spz`, `cislo_rp`, `cas`)
VALUES
	('10734','SgwbsgO','EI5474126','0000-00-00 00:00:00'),
	('10903','zNWcRQ7','123456','0000-00-00 00:00:00'),
	('11009','zNWcRQ7','452187','0000-00-00 00:00:00'),
	('11188','lt7qvOy','EI5474126','0000-00-00 00:00:00'),
	('11878','bedkYsU','452187','0000-00-00 00:00:00'),
	('11885','W2ogFjv','785456985','0000-00-00 00:00:00'),
	('12160','StMU1mi','EK54125','0000-00-00 00:00:00'),
	('12248','zNWcRQ7','5214578','0000-00-00 00:00:00'),
	('12480','lt7qvOy','EE547554','0000-00-00 00:00:00'),
	('12744','lt7qvOy','5214578','0000-00-00 00:00:00'),
	('12971','zNWcRQ7','EK54125','0000-00-00 00:00:00'),
	('1346','7xwb3AR','EO547854','0000-00-00 00:00:00'),
	('13785','mRtOSqO','EO547854','0000-00-00 00:00:00'),
	('1540','bedkYsU','54878954','0000-00-00 00:00:00'),
	('16097','W2ogFjv','785456985','0000-00-00 00:00:00'),
	('16360','BY6Gqvl','54878954','0000-00-00 00:00:00'),
	('16425','StMU1mi','EK5989654','0000-00-00 00:00:00'),
	('18216','jebUkna','123456','0000-00-00 00:00:00'),
	('1895','SgwbsgO','EE547554','0000-00-00 00:00:00'),
	('1903','niZ8Quc','54878954','0000-00-00 00:00:00'),
	('1990','jebUkna','EK5989654','0000-00-00 00:00:00'),
	('19939','BY6Gqvl','452187','0000-00-00 00:00:00'),
	('20462','7xwb3AR','EO547854','0000-00-00 00:00:00'),
	('21168','sXgT6vl','EE547554','0000-00-00 00:00:00'),
	('21456','j8U9N8m','123456','0000-00-00 00:00:00'),
	('2154','9BFIrwG','EO547854','0000-00-00 00:00:00'),
	('21674','BY6Gqvl','EI5474126','0000-00-00 00:00:00'),
	('22326','9BFIrwG','ES5874521','0000-00-00 00:00:00'),
	('23303','7xwb3AR','EO547854','0000-00-00 00:00:00'),
	('23311','sXgT6vl','452187','0000-00-00 00:00:00'),
	('23823','j876x1T','EK54125','0000-00-00 00:00:00'),
	('24068','6oRJD64','EO547854','0000-00-00 00:00:00'),
	('24280','lt7qvOy','EE547554','0000-00-00 00:00:00'),
	('24504','zNWcRQ7','5214578','0000-00-00 00:00:00'),
	('24761','BY6Gqvl','ES5874521','0000-00-00 00:00:00'),
	('24796','sMJnuUc','5214578','0000-00-00 00:00:00'),
	('26142','bedkYsU','452187','0000-00-00 00:00:00'),
	('26314','zNWcRQ7','452187','0000-00-00 00:00:00'),
	('26636','BY6Gqvl','785456985','0000-00-00 00:00:00'),
	('26975','mRtOSqO','123456','0000-00-00 00:00:00'),
	('27094','lt7qvOy','785456985','0000-00-00 00:00:00'),
	('27595','mRtOSqO','EK54125','0000-00-00 00:00:00'),
	('28197','jebUkna','EE547554','0000-00-00 00:00:00'),
	('28543','OInjVJe','5214578','0000-00-00 00:00:00'),
	('29095','j8U9N8m','123456','0000-00-00 00:00:00'),
	('29949','lt7qvOy','ES5874521','0000-00-00 00:00:00'),
	('30029','9BFIrwG','785456985','0000-00-00 00:00:00'),
	('30977','6oRJD64','EK5989654','0000-00-00 00:00:00'),
	('31671','BY6Gqvl','452187','0000-00-00 00:00:00'),
	('31847','zNWcRQ7','123456','0000-00-00 00:00:00'),
	('32299','niZ8Quc','54878954','0000-00-00 00:00:00'),
	('33138','StMU1mi','452187','0000-00-00 00:00:00'),
	('339','lZgPpWK','785456985','0000-00-00 00:00:00'),
	('34852','lt7qvOy','5214578','0000-00-00 00:00:00'),
	('35435','BY6Gqvl','EO547854','0000-00-00 00:00:00'),
	('36145','lt7qvOy','EI5474126','0000-00-00 00:00:00'),
	('36238','sXgT6vl','EI5474126','0000-00-00 00:00:00'),
	('36595','lZgPpWK','785456985','0000-00-00 00:00:00'),
	('37083','6oRJD64','EK5989654','0000-00-00 00:00:00'),
	('37965','jebUkna','ES5874521','0000-00-00 00:00:00'),
	('38238','StMU1mi','EI5474126','0000-00-00 00:00:00'),
	('38932','UTBdhXa','123456','0000-00-00 00:00:00'),
	('38957','zNWcRQ7','EE547554','0000-00-00 00:00:00'),
	('4003','UTBdhXa','5214578','0000-00-00 00:00:00'),
	('40098','W2ogFjv','EO547854','0000-00-00 00:00:00'),
	('40553','sMJnuUc','EI5474126','0000-00-00 00:00:00'),
	('40831','StMU1mi','123456','0000-00-00 00:00:00'),
	('42244','BY6Gqvl','EI5474126','0000-00-00 00:00:00'),
	('44456','6oRJD64','785456985','0000-00-00 00:00:00'),
	('44725','SgwbsgO','123456','0000-00-00 00:00:00'),
	('46068','6oRJD64','785456985','0000-00-00 00:00:00'),
	('46830','UTBdhXa','452187','0000-00-00 00:00:00'),
	('47259','lt7qvOy','123456','0000-00-00 00:00:00'),
	('48480','7xwb3AR','EO547854','0000-00-00 00:00:00'),
	('49005','mRtOSqO','EE547554','0000-00-00 00:00:00'),
	('49039','sXgT6vl','EK54125','0000-00-00 00:00:00'),
	('49169','sXgT6vl','EI5474126','0000-00-00 00:00:00'),
	('4936','BY6Gqvl','EK5989654','0000-00-00 00:00:00'),
	('49370','mRtOSqO','EE547554','0000-00-00 00:00:00'),
	('4966','niZ8Quc','54878954','0000-00-00 00:00:00'),
	('50815','7xwb3AR','EO547854','0000-00-00 00:00:00'),
	('50856','jebUkna','ES5874521','0000-00-00 00:00:00'),
	('5156','sMJnuUc','54878954','0000-00-00 00:00:00'),
	('51722','bedkYsU','785456985','0000-00-00 00:00:00'),
	('53192','lZgPpWK','EK5989654','0000-00-00 00:00:00'),
	('53455','j876x1T','123456','0000-00-00 00:00:00'),
	('53993','sMJnuUc','452187','0000-00-00 00:00:00'),
	('5402','7xwb3AR','5214578','0000-00-00 00:00:00'),
	('54946','OInjVJe','EI5474126','0000-00-00 00:00:00'),
	('55019','jebUkna','ES5874521','0000-00-00 00:00:00'),
	('56091','j876x1T','123456','0000-00-00 00:00:00'),
	('56485','9BFIrwG','785456985','0000-00-00 00:00:00'),
	('57760','sMJnuUc','54878954','0000-00-00 00:00:00'),
	('58348','SgwbsgO','5214578','0000-00-00 00:00:00'),
	('58935','jebUkna','EI5474126','0000-00-00 00:00:00'),
	('59154','StMU1mi','ES5874521','0000-00-00 00:00:00'),
	('59235','sMJnuUc','123456','0000-00-00 00:00:00'),
	('59753','sXgT6vl','EE547554','0000-00-00 00:00:00'),
	('60076','SgwbsgO','452187','0000-00-00 00:00:00'),
	('60441','sXgT6vl','EI5474126','0000-00-00 00:00:00'),
	('60659','lZgPpWK','452187','0000-00-00 00:00:00'),
	('62026','UTBdhXa','ES5874521','0000-00-00 00:00:00'),
	('6225','6oRJD64','54878954','0000-00-00 00:00:00'),
	('63582','lt7qvOy','EK54125','0000-00-00 00:00:00'),
	('66940','mRtOSqO','EE547554','0000-00-00 00:00:00'),
	('6718','9BFIrwG','EO547854','0000-00-00 00:00:00'),
	('67352','j876x1T','785456985','0000-00-00 00:00:00'),
	('6824','7xwb3AR','123456','0000-00-00 00:00:00'),
	('6849','BY6Gqvl','ES5874521','0000-00-00 00:00:00'),
	('6855','mRtOSqO','EK5989654','0000-00-00 00:00:00'),
	('68644','7xwb3AR','ES5874521','0000-00-00 00:00:00'),
	('69871','9BFIrwG','452187','0000-00-00 00:00:00'),
	('7014','SgwbsgO','EK5989654','0000-00-00 00:00:00'),
	('70548','j8U9N8m','785456985','0000-00-00 00:00:00'),
	('71474','6oRJD64','785456985','0000-00-00 00:00:00'),
	('71648','6oRJD64','452187','0000-00-00 00:00:00'),
	('7185','SgwbsgO','EI5474126','0000-00-00 00:00:00'),
	('7221','lZgPpWK','EE547554','0000-00-00 00:00:00'),
	('72253','jebUkna','123456','0000-00-00 00:00:00'),
	('72423','UTBdhXa','EK54125','0000-00-00 00:00:00'),
	('72860','StMU1mi','EE547554','0000-00-00 00:00:00'),
	('73595','bedkYsU','5214578','0000-00-00 00:00:00'),
	('7395','OInjVJe','EI5474126','0000-00-00 00:00:00'),
	('74002','mRtOSqO','123456','0000-00-00 00:00:00'),
	('74162','7xwb3AR','EK5989654','0000-00-00 00:00:00'),
	('75590','7xwb3AR','EK54125','0000-00-00 00:00:00'),
	('76319','jebUkna','123456','0000-00-00 00:00:00'),
	('76393','6oRJD64','EK5989654','0000-00-00 00:00:00'),
	('76871','9BFIrwG','5214578','0000-00-00 00:00:00'),
	('76885','j876x1T','EI5474126','0000-00-00 00:00:00'),
	('78946','jebUkna','452187','0000-00-00 00:00:00'),
	('8014','jebUkna','EK5989654','0000-00-00 00:00:00'),
	('81418','OInjVJe','EK54125','0000-00-00 00:00:00'),
	('8162','OInjVJe','EK54125','0000-00-00 00:00:00'),
	('81639','6oRJD64','EK54125','0000-00-00 00:00:00'),
	('81776','lt7qvOy','EI5474126','0000-00-00 00:00:00'),
	('82556','niZ8Quc','EK5989654','0000-00-00 00:00:00'),
	('82790','zNWcRQ7','EK54125','0000-00-00 00:00:00'),
	('83516','UTBdhXa','123456','0000-00-00 00:00:00'),
	('83840','j876x1T','ES5874521','0000-00-00 00:00:00'),
	('84498','zNWcRQ7','5214578','0000-00-00 00:00:00'),
	('85024','sXgT6vl','785456985','0000-00-00 00:00:00'),
	('85260','BY6Gqvl','EO547854','0000-00-00 00:00:00'),
	('85384','j8U9N8m','785456985','0000-00-00 00:00:00'),
	('85618','BY6Gqvl','EE547554','0000-00-00 00:00:00'),
	('86126','sMJnuUc','54878954','0000-00-00 00:00:00'),
	('86667','9BFIrwG','EK5989654','0000-00-00 00:00:00'),
	('86670','bedkYsU','EK5989654','0000-00-00 00:00:00'),
	('87148','UTBdhXa','54878954','0000-00-00 00:00:00'),
	('89219','7xwb3AR','ES5874521','0000-00-00 00:00:00'),
	('89982','BY6Gqvl','452187','0000-00-00 00:00:00'),
	('90195','lt7qvOy','ES5874521','0000-00-00 00:00:00'),
	('90422','W2ogFjv','785456985','0000-00-00 00:00:00'),
	('90759','BY6Gqvl','EO547854','0000-00-00 00:00:00'),
	('90905','jebUkna','5214578','0000-00-00 00:00:00'),
	('91436','7xwb3AR','EI5474126','0000-00-00 00:00:00'),
	('91543','StMU1mi','5214578','0000-00-00 00:00:00'),
	('93563','sMJnuUc','EI5474126','0000-00-00 00:00:00'),
	('94016','BY6Gqvl','54878954','0000-00-00 00:00:00'),
	('94568','jebUkna','EO547854','0000-00-00 00:00:00'),
	('94827','OInjVJe','452187','0000-00-00 00:00:00'),
	('9571','6oRJD64','785456985','0000-00-00 00:00:00'),
	('9624','7xwb3AR','EO547854','0000-00-00 00:00:00'),
	('96495','StMU1mi','EO547854','0000-00-00 00:00:00'),
	('96742','sMJnuUc','ES5874521','0000-00-00 00:00:00'),
	('96805','SgwbsgO','EK54125','0000-00-00 00:00:00'),
	('97927','SgwbsgO','EE547554','0000-00-00 00:00:00'),
	('98163','BY6Gqvl','452187','0000-00-00 00:00:00'),
	('98660','j8U9N8m','EK5989654','0000-00-00 00:00:00'),
	('99380','OInjVJe','54878954','0000-00-00 00:00:00');

/*!40000 ALTER TABLE `Jizda` ENABLE KEYS */;
UNLOCK TABLES;


# Dump of table Jizdenka
# ------------------------------------------------------------

DROP TABLE IF EXISTS `Jizdenka`;

CREATE TABLE `Jizdenka` (
  `cislo` int(11) unsigned NOT NULL AUTO_INCREMENT,
  `cas` timestamp NULL DEFAULT NULL,
  `email` varchar(50) DEFAULT NULL,
  `linka` varchar(50) DEFAULT NULL,
  PRIMARY KEY (`cislo`)
) ENGINE=InnoDB DEFAULT CHARSET=utf8;

LOCK TABLES `Jizdenka` WRITE;
/*!40000 ALTER TABLE `Jizdenka` DISABLE KEYS */;

INSERT INTO `Jizdenka` (`cislo`, `cas`, `email`, `linka`)
VALUES
	(1,'0000-00-00 00:00:00','\\N','10903'),
	(2,'0000-00-00 00:00:00','\\N','75590'),
	(3,'0000-00-00 00:00:00','am2frChQvN','1346'),
	(4,'0000-00-00 00:00:00','\\N','49169'),
	(5,'0000-00-00 00:00:00','\\N','84498'),
	(6,'0000-00-00 00:00:00','\\N','49169'),
	(7,'0000-00-00 00:00:00','5Z3C1O8T2r','76319'),
	(8,'0000-00-00 00:00:00','\\N','63582'),
	(9,'0000-00-00 00:00:00','eHxCjXmn0z','57760'),
	(10,'0000-00-00 00:00:00','Bo95ROcjQ3','53455'),
	(11,'0000-00-00 00:00:00','SwE3OVQJne','74002'),
	(12,'0000-00-00 00:00:00','\\N','6718'),
	(13,'0000-00-00 00:00:00','nxcTN0hIeR','21456'),
	(14,'0000-00-00 00:00:00','\\N','76393'),
	(15,'0000-00-00 00:00:00','\\N','86670'),
	(16,'0000-00-00 00:00:00','\\N','6849'),
	(17,'0000-00-00 00:00:00','\\N','86670'),
	(18,'0000-00-00 00:00:00','\\N','7221'),
	(19,'0000-00-00 00:00:00','\\N','72423'),
	(20,'0000-00-00 00:00:00','\\N','12971'),
	(21,'0000-00-00 00:00:00','\\N','74162'),
	(22,'0000-00-00 00:00:00','nUosdKjMb6','58348'),
	(23,'0000-00-00 00:00:00','P6SnE9DiyY','49039'),
	(24,'0000-00-00 00:00:00','j18jZSEdrD','72253'),
	(25,'0000-00-00 00:00:00','KPpoKiAsRp','76319'),
	(26,'0000-00-00 00:00:00','\\N','42244'),
	(27,'0000-00-00 00:00:00','\\N','38932'),
	(28,'0000-00-00 00:00:00','\\N','10734'),
	(29,'0000-00-00 00:00:00','f7ERoY8SFm','83840'),
	(30,'0000-00-00 00:00:00','\\N','85618'),
	(31,'0000-00-00 00:00:00','\\N','6824'),
	(32,'0000-00-00 00:00:00','\\N','90759'),
	(33,'0000-00-00 00:00:00','y9j1GARVf9','72253'),
	(34,'0000-00-00 00:00:00','\\N','75590'),
	(35,'0000-00-00 00:00:00','E2PQ3J8BNa','90195'),
	(36,'0000-00-00 00:00:00','\\N','71648'),
	(37,'0000-00-00 00:00:00','2hJGGJqlia','27094'),
	(38,'0000-00-00 00:00:00','\\N','46830'),
	(39,'0000-00-00 00:00:00','\\N','72860'),
	(40,'0000-00-00 00:00:00','7G57LgpR5n','6718'),
	(41,'0000-00-00 00:00:00','\\N','56485'),
	(42,'0000-00-00 00:00:00','\\N','20462'),
	(43,'0000-00-00 00:00:00','vhFWPn6pj7','27595'),
	(44,'0000-00-00 00:00:00','\\N','72423'),
	(45,'0000-00-00 00:00:00','\\N','63582'),
	(46,'0000-00-00 00:00:00','\\N','11009'),
	(47,'0000-00-00 00:00:00','\\N','38932'),
	(48,'0000-00-00 00:00:00','9x5UB6Wr6t','70548'),
	(49,'0000-00-00 00:00:00','Sx8wPOv80J','38238'),
	(50,'0000-00-00 00:00:00','\\N','29095'),
	(51,'0000-00-00 00:00:00','XYIQbbFpas','90195'),
	(52,'0000-00-00 00:00:00','\\N','36595'),
	(53,'0000-00-00 00:00:00','OfWofD5kAp','98163'),
	(54,'0000-00-00 00:00:00','\\N','62026'),
	(55,'0000-00-00 00:00:00','\\N','10734'),
	(56,'0000-00-00 00:00:00','\\N','21674'),
	(57,'0000-00-00 00:00:00','\\N','36595'),
	(58,'0000-00-00 00:00:00','\\N','86670'),
	(59,'0000-00-00 00:00:00','\\N','38932'),
	(60,'0000-00-00 00:00:00','y9j1GARVf9','8014'),
	(61,'0000-00-00 00:00:00','\\N','59154'),
	(62,'0000-00-00 00:00:00','yerQtAfgia','23823'),
	(63,'0000-00-00 00:00:00','\\N','81639'),
	(64,'0000-00-00 00:00:00','XH9ALdfejE','13785'),
	(65,'0000-00-00 00:00:00','\\N','70548'),
	(66,'0000-00-00 00:00:00','\\N','40098'),
	(67,'0000-00-00 00:00:00','\\N','10903'),
	(68,'0000-00-00 00:00:00','Eq6USuVZ7e','32299'),
	(69,'0000-00-00 00:00:00','HSjE9M1gnk','60441'),
	(70,'0000-00-00 00:00:00','\\N','83840'),
	(71,'0000-00-00 00:00:00','GUjPs2Tvye','36238'),
	(72,'0000-00-00 00:00:00','\\N','58348'),
	(73,'0000-00-00 00:00:00','\\N','11009'),
	(74,'0000-00-00 00:00:00','\\N','1540'),
	(75,'0000-00-00 00:00:00','\\N','83840'),
	(76,'0000-00-00 00:00:00','\\N','94016'),
	(77,'0000-00-00 00:00:00','w8Br83vwQ1','94016'),
	(78,'0000-00-00 00:00:00','\\N','12971'),
	(79,'0000-00-00 00:00:00','\\N','12160'),
	(80,'0000-00-00 00:00:00','\\N','26636'),
	(81,'0000-00-00 00:00:00','pBvLIIwaVL','83516'),
	(82,'0000-00-00 00:00:00','\\N','63582'),
	(83,'0000-00-00 00:00:00','\\N','78946'),
	(84,'0000-00-00 00:00:00','\\N','87148'),
	(85,'0000-00-00 00:00:00','\\N','4936'),
	(86,'0000-00-00 00:00:00','E2PQ3J8BNa','94016'),
	(87,'0000-00-00 00:00:00','\\N','91543'),
	(88,'0000-00-00 00:00:00','\\N','44456'),
	(89,'0000-00-00 00:00:00','\\N','29949'),
	(90,'0000-00-00 00:00:00','\\N','7221'),
	(91,'0000-00-00 00:00:00','\\N','81776'),
	(92,'0000-00-00 00:00:00','\\N','12971'),
	(93,'0000-00-00 00:00:00','\\N','86667'),
	(94,'0000-00-00 00:00:00','\\N','36238'),
	(95,'0000-00-00 00:00:00','\\N','37965'),
	(96,'0000-00-00 00:00:00','\\N','26975'),
	(97,'0000-00-00 00:00:00','BTCbjWRw5s','85260'),
	(98,'0000-00-00 00:00:00','Q1IoOBMo3j','5156'),
	(99,'0000-00-00 00:00:00','7jSgLWZBLw','7185'),
	(100,'0000-00-00 00:00:00','\\N','70548'),
	(101,'0000-00-00 00:00:00','\\N','90759'),
	(102,'0000-00-00 00:00:00','N8lVrbFdel','6849'),
	(103,'0000-00-00 00:00:00','\\N','27094'),
	(104,'0000-00-00 00:00:00','\\N','35435'),
	(105,'0000-00-00 00:00:00','\\N','58935'),
	(106,'0000-00-00 00:00:00','\\N','78946'),
	(107,'0000-00-00 00:00:00','\\N','93563'),
	(108,'0000-00-00 00:00:00','\\N','90759'),
	(109,'0000-00-00 00:00:00','\\N','18216'),
	(110,'0000-00-00 00:00:00','aiFByXe7P7','10903'),
	(111,'0000-00-00 00:00:00','aiFByXe7P7','5402'),
	(112,'0000-00-00 00:00:00','\\N','16425'),
	(113,'0000-00-00 00:00:00','\\N','96805'),
	(114,'0000-00-00 00:00:00','\\N','76393'),
	(115,'0000-00-00 00:00:00','\\N','4936'),
	(116,'0000-00-00 00:00:00','\\N','49370'),
	(117,'0000-00-00 00:00:00','\\N','4966'),
	(118,'0000-00-00 00:00:00','wZBJELdO8p','98163'),
	(119,'0000-00-00 00:00:00','\\N','60441'),
	(120,'0000-00-00 00:00:00','\\N','26975'),
	(121,'0000-00-00 00:00:00','\\N','93563'),
	(122,'0000-00-00 00:00:00','zX4GE6ayeh','26314'),
	(123,'0000-00-00 00:00:00','\\N','58348'),
	(124,'0000-00-00 00:00:00','\\N','1540'),
	(125,'0000-00-00 00:00:00','\\N','21674'),
	(126,'0000-00-00 00:00:00','GQiociFBpd','11885'),
	(127,'0000-00-00 00:00:00','\\N','58348'),
	(128,'0000-00-00 00:00:00','\\N','40553'),
	(129,'0000-00-00 00:00:00','\\N','75590'),
	(130,'0000-00-00 00:00:00','PtoVvBPPVT','24068'),
	(131,'0000-00-00 00:00:00','n255cpsAby','9571'),
	(132,'0000-00-00 00:00:00','\\N','37965'),
	(133,'0000-00-00 00:00:00','\\N','90759'),
	(134,'0000-00-00 00:00:00','qUvAT2oywI','73595'),
	(135,'0000-00-00 00:00:00','\\N','82556'),
	(136,'0000-00-00 00:00:00','\\N','81639'),
	(137,'0000-00-00 00:00:00','\\N','29095'),
	(138,'0000-00-00 00:00:00','\\N','86667'),
	(139,'0000-00-00 00:00:00','\\N','28197'),
	(140,'0000-00-00 00:00:00','\\N','13785'),
	(141,'0000-00-00 00:00:00','\\N','4936'),
	(142,'0000-00-00 00:00:00','\\N','8162'),
	(143,'0000-00-00 00:00:00','gM8vZhb7Kp','42244'),
	(144,'0000-00-00 00:00:00','e89j0FtZUd','19939'),
	(145,'0000-00-00 00:00:00','\\N','55019'),
	(146,'0000-00-00 00:00:00','\\N','40831'),
	(147,'0000-00-00 00:00:00','\\N','72253'),
	(148,'0000-00-00 00:00:00','\\N','91543'),
	(149,'0000-00-00 00:00:00','\\N','73595'),
	(150,'0000-00-00 00:00:00','\\N','98163'),
	(151,'0000-00-00 00:00:00','\\N','29949'),
	(152,'0000-00-00 00:00:00','\\N','69871'),
	(153,'0000-00-00 00:00:00','\\N','96742'),
	(154,'0000-00-00 00:00:00','HDiktj9UkC','76319'),
	(155,'0000-00-00 00:00:00','hr3o6uOtoi','76871'),
	(156,'0000-00-00 00:00:00','\\N','40553'),
	(157,'0000-00-00 00:00:00','\\N','20462'),
	(158,'0000-00-00 00:00:00','\\N','91436'),
	(159,'0000-00-00 00:00:00','\\N','31847'),
	(160,'0000-00-00 00:00:00','\\N','11188'),
	(161,'0000-00-00 00:00:00','\\N','37083'),
	(162,'0000-00-00 00:00:00','\\N','89219'),
	(163,'0000-00-00 00:00:00','\\N','76871'),
	(164,'0000-00-00 00:00:00','0xLhyYfXQd','6225'),
	(165,'0000-00-00 00:00:00','\\N','81776'),
	(166,'0000-00-00 00:00:00','\\N','23311'),
	(167,'0000-00-00 00:00:00','\\N','28197'),
	(168,'0000-00-00 00:00:00','\\N','60441'),
	(169,'0000-00-00 00:00:00','TQhzwmhcR7','4936'),
	(170,'0000-00-00 00:00:00','\\N','24504'),
	(171,'0000-00-00 00:00:00','\\N','40831'),
	(172,'0000-00-00 00:00:00','\\N','76393'),
	(173,'0000-00-00 00:00:00','\\N','56485'),
	(174,'0000-00-00 00:00:00','cqbMkKWRJt','48480'),
	(175,'0000-00-00 00:00:00','\\N','72253'),
	(176,'0000-00-00 00:00:00','\\N','76871'),
	(177,'0000-00-00 00:00:00','\\N','85618'),
	(178,'0000-00-00 00:00:00','\\N','36238'),
	(179,'0000-00-00 00:00:00','\\N','93563'),
	(180,'0000-00-00 00:00:00','aiOnUCTM4t','28543'),
	(181,'0000-00-00 00:00:00','l7T9L69EhR','6849'),
	(182,'0000-00-00 00:00:00','\\N','81639'),
	(183,'0000-00-00 00:00:00','\\N','4966'),
	(184,'0000-00-00 00:00:00','\\N','85618'),
	(185,'0000-00-00 00:00:00','\\N','11188'),
	(186,'0000-00-00 00:00:00','\\N','68644'),
	(187,'0000-00-00 00:00:00','\\N','87148'),
	(188,'0000-00-00 00:00:00','inOVFpfs4N','33138'),
	(189,'0000-00-00 00:00:00','\\N','36595'),
	(190,'0000-00-00 00:00:00','\\N','16360'),
	(191,'0000-00-00 00:00:00','\\N','38932'),
	(192,'0000-00-00 00:00:00','\\N','46830'),
	(193,'0000-00-00 00:00:00','\\N','8014'),
	(194,'0000-00-00 00:00:00','8IlUJlqUoV','40553'),
	(195,'0000-00-00 00:00:00','\\N','85618'),
	(196,'0000-00-00 00:00:00','\\N','53455'),
	(197,'0000-00-00 00:00:00','\\N','44456'),
	(198,'0000-00-00 00:00:00','UcIRXl19DC','56485'),
	(199,'0000-00-00 00:00:00','\\N','6225'),
	(200,'0000-00-00 00:00:00','\\N','46068'),
	(201,'0000-00-00 00:00:00','\\N','90759'),
	(202,'0000-00-00 00:00:00','\\N','62026'),
	(203,'0000-00-00 00:00:00','\\N','58348'),
	(204,'0000-00-00 00:00:00','\\N','40831'),
	(205,'0000-00-00 00:00:00','\\N','56485'),
	(206,'0000-00-00 00:00:00','\\N','28543'),
	(207,'0000-00-00 00:00:00','\\N','16097'),
	(208,'0000-00-00 00:00:00','x4AeDbv2V5','21674'),
	(209,'0000-00-00 00:00:00','\\N','26636'),
	(210,'0000-00-00 00:00:00','\\N','49005'),
	(211,'0000-00-00 00:00:00','\\N','81418'),
	(212,'0000-00-00 00:00:00','\\N','83840'),
	(213,'0000-00-00 00:00:00','JBrrBKokWF','71648'),
	(214,'0000-00-00 00:00:00','VzY6g3bsse','7395'),
	(215,'0000-00-00 00:00:00','kkU6fDkDj6','24280'),
	(216,'0000-00-00 00:00:00','\\N','81639'),
	(217,'0000-00-00 00:00:00','\\N','339'),
	(218,'0000-00-00 00:00:00','\\N','1540'),
	(219,'0000-00-00 00:00:00','\\N','21168'),
	(220,'0000-00-00 00:00:00','\\N','29095'),
	(221,'0000-00-00 00:00:00','\\N','60441'),
	(222,'0000-00-00 00:00:00','8R7or96kPM','16097'),
	(223,'0000-00-00 00:00:00','\\N','27595'),
	(224,'0000-00-00 00:00:00','jN1D5nV7iy','76393'),
	(225,'0000-00-00 00:00:00','\\N','21674'),
	(226,'0000-00-00 00:00:00','\\N','31671'),
	(227,'0000-00-00 00:00:00','\\N','85618'),
	(228,'0000-00-00 00:00:00','\\N','35435'),
	(229,'0000-00-00 00:00:00','\\N','59753'),
	(230,'0000-00-00 00:00:00','\\N','74162'),
	(231,'0000-00-00 00:00:00','\\N','16360'),
	(232,'0000-00-00 00:00:00','\\N','44456'),
	(233,'0000-00-00 00:00:00','bjPx1FI4jU','98163'),
	(234,'0000-00-00 00:00:00','\\N','81639'),
	(235,'0000-00-00 00:00:00','qUvAT2oywI','28543'),
	(236,'0000-00-00 00:00:00','\\N','46068'),
	(237,'0000-00-00 00:00:00','XwsEjEifBL','75590'),
	(238,'0000-00-00 00:00:00','\\N','12744'),
	(239,'0000-00-00 00:00:00','\\N','67352'),
	(240,'0000-00-00 00:00:00','\\N','75590'),
	(241,'0000-00-00 00:00:00','gQZyfruJfr','90195'),
	(242,'0000-00-00 00:00:00','\\N','49005'),
	(243,'0000-00-00 00:00:00','\\N','58348'),
	(244,'0000-00-00 00:00:00','\\N','11878'),
	(245,'0000-00-00 00:00:00','\\N','7221'),
	(246,'0000-00-00 00:00:00','\\N','53993'),
	(247,'0000-00-00 00:00:00','\\N','4936'),
	(248,'0000-00-00 00:00:00','\\N','55019'),
	(249,'0000-00-00 00:00:00','\\N','29949'),
	(250,'0000-00-00 00:00:00','\\N','83840'),
	(251,'0000-00-00 00:00:00','\\N','60441'),
	(252,'0000-00-00 00:00:00','\\N','16097'),
	(253,'0000-00-00 00:00:00','\\N','96805'),
	(254,'0000-00-00 00:00:00','\\N','53192'),
	(255,'0000-00-00 00:00:00','GQEYXZGlLK','87148'),
	(256,'0000-00-00 00:00:00','\\N','54946'),
	(257,'0000-00-00 00:00:00','Lt89s71uUe','76871'),
	(258,'0000-00-00 00:00:00','5xqHpzjeVI','24761'),
	(259,'0000-00-00 00:00:00','\\N','81639'),
	(260,'0000-00-00 00:00:00','\\N','23823'),
	(261,'0000-00-00 00:00:00','9sxCKFvyKH','29095'),
	(262,'0000-00-00 00:00:00','\\N','5402'),
	(263,'0000-00-00 00:00:00','fvppTBFpbd','7221'),
	(264,'0000-00-00 00:00:00','\\N','21674'),
	(265,'0000-00-00 00:00:00','\\N','13785'),
	(266,'0000-00-00 00:00:00','\\N','49370'),
	(267,'0000-00-00 00:00:00','\\N','35435'),
	(268,'0000-00-00 00:00:00','\\N','7395'),
	(269,'0000-00-00 00:00:00','uDk20cvyX1','38932'),
	(270,'0000-00-00 00:00:00','\\N','38957'),
	(271,'0000-00-00 00:00:00','\\N','38932'),
	(272,'0000-00-00 00:00:00','\\N','6855'),
	(273,'0000-00-00 00:00:00','\\N','21168'),
	(274,'0000-00-00 00:00:00','B6uEBDUP65','12160'),
	(275,'0000-00-00 00:00:00','\\N','35435'),
	(276,'0000-00-00 00:00:00','\\N','26314'),
	(277,'0000-00-00 00:00:00','fkntVCSoP4','90759'),
	(278,'0000-00-00 00:00:00','\\N','44725'),
	(279,'0000-00-00 00:00:00','\\N','16097'),
	(280,'0000-00-00 00:00:00','\\N','85260'),
	(281,'0000-00-00 00:00:00','\\N','26975'),
	(282,'0000-00-00 00:00:00','JI4O7cFJnI','49039'),
	(283,'0000-00-00 00:00:00','\\N','53993'),
	(284,'0000-00-00 00:00:00','\\N','72253'),
	(285,'0000-00-00 00:00:00','\\N','57760'),
	(286,'0000-00-00 00:00:00','\\N','94568'),
	(287,'0000-00-00 00:00:00','\\N','8014'),
	(288,'0000-00-00 00:00:00','\\N','26975'),
	(289,'0000-00-00 00:00:00','\\N','20462'),
	(290,'0000-00-00 00:00:00','\\N','6718'),
	(291,'0000-00-00 00:00:00','sp0P8MYtwZ','31847'),
	(292,'0000-00-00 00:00:00','\\N','7185'),
	(293,'0000-00-00 00:00:00','\\N','81418'),
	(294,'0000-00-00 00:00:00','\\N','94016'),
	(295,'0000-00-00 00:00:00','\\N','86670'),
	(296,'0000-00-00 00:00:00','\\N','37965'),
	(297,'0000-00-00 00:00:00','\\N','72253'),
	(298,'0000-00-00 00:00:00','\\N','99380'),
	(299,'0000-00-00 00:00:00','XH9ALdfejE','49169'),
	(300,'0000-00-00 00:00:00','\\N','4936'),
	(301,'0000-00-00 00:00:00','\\N','81776'),
	(302,'0000-00-00 00:00:00','\\N','85618'),
	(303,'0000-00-00 00:00:00','5oFC2BlCD1','40831'),
	(304,'0000-00-00 00:00:00','\\N','55019'),
	(305,'0000-00-00 00:00:00','\\N','81639'),
	(306,'0000-00-00 00:00:00','\\N','90759'),
	(307,'0000-00-00 00:00:00','VoWAMYpbxC','53192'),
	(308,'0000-00-00 00:00:00','\\N','86126'),
	(309,'0000-00-00 00:00:00','\\N','30977'),
	(310,'0000-00-00 00:00:00','\\N','38932'),
	(311,'0000-00-00 00:00:00','4snfhlco6Q','91436'),
	(312,'0000-00-00 00:00:00','\\N','6225'),
	(313,'0000-00-00 00:00:00','4i8hFIsE1v','12971'),
	(314,'0000-00-00 00:00:00','\\N','23303'),
	(315,'0000-00-00 00:00:00','\\N','63582'),
	(316,'0000-00-00 00:00:00','\\N','7221'),
	(317,'0000-00-00 00:00:00','\\N','98163'),
	(318,'0000-00-00 00:00:00','\\N','11885'),
	(319,'0000-00-00 00:00:00','\\N','53192'),
	(320,'0000-00-00 00:00:00','\\N','16097'),
	(321,'0000-00-00 00:00:00','YXLHDq2i87','82790'),
	(322,'0000-00-00 00:00:00','\\N','16097'),
	(323,'0000-00-00 00:00:00','\\N','96805'),
	(324,'0000-00-00 00:00:00','\\N','9571'),
	(325,'0000-00-00 00:00:00','\\N','40831'),
	(326,'0000-00-00 00:00:00','\\N','98660'),
	(327,'0000-00-00 00:00:00','\\N','47259'),
	(328,'0000-00-00 00:00:00','\\N','82790'),
	(329,'0000-00-00 00:00:00','pknVM5Eoqt','68644'),
	(330,'0000-00-00 00:00:00','\\N','74002'),
	(331,'0000-00-00 00:00:00','\\N','1346'),
	(332,'0000-00-00 00:00:00','\\N','98660'),
	(333,'0000-00-00 00:00:00','\\N','57760'),
	(334,'0000-00-00 00:00:00','\\N','1540'),
	(335,'0000-00-00 00:00:00','pH0VpW9f9n','47259'),
	(336,'0000-00-00 00:00:00','bVLklUKyi8','83840'),
	(337,'0000-00-00 00:00:00','\\N','31847'),
	(338,'0000-00-00 00:00:00','\\N','27094'),
	(339,'0000-00-00 00:00:00','\\N','91543'),
	(340,'0000-00-00 00:00:00','QDEb6PB7uZ','76393'),
	(341,'0000-00-00 00:00:00','k6dTft518L','23311'),
	(342,'0000-00-00 00:00:00','\\N','16097'),
	(343,'0000-00-00 00:00:00','\\N','55019'),
	(344,'0000-00-00 00:00:00','NQRkqxXbxx','7221'),
	(345,'0000-00-00 00:00:00','Zdt7aAkYZB','96742'),
	(346,'0000-00-00 00:00:00','\\N','40098'),
	(347,'0000-00-00 00:00:00','\\N','56485'),
	(348,'0000-00-00 00:00:00','\\N','81418'),
	(349,'0000-00-00 00:00:00','\\N','70548'),
	(350,'0000-00-00 00:00:00','\\N','11188'),
	(351,'0000-00-00 00:00:00','\\N','34852'),
	(352,'0000-00-00 00:00:00','\\N','1346'),
	(353,'0000-00-00 00:00:00','\\N','90759'),
	(354,'0000-00-00 00:00:00','eHxCjXmn0z','1540'),
	(355,'0000-00-00 00:00:00','\\N','58348'),
	(356,'0000-00-00 00:00:00','\\N','96805'),
	(357,'0000-00-00 00:00:00','GiJwetXGnB','20462'),
	(358,'0000-00-00 00:00:00','hieZcPSYxj','8014'),
	(359,'0000-00-00 00:00:00','\\N','38957'),
	(360,'0000-00-00 00:00:00','Zf26S5MAgO','89982'),
	(361,'0000-00-00 00:00:00','\\N','7221'),
	(362,'0000-00-00 00:00:00','\\N','96805'),
	(363,'0000-00-00 00:00:00','PJAghoi9jM','6225'),
	(364,'0000-00-00 00:00:00','\\N','46068'),
	(365,'0000-00-00 00:00:00','\\N','85024'),
	(366,'0000-00-00 00:00:00','\\N','89982'),
	(367,'0000-00-00 00:00:00','\\N','49169'),
	(368,'0000-00-00 00:00:00','SssJVl1e6q','26975'),
	(369,'0000-00-00 00:00:00','\\N','49039'),
	(370,'0000-00-00 00:00:00','\\N','58348'),
	(371,'0000-00-00 00:00:00','\\N','75590'),
	(372,'0000-00-00 00:00:00','\\N','37083'),
	(373,'0000-00-00 00:00:00','\\N','81639'),
	(374,'0000-00-00 00:00:00','\\N','49370'),
	(375,'0000-00-00 00:00:00','\\N','85384'),
	(376,'0000-00-00 00:00:00','\\N','38932'),
	(377,'0000-00-00 00:00:00','\\N','16360'),
	(378,'0000-00-00 00:00:00','\\N','62026'),
	(379,'0000-00-00 00:00:00','\\N','66940'),
	(380,'0000-00-00 00:00:00','\\N','6225'),
	(381,'0000-00-00 00:00:00','\\N','36595'),
	(382,'0000-00-00 00:00:00','\\N','20462'),
	(383,'0000-00-00 00:00:00','\\N','93563'),
	(384,'0000-00-00 00:00:00','\\N','37965'),
	(385,'0000-00-00 00:00:00','\\N','76393'),
	(386,'0000-00-00 00:00:00','\\N','7221'),
	(387,'0000-00-00 00:00:00','\\N','94016'),
	(388,'0000-00-00 00:00:00','\\N','29949'),
	(389,'0000-00-00 00:00:00','\\N','86670'),
	(390,'0000-00-00 00:00:00','\\N','10903'),
	(391,'0000-00-00 00:00:00','\\N','44725'),
	(392,'0000-00-00 00:00:00','\\N','75590'),
	(393,'0000-00-00 00:00:00','\\N','31671'),
	(394,'0000-00-00 00:00:00','\\N','6718'),
	(395,'0000-00-00 00:00:00','\\N','6225'),
	(396,'0000-00-00 00:00:00','\\N','7185'),
	(397,'0000-00-00 00:00:00','KB5BiO3Pf4','23303'),
	(398,'0000-00-00 00:00:00','\\N','4936'),
	(399,'0000-00-00 00:00:00','\\N','76393'),
	(400,'0000-00-00 00:00:00','\\N','60441'),
	(401,'0000-00-00 00:00:00','\\N','30977');

/*!40000 ALTER TABLE `Jizdenka` ENABLE KEYS */;
UNLOCK TABLES;


# Dump of table Klient
# ------------------------------------------------------------

DROP TABLE IF EXISTS `Klient`;

CREATE TABLE `Klient` (
  `email` varchar(50) NOT NULL,
  `jmeno` varchar(50) NOT NULL DEFAULT '',
  `prijmeni` varchar(50) NOT NULL DEFAULT '',
  PRIMARY KEY (`email`)
) ENGINE=InnoDB DEFAULT CHARSET=utf8;

LOCK TABLES `Klient` WRITE;
/*!40000 ALTER TABLE `Klient` DISABLE KEYS */;

INSERT INTO `Klient` (`email`, `jmeno`, `prijmeni`)
VALUES
	('06AhTHW9Zx','2w2hphnZVCbJ2il2OeQa','NIiAGZqSowFxCHgC0hAU8KG0J3FGob'),
	('0IODZNWf2v','Ypiypfd7wkjryEGCiaGB','i8l34U6eZtvK8JUyopKRHr4odM2mc4'),
	('0OiXloMQfX','o2x8yLMb4amjZQKfAm44','Aqn3wSAQJfWZpY7umXRlsWjZKqRqSH'),
	('0qnnMlujiu','CEnLFeYL2uWGsiVUNoly','R7jaSaqtGBQ5aHlWIDZRa4AEOKorq7'),
	('0W9crfBqEo','DA7tMO4Px2xEGWnwFM2V','Y0TKmzel8MUrXy3KePJt1mPCinatFY'),
	('0xLhyYfXQd','OPeljIyCOIXpF4I73wSi','FoFqtIEGTHLQiILHJgvAdYgbS5J3Lg'),
	('12lUBxGSN4','Tx4GBWEZMwWyEf1r1FGg','NBQWs7ygJ4efVoo9CffkyLrhE2CYD6'),
	('12M3KP66l8','6aqDK63Pf6CpWHUgZeHW','ieHb6Rn6PH2IAdtLmiiF5QFQWkMebE'),
	('17nbn6Icw1','7OF1eDtfwwRXmkOcETxX','DtCJ6ficXxQEjJDuGwMkC7XRMle6TR'),
	('17v7Vc6vcO','QkbMtoDPhl4CC8LHAJcO','6yFq4YwjgurIx8fMB3SkdElcUCj49J'),
	('1AYnNaLhUn','BheQkphgX06n5jhWJ4r5','GJNQ1MIEqoKIg8wwl1x9Qa1wIZZZxG'),
	('1dQrf29QN7','alxul1Vnf4sjQirm5LCE','R6sgG7ggV0S4WLkoXRpNLCV2Ott7AF'),
	('1emfWzMpZq','eebyE8uLWU7Y9SyWyYBK','FdtyMvkmiBtFtPFNKqnflEquSEP5xU'),
	('1g6GkSxrlb','lw6fpB3YxjoGr95OZ5Mj','ytXJWXsSQ1GUWtTgmHXUsHozlnZ7lr'),
	('1gv1NK3XOO','1gzMpSG4SYUjwPZjttx0','ZADeL5cyRLrUBQwulslWSD2BWVOW2X'),
	('1hghU2illH','AG4yIdupBXhjTrWGanMQ','rExD4LAtv5oaMXsKElOwRittODKdlG'),
	('1hWvJJ1m88','Hfbgt4OyLNeivM7OYVHU','yodvUErEcinmTg9zPjUH7KSVDwRbIO'),
	('1LPxeDTfIQ','C5lqdB71B1SlZZa6sBxG','WovNfAWxbhVcduU0FIckAwPi7h719E'),
	('1PKkGr5aRg','wGBMjxL4KVqML5HryFlk','TwcK8WYUj2vGtBY6dPnuFKRgJu6hL2'),
	('1R6KstT2dy','ZW595wKoUHxSEaVjOz2U','wSgv2JNvmI32TfGjbSDvedDCD1ihni'),
	('1RNDyCs7Lu','Tlk4pv3JGNYQFbTm2FoS','WRsvoHQr8GGJ4gs9d90SFXQpRuY73D'),
	('1U79Mt6KVC','RTpNNmfPUvogLbz33yuq','D2hCHeFkDR7tHOtxsmNuO4Gvbsiy6H'),
	('1Upmsfg3H6','UEpnkvdyWxqJ7EByNL5j','AJ64tsutdHhSFvRXOJMhFvUVwyKFwc'),
	('1xiLK2gBxp','20CUegoTVhcy8VcZoC0j','ucZaHKBBMnajbFtzZiV0lmgUDHGinQ'),
	('1YGwwbrSeN','FPXsfmdU6da6ai9ySEEL','REK9ZRGRCDnGQxzyPiw8bIPC1NXjza'),
	('1YpOqan8ow','RiRnm5f5MDWnExViR4wm','8Qj6NbJCPUW3NA8eiThTEIirjOaQy4'),
	('1Z8IalVu6Z','9QxVRwGOVqyVjNcMV87Y','RlY7DTFns4SsechTHpu3wiTArKYtvc'),
	('1ZsUHmthkM','ZTxEF94qNJCnfZTDmmXy','VtgeErAJNH7GFrn5yrq9ZeKhYGbgyZ'),
	('271LSig2Fv','vD5yEj19TvSl5GQvf9Ky','OImvgK4hMd0A63CLCtnFuVTpE6kdcI'),
	('2AoybWk4kf','e7vZtWTJhwreabgWl5cc','6tPaChNifthhjjkwwcT9nIpzkbWG18'),
	('2c2E4V9cVF','XrRgrBnyTuYRGZ3zjkoE','N2tUkqaMnZyAE9XaajMryagrmumCQX'),
	('2cxuKqLvKz','jCrSk4mAn4ZjiCgGdfRV','Ze5q5apAMcVNlrX5RLaOd83JyrGh6h'),
	('2EaJHamvLx','ooOhpyo0n6WYYNon2G6w','rYbmQvDY4bmxbAjqCz7mXZeLKk4YAp'),
	('2F34s3EqKc','hmhoixRdXI4AvYdifot5','PKM5TdcS9M1Vk7FaNiSaqSttZ8cmDg'),
	('2GDf92NdEo','RhBDMqxcXXkNh0q2nJOq','Dd4h7G5S7Sc2uxRAbnHyqjkOIjqBGN'),
	('2hJGGJqlia','rJxdi7AwFbncpiVWgaZQ','SZUVQHg1ObQUZNwYXNlnhv5CKbXJDE'),
	('2Ibowbdjjf','47pmGy3CfU3Cbk4qtdgm','g5BXOeGblRuUYKrFZ6MriaZFDhkGa9'),
	('2imPA1w88W','bppat8wyLQ3Ir3xwZL5G','vm36x6yFFnQPnTep5IQBKpTtnip3td'),
	('2JjEK8djDL','cn3anUkYwwOy4cmBYyty','guPUXF5VeYFrM5QSa9WtGarAVFhlzy'),
	('2kY1YLjgiY','gggHa1NIJMshN8VemqxU','dLksKaGr9EC5Ak6uogrtRQdfD64MfJ'),
	('2Q9KOb2GrZ','XbDZQJ7YittBFQ7fwKvJ','SAs1NYdfYRMlZIbojQ6w7dp9DohZMp'),
	('2QYweXLSe6','QegV2FXOD24mKdsTCOO3','H8oARDMZvpGF1M9AWVVYIu1pRtB5hl'),
	('2SjCwZkHSy','a5th3gVC69aEZY6Tuucl','hsHa7sFxDLovZwF1sQJpVvs6r4cM0l'),
	('2SQY7XPKZT','fv59TrjShU4tjByD2nVR','5iHbgDU3Udys8yxuYhpLN7Q17ir3u6'),
	('2tR2DmSjKj','6wld4qcQHmLkBZwZHgH2','hjYP4MEylDOKsMF15Zo9ufOlwxjqf2'),
	('2vNwQeHRk6','6O7wCp2rqIFVqMliwbJw','gGrGiPGiiloSWj5d7SNawQrc87y9Na'),
	('2XRl8Uqg1F','wgVQ1UyjwTMgKUMGatIM','dgaJXcgQdgJwTpChm0tsd1tUZhStWQ'),
	('31qVcp1Q4U','t7XFgeNcAa1FT38RrDDQ','mpNZbsyvRrhzHKvD4yTXX9A1fnJdAP'),
	('32ItsA6UWH','oaahAU3cKdJm3dOQFnhb','JSIi1B37JG7r5anRBecGwP4ciX1PtC'),
	('32zumORO6A','iL59sBhpuxywKT6qVZlZ','TQNUSj5Fz5whaa35bhYkwGAMfFNasL'),
	('37j3fHLd2r','LkXY9FweD4AbI4czUAAP','lyswDCGebBcARosJOdgCOwEKhCvDL3'),
	('39CyEpHLc4','xTZbNEkJQs5tcwliXOMt','sGFuR1kMS7FhigAHARcPTTFUdub9HW'),
	('39lygtDbfc','aYcgM1T7E78Ry6rbfqpJ','iVjrRvMclOzSsYJgxWqsQVCtcOIJ2q'),
	('3b5KmBfLn1','x6lIfQtdm69vvgWgmers','sPdIFQwAwKx07S4KArWZiysRm5qtMT'),
	('3bKElrZuRo','bpyHjTd8ZdPkllBtxpMx','TZ7rIns5MGTIgt1VirDPD9OxfHb8y2'),
	('3Cpc7n6Eg6','zZSpMsnEKcaiUSdL9RZI','EDR3DUMu5fBmCYikfgTAYyxjUFx7BH'),
	('3Ebpxi1GPa','RoxXx9HQL9ogsBvhISIR','xCzxhiL8nTess2AqAZ2A1P2MRKAagc'),
	('3hYd6OWe7W','nrZAy4FkCbYU2qm11ZWm','T0yPxZeYdWk9DvfbwbsYDkjn6Ni5Rx'),
	('3kxFYHWgOC','UqwcExj4e9txyUbypFrg','mu7SuYlKTvVDdiod6glVAmvcQdzgsU'),
	('3lF6TU8eR6','vTn4LZSGDNuDEPFEO6nP','nsIMCST4ALS8J2wCij5YSNUACvfCuj'),
	('3m5wNuIwLL','Gla2LRQWaYtgD61Vumjc','QBn2CNXTtqxYjoZrjGgbhDmpV6xc8u'),
	('3of8wt1PXm','BoFfZykTPEJN6scyyhMM','KBLxEgwKWYv8qca7AElV7ooaH9VQS4'),
	('3qDqhJhVV3','aC1Di6wL9VlcdosmABI8','iKIbPXZWE0yPHGGCJcSiMiSAa8kxEY'),
	('3T5flj9XIG','mRLBVKDY7EiysXC0qTUa','94YxoLWn387Soa4Xy3UDCiqSVoymoW'),
	('3tcP4eeVEl','qbkRmGsxRKSwuI75NOp2','IKoTw5o7P5feClmX0mQyv9y6JUTXxX'),
	('3tI5CRMWuv','8LICq3XtfDvecg1dPmpj','28XC5has7Ue2i8asll8ZIOGV5hoWiI'),
	('3ufTrf0XSr','ONz9stCusMotS6lqJTSB','jL9WdM6LkCIsWA9YPCmC8mdyFZZsTs'),
	('3wECjEpG2S','1UAuBSMkVqUFLMMVmsPx','iOkxYZBha8Pmjwm71GN6qTiEweskhw'),
	('3xzRuLil62','ZRXUPfD9KUxcIFgTTA59','2ReoHFjPs3jjPa3WqZ1Y7AN7ODobQ5'),
	('4drAkcLfiG','6m3Mxtunj8ft40N7KAbN','ANUu4iVDbvF62LBaCyvOiCCkq8PULt'),
	('4fZnFQV9wc','WyiVogDT8PmtpQHtgjFq','BRqcnRpbKHNZcS2QLjX3dztraNadsJ'),
	('4i8hFIsE1v','gAQAmVunel44lijCDatm','dJcpOm8CG9h1byKj6bOJGEGQHblds9'),
	('4j3TtZ5mxy','6sByEkEvFpQ69Xndtqwu','J5VeQHbS9QE60G9JVblQQ7me4mRtuW'),
	('4KbHyFbGqM','ESrwUHYNNsJLYuD0yGhd','S941L8FB7AGyn5yqljK16ZcHsT5liu'),
	('4LgtwJIkxv','4plWiBTd8Lj4jwRfyjVt','CPnkmAOZOSuoa3agZjFN5Uru5sVsPY'),
	('4n4x4djFKy','pcPlFr8J8uLncpBJLLOa','PKLV8PNjpQKxNIRf7s9Rh4iBYxeHFP'),
	('4nSd3v2o3A','ZovbwLlRNlKg3EHRMY2K','cRT9P4LipEFOV1LodAeg9p0GHqCBwy'),
	('4O2n0SPJ7i','mDP2d9gRAelp2DuVXUCl','pIk1sXSvMMR8ZQ7FpJg4LLTYIW1ZOy'),
	('4okI0eyitf','jSFMKOJ13uChIXWSkrD1','xjnmh6TUScrWNkma9nYYXD59yld4BG'),
	('4pj2Zm4yhf','uRoTubZhw1GChiajT69N','KA7Mo0MuCnYvKKCRAb7iud3HVl7wuS'),
	('4snfhlco6Q','OQoHxReCUc2s6ZPwjBWs','zDiIAbIdVC2NrCd8N0ZJ2FEo4eP2Nj'),
	('4T4jUxj2YZ','DMvF1j7vCCL1VTTsKLbW','nq5lXsoDtYkpI0SZqp4s2jR5jMOWQR'),
	('4Tqd4y06ds','MairGlofo7qvPhLQauFC','9OMmml6fJqZiErxPOAMBunZNKqaZmp'),
	('4tZ6iQwExy','2W6AQi31AsBfw74x0ASw','bwHOCZVLJE4zKMRHLFoTZHcm1lcAEA'),
	('4ua29F5j3i','TEjgQ2B6OFaEo6mS2kXD','3Rx8pNb6japGcrZnAK4joYsyRgFsQR'),
	('4vqYI6rvfZ','8zNLuOxj1QFxTMnZhNMO','s86uty3NlOVWUnAi3Ta65e9B1TnCTb'),
	('51RVru7EmS','2hai8Cgl5mMPI2eNuH6O','7Afgw5SMhVIZafR9SKhDUCfbJGHL1F'),
	('51TC6ip920','oKZQ8ycfnQmYL6seE8lT','8FXr9AEsdgrveet34UCETkZEL8Bjhx'),
	('598ZCyopY4','SjklpwGeq264rglKQaX1','QIExKCzMNbMdgMEWn2vKoHktQqPPXV'),
	('5Ba4jjcHWv','KfrJm8SwDWkRTxdbatoQ','L4wpQKbWFJsUSabcHtnD7LTDqn5I9i'),
	('5CgVQ8NRRR','A6GdmtNUudn1XouSxWgs','q1IGgFgeuTNPN5YS1nysMsRPFN4eav'),
	('5FTNyVjYWW','0cyYt9aOHxltVdAHAoYB','HmpnSW7NhjejWBSESfXs0Ky4BpxPaN'),
	('5HBBPa5JPJ','Y1gQMILcXhbckZNnUmjr','6iXcmWRk3eMXtRNMGs5RLkkFJ613Nl'),
	('5hDf2FPntX','iyWQ1HBXlKi52098LiDK','K9InOkamWideWKymOHPlSTb5ghu67b'),
	('5Nn2ypNChw','Ur6JDBFjwBEQH1dDalq5','QgusWdRkTgQ1iYYxWeotD1omY1Ui8G'),
	('5oFC2BlCD1','WWN7mJr5NCOCPyvR7bNn','gQAnaCmSph8P6LEu2HMRYOh8xn1xHO'),
	('5qFvx11nDx','MySKoIvcibjESgPPps76','v1LvbbKi1iA5biylvlGWU2xaYokn1l'),
	('5rCcObbC2c','CEPEP1PkHKSkWjxTssVf','WP8NoFAI33sbsLyPg6qCln5nsYHKIG'),
	('5rdv5S8NrR','LBkwOqmKJhKZm69WFOp3','3pblXImcV5UseaoUtU9BPx29QcUYsk'),
	('5xjDR9GPvE','oWK7J7pP9iXqza5G5tqI','QXjpf3I3wAwtwKywLXemICnMBagKaQ'),
	('5xqHpzjeVI','tVHln9Lt1OoiIaeaRfC2','Qry0OIZtYM7jR7rh8EYJPdniLgcYHT'),
	('5Z3C1O8T2r','tpop17ZTNYH5yZ8hcpDg','27SZJeY4ZmBJmHDlodsUB9CRGENswq'),
	('5ZGPUJ6uc7','7iSYSVf7UCwGjzcpXxGE','TL0nBerbs5jGzerdhWR3CETafBBajJ'),
	('61PRK1y59Q','4GF6ZdOEr9vqCI93cdUb','iRhARiwgav3YIv1jzJ6NLIyL9SrXK6'),
	('62A1N889RM','ZXkLtb45wwd9xIb3ymrp','6NR1Twhr9RAvKHrPRcvW4Pwsu20QYy'),
	('62nZlXez4Y','WKtvPB3nVJTZNbF2ITvX','YBayLE3zTXwTXRJq85GPnGBSsMOHQ5'),
	('62WA8PXp4F','G5DVAHMIhRVapH742vYy','znPRVgYNKXPLfDTZhZfwcT7BvYCmSZ'),
	('69vWRS4OH6','fprd3G4hgpCcU53X6HJr','6Tr6pZA9kWTAY0oyD4dE9NFuwkYLLo'),
	('6ClVrLpMnx','zFTjrszo7tuEPfGv8EaT','3dA7IV4bkrTB5x7VB9YSmlK15irynN'),
	('6CVMiU9AO1','TUeFwxswtEDKInLZrRE0','5izicHWUE4gmySOXdhpOOWqVrAtiRp'),
	('6deNpmGKz9','Fms1FQ1vARdut6UFY3Xz','eQIaBv2Ca4VwFyb2h23HbHfovfC9UF'),
	('6EE1eqSCad','gWRXExDTNo1Cpn6BC5o2','XPkdc813Kl2S3wfgn3PTT5QPs8GvSp'),
	('6jV5pn9mTU','MyY6nsJ23gFPf7odTECw','bo2pe5wY2eldCC4Mhj62RiVxfoYfMr'),
	('6noJZG72TW','kRPE2MSE3vDLpPwTZfAX','oRuZOYRdrt55p8RfujhustlvE4hKhG'),
	('6opmcPbE7F','BeANcfaettBq5up4EI1A','hMurNoXti0onHJasKtIOIp4wlL5xzj'),
	('6qJ4w7N6ch','bpVKXk1B4quVqsqOY5C7','xAUnkFVHjmNnQ5gJtFPZEaJASDYZlP'),
	('6ZJl2JDqIG','L7lfiTHWdmVgr4cU5kkc','LPfHwkijiyRPj2QyQG5RvKf90J7p9i'),
	('78h2pWmqMH','XaLSdv46saczRxCfZC4R','XhvRLEPeDdeg5IVsAOaiqgdaWp9UXl'),
	('7aPBNgx3JS','SVJ3B7a90HYCXHTW8U8V','9Q2la8PE5LxMyjuKj9GA2XeL8WoFi6'),
	('7CnCw5I0Ra','wwdmWO5xWfpQmQwXm9RH','aWN9eh26sM8kRyyo7ybQZiS7Ueehwc'),
	('7G57LgpR5n','lhvCCYbT4bBHSKmp4ctu','Du6bCnuET9rIa7SPitGo8ojExC9mqU'),
	('7jSgLWZBLw','H4nL8D4LA8cWyQQBeOrB','DG4RNNwMTxtLVT1KXMOcX65yqLaUob'),
	('7jVyhEHi2k','RImKvmyNJDl3E7B8kmZs','QR6OUhFLMzF9gfdXUIWBilRaaPPiwM'),
	('7k7QOHd6aO','j1HhGZzSic0tSuNJHBgT','W7pOsRRGsbutPpus8LNb6sqqKfXwL3'),
	('7njyTW8Mxu','rZpPijs2yGrjKCoZq4Op','JcaYMCgv8WYP1IKjCLOD6BjaHEXYli'),
	('7Pr9PielvX','JqO2rEIkFRIpiyfiUeLN','h6aO2x2HVfevf8WRLn52MywYY1jQhX'),
	('7prVFIPI4x','wU4p0upBvI3QOkDk2F3H','uGOCg6CAmLo3J9JGIa6AJdaCVjsFgn'),
	('7tRPJnaUud','LGxX6BBuFWLZOzm286cg','VyDsi69DFRxvkulatf5MY6LnvQS6iC'),
	('7Wsb2fQqwv','krsG3evOqNpzqE2N1jRG','DN0JLCqPT1lpXtWAdHWqoIrOdNP3Ky'),
	('80px30MUP0','ywry7MX3o5DGcJO4eqDK','p0AGnf8gBBaWaV7EUjUzRVHtLPaqsL'),
	('84QcWQVUhg','S0EHH3xQzbH3vjFdpyvm','prJfui4fcBADXhR8wfnZLZsy94gLMu'),
	('866KPpYEJW','QMwZ7k8xh8pOjgjY73fw','0Zso8bLQNomZq9cjhAWLuNO1tL3gsm'),
	('8axB0Wo7G7','1VZoarASTSqtb3GZHubv','MBfZ2fdUnrZmOE5rWdGEfblQJTJKgF'),
	('8iBHOip7wa','vZ4Qui5hF0pVumvtyAcF','qE5VbSXo7H6OlE3kix98QeA9FOucte'),
	('8IlUJlqUoV','tAgKpdfWhf5Kdv7skIeZ','p7N1115Yx7y5PhPe06a8buUpADWXP9'),
	('8R7or96kPM','XI7TnaeCK3cGnEPk92Tb','qBdf8OrkSpBrkNA1Fn2An8Kj3fac9S'),
	('8XQ82VAEB3','uGly3Mjov3bKAeAv7zBY','3ZqLhn2JZxYK14vaRDxEFdB57axglQ'),
	('8yJDsZdosQ','HVQEHf72RnKWfmdnIlW6','hxFHwvSZkzwv1PoY8xeJhuIHTt8w5g'),
	('8YyyzvdK2b','aahFLhLPUVP84jdiRQH1','5B9BdKLQbAKi7qoiKK6JW632qorPRz'),
	('8z5TLadeEJ','2OzvzMEgOxh3isCQIEWu','qEbJYcs2ZMrL1hyAKt3LDTydu3Pjah'),
	('8Zo1baRUQv','eaC2g6UvxhXF5KPg7D9Z','Ob58dY4SH8kj8d8lDwD8rbecjPpSYd'),
	('95T9k30aOU','qgPPD5tJqsRR2FPHaDBd','5LIUvGs4hlW1NUhiO5WE9VzHv7NyvJ'),
	('9B6jeijMSC','ulBKuY19A15QMZGl5P56','Uo92fJmX8EfQ8URyvBXKxR9Lgsm9p7'),
	('9IFgLp6D39','9U53gYpUrAaMMJOrQW7o','BTWEAlaXXkBF1JetfbEoH9qA6hlR3a'),
	('9IYdowEmNb','n5FdEFun1GSoCtHAFkdE','iDhTfIcgsb51jJpyGrl5glsCEblXih'),
	('9jptZRHT62','iNPAjY5D8u3rAvvKNyuh','MRLnftBy4kAHEPT4LaX9aX0eGMxesO'),
	('9QAtY2sPCj','9rhwSX8GQAiwBjK1HpPn','VZ1R5f7KhI18yEOnPJAHOUOWzdTFFw'),
	('9sxCKFvyKH','l0AVUYQGGGdiGpkW6Fat','9skuMNot6tFcPkPOnNK8kFp7C1ir7w'),
	('9TArv4ULCf','sazlSiJxBBehAKqAMMei','Xnn6mNYkN2XXtpRCQByLM9Mlj5pusB'),
	('9TO3lj44TU','RVQnvPwdUJ2wSBZtArKm','EigbNqdxvBLq6FwYZRr15iCB8RbpRH'),
	('9U1OXeLNGO','BU3vu6DKep4HC4boOBYP','m6M5G71e3e3LrcV2CXr6WYgpmqE1G1'),
	('9Um8LZkMlf','U4gVGUXhOhjHHaIoPoGS','UXvbUqQrXXX77qQVXMRZrxKrD8Hrlv'),
	('9v6VriBZr4','VicUbpdcNY3KF2WI5eq9','r4osMF78Pt3vF6UOzzqmd46kLKuqqK'),
	('9x5UB6Wr6t','6hqzZjJB6jkhHAZXMg3q','7ABAZ6YXiv2QBX78kNz6l5fQNQygd1'),
	('a92epA626b','gEVPx5M3OvrXjbAQBql8','V2RGy7hrAGcZMmd3OWG67F1hP5qAa2'),
	('A9BUYqFyUt','H3YW4snwVqhe6UxHgUiV','XCcy7iLJb249HARm96XAywFUFv0bJs'),
	('aB72QOUCBh','kcySKHdkBOqAqY4kdF1t','j7NrrwYKgcUApETANVDehgryJKshgJ'),
	('ABX7VCTJ3s','ckciCBLoVgrTLbx20BO5','YEzjdc63q6HFUHBIFijCuvNcnn0tX5'),
	('ADvgZpPEAq','YSDZrjKI0qDzCYYulHh2','BiqBtXDMwrQ1A518equWJNNv99Q9me'),
	('AF2eC9UutG','QRB21OS3UWpPNVxe73Bt','VMr0HybAZTXlRInF7AbWSIQL3wPDTg'),
	('AGkCD1QD5H','QqRaGMz5PgevkOCsTblu','bia1ubeP0XGwEYp8GkbdLDMILtCxAH'),
	('agnZStMtaI','5hkqIPJgmqz9eXhNd96N','TZOhLGq9jDd4APjstpySj2ITjQaknB'),
	('aGs2omKyVq','KfWEWMYfBF2OgcYG3goC','oAR3qkESR3UDwuszJodgWjfbtFXPu5'),
	('AHkJTEBH7R','8r0UNAiVxAFaTLjXDUSw','glH3yp8I8y7pg3Y3qBGsFEYkz6gtRW'),
	('aiFByXe7P7','xWjpNpdEga1S6ZFx6RQj','JOtVvaldcfeXEleLPhmfAY6PHSrkOV'),
	('aiOnUCTM4t','o79FyuDlyWOGzC8o7aO7','2Pdy6Sv2OtBSajOdv6u8vGDhYKrMI2'),
	('aKghcGPMGm','QEDcbL7UUdeJZSvxflCb','P5CvMFnjajRyriI7wgH2rhVKmxBVli'),
	('aKHU8y2yGB','T8WQz3Vuj2vsGuYNi3KG','JQhJeDWCQLnA32JKNZRGmobaNvAS5S'),
	('AljhnFb3SL','otLixKr3ojr05h53GmRB','pdByQhRYStYEvx7xtizIkZU9qp2fFH'),
	('AlU3DYrQGc','fmPlqHV7lq8csKeuTS5c','3vX9IOANMXjF8t6KxGL8ZoemWet3bv'),
	('am2frChQvN','hyGOtqJDAmnGatvT4XPP','KiL6urutnaU9wWwLKBkvPYprMVBo8L'),
	('angkHYrBWD','fA4iPyON3t9PI3Osn9mV','eeK38oUtLnNdWgPFPZaXrMwOynfGPB'),
	('ankNSb1Xf7','Lrq16XtqGUwDfvF5jV5e','WMRjKhALlJgyokLIMbVxh2Zr6VF48p'),
	('ApM6poky3A','Yl1jTx8mvHKsBmj9pCaz','zkdVve15sXlphf4LicnCTEtApZE0xJ'),
	('APssuhxpeE','sXQnADtpxuMty8MSjOuo','85IBEDOrUELlUYmmpxNoNT1NPeotCf'),
	('aQeSg1UQSx','5oA8wL4AaWFeucL3Zsfm','Ox2I56unD3VHTHY4AWNhCZDRknOndC'),
	('ArFUrYnSRG','EjsxMVL3JHPB5ty6rVSq','usk2DYA4YXmaqGakEwtV0s2tk47YVx'),
	('aRIXWoMiBu','ZNRzeCTHXMWtbuRyf3MB','YLQEvx1kUbEDv7MDpKPdgerWpzyVfd'),
	('ARK4OOWmIn','gNrKG1Tg3qEqkN1biiiC','DmHOWooedgoZ6cGdjfaDo19HGnufR5'),
	('At6mHBuFh7','VWJTK79hP4rytgAQDX8S','5V35WRMuNLFoP5LKpEPOmrQ7pUqd6g'),
	('auiSah7pWZ','qxvqfDIWtqlcmYNfeQWO','e8VePf3QTXbQCW0DhfR5b2kRmPqn91'),
	('AUNdS4Cs2V','J8dL4E1i8KN129FumVYj','kVjU46jCsKRyCqNLcNL6FLd1CKiSQW'),
	('aUPKI3tJXs','ATunSXx9ILvEf12Y06t5','QerssVUamo1VSx5GBNxvUwDwOZtDAb'),
	('AvKws3nJFk','szeoPgUUBc1LktJSb8BU','IUyg3vifDkmv3D31qxYqF2UV7q6Y3Y'),
	('AwoKe5TEfh','5HLRtpVWS7Mb969foMBB','MmFkpfNX5P2FPyvu2LlWl6PSq79rcA'),
	('Ax6pLccCDE','FMf74vobNs7CpdhFWPYi','uFvKb4F1qZgAMKGhWEebveg2rZby7W'),
	('ayKv5EYFlJ','lk6WgoodMBVhch9HGsNE','vAoewCoPgr4EJtNFL6af8AuXVBD2go'),
	('AysQ092UJJ','3RuNFgMcBsDKgZBpcpSL','qEmFtEjN1g3esGVQb18MEoySvPv7m8'),
	('B1brq5aRvO','8Mg54aLjU2PTLTV87mn0','dMCw9SGQbFP8YRDEmrrAQ9Ji7nKpNK'),
	('B1tK156QNS','kSEm9L8HIZaXuEDSZB8s','YHj74ZqjlhedggmdpOWulOhCR3l1Sa'),
	('b2MuOlbi8h','Ga8Uyd3yfeJzjOKyl1v7','whvr1IGueJ6FI2RTmGxbb1xi9aDcdL'),
	('b5dYTXwSoy','1WcK4G6ztXS1BprAnyDq','qjt2lHhupfMkZOLFPMW7BvDfWQbkFG'),
	('B5yhCVeatx','8MadgPEbfvQG8wJCWNkE','SRuGxpsVGPXZasAvN5RELlLmOOGrXs'),
	('b68JAax1qJ','I9fiYvYBLforyplQc9x5','tsxbLuMj6Fe3hk5h0xwTL1HNVBwHsC'),
	('B6uEBDUP65','m7mJMmY53KHjqruTWAVq','IxSsFTH66cuxMbiqzjD9Yx8pXXVHSq'),
	('b71K8SUEaC','Btv5eEdXu4Ct9P1NXW3h','U8RQOkl9NvtUQm99QByFN6CwGBHgn1'),
	('B9wf9DRojg','nfP6OzMbKnQfJZxAmxaI','8eUxuLZJdTHWduiPaVReClafVYltWI'),
	('bCw6i22amJ','rI56HLcLtRPHa45BmvJl','KxJrzNmJuokLBWq8UpAdKLLmS5Vk7A'),
	('Bcz6ugZrUr','Fkm96lSdhfoMgfHsWLSp','xCaThxGm7YOW90jqpg80dsYGbVWFu6'),
	('bDncevnVj3','FecLomyraaeEelEkEvkn','FGFRlJ43dmNl3Sr4mgy6IcOm0PH6Jg'),
	('BDWtiBe0KK','cO5gZ4NGdSOtp9rXVVD9','kq3dcP5XxIgCwtZAf1McVRmrACV3mJ'),
	('bFgNA7QdhY','MypefZcoJCRcP5Bmgqyb','bqadgHOevJMn0jYB7I3kniiGr76FGf'),
	('BFhJd6Obl9','xWu97XJ9bbQTDeYroapI','Rswdldo2rXfOrqmZvySJ9LsMnVDOeD'),
	('BgJ4kYzgOW','eeTjORymXHpF8GGoQejn','muoq4U5F0VLkFhU5cRX6BIj5qpbuZZ'),
	('bhnGTRRhQP','sxrIHyFJmytgdhRkF1eh','vQZRMKJxnVeOyu6M4sn4OLy2vsfDtU'),
	('BiGHfSGdPb','fSqKmE8xTYzskHAf2HBd','vussl9x1LU4p4XhswAl3ryWKNhok2i'),
	('bIJpCwPREd','Wq7MXI8Y4PVjtFgAHKwC','31xLOU9WsdkljZtkM4xwGUfSvGe4fP'),
	('BISEiUWGwM','Fc6TrXaDAGb8rbp0Iieq','QTylAPk2iftFtL4Uaig8vTkuibvKpt'),
	('bjPx1FI4jU','ta33E1tsCumn9Hqespg8','uFyDBGODlh4s2kbVIJ8OqtfPVC791a'),
	('BKe5OLYnjW','el2Z1w8JnwXtMohk1jrv','IPalTcLlFx6V1dUkIx9OCmOgvJiUnb'),
	('bkoiNGGhhR','dDZ11wT7a79qdr3guGgJ','Dth1OgYGdZJgpEXhk3vqTKkfaqkDTE'),
	('Bo95ROcjQ3','P4DsGkLXkJNuiWQst1wp','nlg8Kux2y6oK5qYEEfw5DlBgk8S4fa'),
	('BOh2evhaVI','JqJMwoRYlow499qZtkts','kohcttBUaQ42PdXUfypJFRG3N1KiuY'),
	('Bqoj25AiDH','ko9mi9Wxfp2JBKTBdLSQ','E8iAj681TBBpnRA1BuLLqVkHXy90Q1'),
	('BqSAEVW1XW','VN8ExPY4OpkdEPJ1h6zq','wcxSSskC49aTB5hBhllriAyaNYUqXo'),
	('Bs6V8rjCFC','MnyBmXqHyAo9BBVvuXE5','h7WUey5j5d6RVz5RdWYp8z5fTJ6QHW'),
	('BTCbjWRw5s','ocaI1CWyJ5iEEvnlM3yO','PbPhKog3ui3XYxTFHFBqjhb4hQmrUc'),
	('bTET2m8q6G','36cNWgCeEZTeFbG7XrkH','6MMYYLbfRiUFxJ3u45iCGnBxku9YXA'),
	('Bu1HaS3ECE','cQWvhkVlHhYcY5gDYQcr','Kch2pZBwXWDatDXqooYdYL99BqHukC'),
	('bvlARVQ3Mr','jwDkJ1TPi7Sot6Df1OFK','Ge5lI6VS9cKn7I7WipabL1gHLPEhpa'),
	('bVLklUKyi8','TvubIQgJgVFFh1lPnq03','EyBXjLQU9rWAUaTjx6MMawxbeRy1wx'),
	('BxCI29Kqx3','3dSUbZhdvEm5xa62xRtl','CeZqYCKpMQZflrxJprYhjdCLSoplR4'),
	('BzkQBZh87c','Il6oKCMdC3RD4OHuNl86','eh9BWBDGduhA12lUBpJFsWCKL3BPxS'),
	('C28tBOh7Gs','jvcVx2v0ee6vDZOS2EbK','7S6tb7VLwok6OGTilGFg7nvrEVnv6x'),
	('C72CELJq5t','pfG7ePRSXbIwYv5ja3Qx','FHJxdUZzzqjm5RKlKLmO0xDGnSGrJu'),
	('C9QxHZYI4c','W1b2o1u5gaWB9FDvoVkB','FoYql2lH7QgpHY5mBZaeDuaB3AhvwC'),
	('CAd9HNjV5f','7qkl6G7Io8KU10cqjl8p','8RruL3cy6cdCASlWGvMJJTvGGRepe3'),
	('cB6fSC7CLC','pBVGZCq6TpahH3w4LgzZ','dXvPLDlfy7mQt4TumF3xyGWmaV2k0J'),
	('CFFLxyoVen','I3ZwlKnUGINaKWp0f2h5','hiiaSyI7uRwIuYfoxDqWcMMnzdJ9VL'),
	('CG1JQtJ3gA','wKtp7ttlRgJSwKoOLoJK','Gej6PwbkTmJOgLJ1WW4jGC4uoi3ZAq'),
	('CGwtDO3FTF','ECgPLyIGYkNctwGxwLRW','RGjQYMWfy1xQnlZXt2eBI8jfRu86o8'),
	('CGYcLeolJj','CQitewUADByFRbNId8ha','uTHr7UqWdX2NY09Ty8pgCP9nd2Lck6'),
	('cIheCSVlYd','W5UoSnUI6gN561nZupKi','TDJ4x59DcvcJPwQDzD4yowmUmxcdsM'),
	('cjfEoDfgue','OTTE5EGBtkrsIQcFhhwq','zPq73kAD7LJR5r71bM63INkndne4Zx'),
	('cjQSTYUKKY','gc3KWts3vFStu5nqaF1N','UJ6H6Sw406RoDjy1wisMW5L8wWTmFK'),
	('CknD2C4In4','7dT7dBroaCz4nUynUX6v','iPxjoDrvSpL7xrcei96CUIAG4jJqHi'),
	('cm9wgDOou2','n7NQIUSmEb8Mg1t7Fk2T','d0W6DrY5yiBYVKGAk5SZHHWcHqxqaG'),
	('cmKTKmqspB','6qlDNCMVjwV1onz7UHPB','uHMeEhTBRZljEABrjEJxXMbt5KZTcn'),
	('Cmv62YT0PV','CDfz0AeRKoRocePrGm3W','T24edrM4VIhLqktMPjEcWWXjD1LN8P'),
	('COWs9si8JO','BkD9cVMMROlPGyi3MQeS','HTXKHLUqEXXAin3Bsp6W3dVDN3xYNm'),
	('Cp7R0S2mKt','zFxEqdYnyeljFa3Ney4A','BGYIj5Xw36HHxV3EfcTDKiUreI0LDS'),
	('CPnQCNbNbo','MAoJg1D6PpMdZz2NnOn6','2Sqdm1llBk5OelVci6ovVo0P2Uv5fS'),
	('CpZtgDGE6x','cbuCxM2ZoHD2O7g59Kz2','UwiwyeeukdRORl9UGQ8qV2y3CqWCxn'),
	('cqbMkKWRJt','XbyfO11B68kLiLJ44DWx','djYjuSTrvaqdZNeFxJJlHmL5EfMgfC'),
	('cSDiNOcSBD','cKSGmJ8w91g1HBRYe4sI','eIVeEYFpXQd2kmOJ9T5BZ8lWGVd8DN'),
	('CsLMtRlHCk','PN3FclbpxLV9PUcf8iED','kPkds24oWbZcrotB3mRYIhcuAYNC5t'),
	('Ct4XYWFblr','p2RpadJcLTHHrL1BYck1','s3TBRmW9fi2d2hYjJiZktLBj3eIssD'),
	('cTIlw286dg','FgmqPVPCkfwigFCW23ut','UvtkqQsmAt2h5n1FLX43FDr4dPcD3t'),
	('CxYMSMSQCA','EcyjGM3hRqweDWFg153o','OIqUug96xrwx9auhaDvSiiDoiK8u4d'),
	('CZTr5cu40m','DTD1ytm9se59Gi4o4aTt','hVonxwu52vshfFOqplxH6Y7X8AqvLW'),
	('D1LiBI07WQ','eANPFOmOWvM2momRiTgz','d8DkF2bkJeOC1xfB9P0KWtNbICL9Py'),
	('d38lqUwnaN','zuBUWBiXJL6Qk37XpDcE','dUKiCqYseS9D3GoKdGklTp5Jk7xl3Q'),
	('D6tjhlj4sj','GJpsuyrzQazmNUXfP3In','I5v0Evg9UDylcS3PXEegelJKK68ot9'),
	('D6WGo5GryB','V8kHqAoiwna5mfVLjDjk','7P9CfNkWdEhR6VJJLMstUbM1dbNJVm'),
	('D8RjqDeuwv','GNLdkcplXrq8AL1rqsuB','7IjxkC1E3cMdNzFlDuuyIY9W9IgeY7'),
	('DAmOjPLXaY','NxYRDBtMMhkncloZ97LX','xcnnB7Q9NMTmDxZlIvwMk4tqasSvGa'),
	('dBDEchCejd','XALmHaMGym575IpxO4y6','nfzcAE5N2q0xBzK1pg4uoKfQLTFoGk'),
	('dbNEDjPPb7','4fDX13u6rssxo6Ecl95R','kpesc3VIosh3GStfWpNEeo64k6eOAx'),
	('dBphqpYkQ5','9cfbVbjIWWN71p7MXyNd','QZC4buGPj7qgb4cg8svUwivyQbnuOB'),
	('dd6doYgGSD','ZA5lf6MC8bFokdFNCJO0','vNr9fIIn9Cxmg4OGM4FvKkoGsGVDc6'),
	('DdmmE3VVAb','Tkgu1ijL57I9RYD1f1sa','MtrBTpJoknrHFlZpCwx62xQZ8r37rl'),
	('dElcP1jTyd','i6bfPfl9dsWtSsXE2XNT','d3uCrGNAmZuRsCwoXO5FMdT7OUfqSS'),
	('DF0QRm91wx','FRF1cb2FKnIWzfg9V4JZ','VDzEP9MRxFBqMR3tgU6ONGT37E3KBz'),
	('DfdOTOK3WC','VwU1FMoWfMBgRyG6wjiD','V91gmjA0cqjNjCy8FOkwHIs5pfymPX'),
	('dFTSYmZ7hA','moAjsmaXTgSakfXrbCsE','jJSggR8KGBIyYhiUnFineiT0OgqNYC'),
	('dgeDwmxUoO','fbBLY7QeR3OBXn7S9GDw','qFlRq6gOS9CHm3Ms0h5uDxkjaKNnnS'),
	('DGnJDpjRe1','8FfKUl7sld5tnER6GS21','lWXf3EvyECFTVntAmQHLDZPvjSgSkW'),
	('DgWbhypUZB','v2YMsZ5YxxNAK4KZbdGf','aBy0Sf49oX9l3MrWIPdNIjm561db8L'),
	('DHFuEsG3mp','anncWJRwPqXtUmtruSpR','D1InNWAj2belEJsHinaoP2oykx6vwb'),
	('DJCSaV5hXB','zAqHZ7bIWy5u6Cv7InXy','KTV6aOjQ3Bocfydn2DNUIqeTTxc7mV'),
	('DKbSXnDWwM','oEGbcwn7KoEM06UuJ0Mv','uLgIdqonbkdOZ3HSVc9JOJR24csRAk'),
	('dkLFfckBdi','LXjCuwNUncOtR51SaN5Q','aHhPs26vagPdbs8gr1YtryCNEcmfZn'),
	('dkuWuOWjMR','8hSssvXSYoZpbMxVWfi3','iMREewnggjYkhHfzxP9pwTIgNoeorZ'),
	('dLb3sk2Hzq','8mPptDvwEggDKZIEbneP','U8RSFPZmFcMZxhqrKKgZoS9P1lEswo'),
	('dlPJQ6tHwV','jFRBQxFtK9x8vs2bcA2y','0nQdx77eQe6bCDhKdfhkU2ReWeTuod'),
	('dMC546F7Xq','YgFdMpgNVQv997CT3FyG','pPVeSkBoyYYTC9sKGXDs8wjxFNQZDS'),
	('DmTJP9V7Fl','lMFRksraQNrehkMzhHEZ','X7Xfx5riXKLOl1KyoOneAHLYTvxsug'),
	('DnAosiSkhl','Prw4xreqXnK9SRDmX6eJ','F28SdIoaXOAsGdVJdY1C6JMESSWRPn'),
	('DnpyYxT6dR','E3yKXVqEQywhoi04eOmo','yYWK5LpY3RSSjC4NX5YAMrgXfp3W5Y'),
	('DOW3LFLFY9','V4rnjBWOs2AxHARPGEgx','UODfFyOT9hwjhXlYeEG3tRYeC3JZWp'),
	('DP52hpq6J2','Fc5LGXCRykqNoKQQE8HF','AiTqNxObDNEymimKRrKRdoFLVJVArY'),
	('dP5xT1KLAI','RN2qW6ZDVelsWuH7vSDu','yBZZfRw3OVbKWxEJurqvXbCPL8KVIn'),
	('dQaYACC4Bx','LsvJBwkvHOCf0Rz1wBmy','toR2T2gXu8AaRbQ8l5jfk8jjmeflIT'),
	('DqGaicYBcL','uKqE4hvkjmOgQy79GH1O','hWDVjtxB1cZseAPrcnQjeMRWKP92nk'),
	('dQLjct6UsK','eK2God3TZouW3LSe0ori','CGVduW79sOmVVvyDCCuLV0T9aawoPX'),
	('dQLnBeHEkz','sWDCpURviAae9CW3LWXt','mZHpUhsf4pIpWs3OmUpKnswd2Hop9A'),
	('dUb0gc4tcQ','4Sf1YUJS25wB1tOYXLNp','MNpXBShy8RGJ54iBEQY7QRMK3FGlTW'),
	('dUt5yQmbPo','jXJ8MKpFqj32hSYm2ugF','dQDBYnsrxVzPRGuptHVxFPNrsRHDTg'),
	('DWiW2DHJOk','iKhJbc1bVOSSPpcQfKop','QBbWOJKV51p9H9h3IOyZfEA4REfH4X'),
	('E2PQ3J8BNa','jeZPhHpeKKb3QPW54N9x','uJrPDuCIwdA42989vcedXauoYxrBiJ'),
	('e3uBmIQOkx','hpcEMlDjlMJUGRebxUtL','BvGdWfapTWPgbNWuZGgryaPC03oXKj'),
	('e4eNzMAP0h','MW3RWbstrjqHowa3Swy5','ZxuuPtiGN0ZwiSJ35afeQeQG407vsv'),
	('e64jPkWkPj','KvDQ6jXGr7qvSvdA8bRK','Z11tDJdg24exwRriScZDfOLPBsxihY'),
	('E6hkenCcoM','WVS5oFysPqCq6RKMJPBp','FBE2BQ9o8u7m4wDtzonBuSmG8DIEV1'),
	('e7DKeyuLkg','OT7SnSutIIIK3IfPH084','QhlO8siFm9K4VWx1knZXSYsFqj3F6G'),
	('e7nWSsiSnE','PL6G8bAo1jLfrv6jdGyg','5OwKBl2Gtv1q3woUoDtlh1JkCoGAFa'),
	('e89j0FtZUd','YJqkXVyTFbIb6qcIBukV','yarRYlug8kUBMrWH2JwAgAGg1yYpyH'),
	('EAWKPPIMLj','YLT9ftrPdisr7XrZbbY4','B6KoaYGn3t6SISD5b3rJresfWX55tv'),
	('EDnyH7EFlb','qtYXkssUNOYcAAJMQZXr','pTfHqIniSG5FyCxkEnLs8rHmcIWI5O'),
	('EeBq2v8KGR','meQz7RoEthGw46pQNXNs','4C8TfNpCN7DxRuEhkF8CCSAWM49uAj'),
	('Efiju47eOY','LdNrQNiV4vQdh4WcRI24','a7YSVELVDPGrrq6kGiEe5hWppLguBQ'),
	('EgkUijBNIl','oQOZ575rftyuDhOZXZB2','9H68DaNzQCojNRLND4hitlKqK7xSrM'),
	('egkYyOPSsB','Io5TQuMTTXKuUEFMIN55','xe28OEwGht3qjTNEveCSsKeIoKGDNU'),
	('eGpLAB7qby','KJNHXfQA3cGXIYmdgGq1','UV445PmfSmfVLUozniDy2JtCblLcJ7'),
	('eHxCjXmn0z','1OsJflgIBelq1W6eYJRs','SLM1GlJFvuC47bSI99rX2auPQfoMLZ'),
	('EkfgdXGI0Y','6rHE0KqrCatppbOJCCEB','oLJamNwSmLVNOx8Wsg5Wxnx2WGs62n'),
	('eMfFdi0kTs','fy2EU1hgbC5PNt6hgB4L','JjW4HcMJBieQpmtfq39Ebp7B7eoe2R'),
	('EMvv1DduP1','up8HiPp4tF8oTeMgAbGb','Lwdb6R7C6plFiVUjw0xHeZiRSfzlDo'),
	('enebz6Pnlh','nVCINg6hci3zDIgacowB','47B5Qa3oofFdpcq0EuIADydCybdOwD'),
	('EoKDBxefF6','WZjjQoFkvAZOrGUCWrAG','IAzjbg1yfZQ8nBtc3mqSZmSskIO7hn'),
	('eOqoizqhHF','JzcjOSubknfqRGOHR9hz','TyhjUealPqM3SCDR1KpxZRYIqdXugM'),
	('Eq6USuVZ7e','BlPDKIEoKBR9QJhbiokv','z9nG8i7CMK1TgbFBXTjjFfFKyeMFMb'),
	('eQUQBNRmyE','blvLvomtMwjzZJ4pZfYP','6pSYOdYPeGSthrcBLFLkZ5Jk4fcSZk'),
	('EQwNDfZC1E','nUzjrLt9ksDhQoJppHSY','UsLWf3BRduVSRCHpxm1gdDLCTmQk54'),
	('errpqsp36A','jQ5mVdqfsHzsZkctU83g','M9ExnyjiVK7cPntjUGFdTSxbm1076k'),
	('eRXLwebCbr','XekNBwgOfg0yYbC5x5Tj','lpzW8IXZBYRwAqLa8OhxY8hGFWJJ2I'),
	('ES4mqUWr0g','lzmusUqEQvm56iXQuaEd','jNT4OHWySGsrDgLzbf9MhSWrfeVhEa'),
	('ESQWpg9okz','jysQTOdxhg0vHVHy0lsv','8mCyCRUJYwtuiwfl3QolIKUtG6U2lg'),
	('EtBdvpbrez','xlJoqSmOd6dwGJqAAIhI','eJ0Buf73Y5QhZkNl6kXJ4M4iEbvtmB'),
	('EuDXKq9XhU','CXbPdo76MJ9k73FRtE6a','FDnJ6mYLPVgvGEWTEiFRjomRtJXtz1'),
	('EUVvWfcpwG','mp6jjGIuqlMjyA3DCnO4','LPG1nttKv66mDdmoGhUyUqDp3KWniX'),
	('EVcgXmcQQX','uFdKLqJGfbTmCxKdUUQ4','NlxmBP0qzbukVwnV4n2e8JZIfVvSuZ'),
	('EvHFxlroYf','tEINQVyTaW2gRpgDVtI3','YxEp1V9Bc7hyHWtInmgGfm5M5JH4RQ'),
	('EVjvK74Wer','A8KfdD8xaU92HJcO1iZJ','3tF93LRNTHtvUxXpuc9pnKZT5h01N7'),
	('evlSMqQrDx','EnELFlEv4kjllZSSJM2E','CBltd5aw6YibEZem8NmMlfk3cUv7nu'),
	('ewS9uXC8In','AhWgFv7XHNASmx1yWE7T','zhIhjQU4hJJkLtbis7cBWMl69gCVZ2'),
	('Ex6iMAg349','LJpa3SNa6ILuuwWjtznm','ZxVHLYJYE676mI2qjwNu9W9L7MYyTi'),
	('eXcBhYaR1q','4Da4wVydphiMfxIU4LMg','ogcrPNce44KjlnmncziqU6jK24uA8d'),
	('eXiBHBThnY','2EkkNvMDJqrFdkH83QHI','A1VfYareMie65bPrj6IHNctDdSvtJA'),
	('eyofUn9124','He7oncUCwzfq3KJ2EAAi','Axge2ZLWWtw4XstxZwRRGdrTF2OZym'),
	('F0JuJ6PvIL','Z1Zx7P9VxNhIceOvJ0IB','gwlfP5HpQnxKzTraoOF9gvJqjc8amY'),
	('F1cYvQFJD1','IoqdXLSuEqw4Idl5o4a9','epjhXRXDtXI9wEWQPTbd8K5Jwov1hn'),
	('F3aMZEuQgQ','GqJpNbKatyUVPsYvh7ZO','BXWfF4YgYcJOIog4L9AzGksLhpl4rH'),
	('F3UfKo2vmg','AicvaUsJj2pmuod9BnG6','dUgnSx96xnpvLHmvJA7BB8rYgqrcM6'),
	('F49KjgkdcL','IZ3Cc1mHdda77HBwaNdZ','MXIMzJvwxdPqfIlRExmW7UBeAudXsd'),
	('f6mjjCcAqb','jFDjWXgMr5aFiGbwa7c7','IBS9j7MA2M8vS9FGOgyxpb2n37KXkt'),
	('f7ERoY8SFm','RcRdKT9FVLMQC1j6QrPr','pGvBQ4ebHy74OtdJBNBYvTabWHdWba'),
	('f7XwdOClGs','vO88HUWmyX9ILjm1cw7q','LBIaeAP66ZRUuxyXJnC8x604EyxM4p'),
	('fa6M6vYizC','eZ1FYtQZCSWPxFEMXCPL','jMA5bOdYxmsCx9HQeoMl759hzDIWuR'),
	('fAhM6V6tt8','AHgPgJ4vTvPKrQBmvp4r','QzmM5sJOWRKJipOLltcNt3qWMgxXVn'),
	('fbPI7oE5Lq','BIWCDe2NWkApTdkMDRS4','6wsNrYHFYVsM2rVF9oRdgp2kjsDat3'),
	('FEcC0COfGO','aLE5GjWvVVOM7kGg64Ao','iYVlRl8pa2gtuJZXMir84qDtVaI0qg'),
	('ffnNN8ZFLC','7vy6nlKvXM2T1luYmXAh','Mcp1FjX5DtpeioCyx2ZuHf89EfGch7'),
	('FFrUD3Z0Tm','C7iA6FNcrq6PKtUgy8uU','RGWp8DbL5PaVbMG8TvZDw5KxnU2eXG'),
	('FgfnVrT19B','VmdAShH4lwLhZaIgRr5w','VWMCVxaBWNqiV7VxQpW0spYHZQG4LE'),
	('fGzUe2C8pQ','WDajrOavDxGWTkPYIvLD','jQboQpBAUfpLiSVSUihgbbFDDf5cNI'),
	('FicXtLrxPL','opaJBownXsjFCXLr5ZdZ','JnI6HpIoAgfZ1Wf9RFBdjoNxPG95mF'),
	('fIUpkC5oZn','5XA4jRrn3JFpRtwWd6c9','LWVcHDywNAhD8mmBGZJP8EhyNXqQFC'),
	('fjudQV11Wk','kcQMrQNQqGDtRMhKs3Wk','wTbtoGwkdXlpeCG1k9zHBQuMMgc1i1'),
	('FjUsAjm14O','YERVBMJ1YoCdEjWKcG5y','hqJZVqtfDu7OChK4vABIb7dXmFD4aY'),
	('fkntVCSoP4','GAQ5mrkdjGWlcBE3hHWy','s8cmJeg6SUK2FSjDBVPN4zKKpMCxIH'),
	('FLw2rcnqdd','oVyFyfdx2MLiauOl5fZP','pjI1eUb4vvuPR5Zq55IdQfHCpdZL4q'),
	('fLXyMJ8uv3','ONjcnvpbZ6fgUDVOwfpn','wGhDgTo5fZKZl5dFbrakiKphYswjoC'),
	('FNeW8cheIP','hbLWnM2VXTv1LwX0AtFW','WkEpammhzuafQtpJ9Vc7A3EAu410Kq'),
	('FNpv3ezLaH','6chBse3EPB60nj6yOAyB','4oYNu9gI22lRgMniipECTeOerGbtOO'),
	('FQ2XZtjGG8','cUxeOwuntS7ODm5PP60u','ITcc1naORUP5m6WhT9mtsN1ZvbEVz6'),
	('Fq87UAdo1e','B4bGGjp1BWADhFcsHvIu','pYTo6rMrQfAU9vVljBiV7d1tp8d6qw'),
	('Fqi7IKDD7v','xE5C1miPuZ384jVvTRpH','P3MxfILl10iFQNyfm8shVTRQX2Y9H6'),
	('FqkIimGsYf','0pbVIT1bn2QNSBdxRoCB','c12zvJkjuclAsNFvzvAfNWQtRZghAl'),
	('FtwI4atMSP','GREcU0J6EBYDtnmTJbj6','asGz4mUFl6cvgMhjopSHtJxj4a4qlX'),
	('fVMwDW5Gox','GqlRMlSI4HHGnFlVQuZ2','ffeJiipdiohI2S9RPuMhN2JJrWUsuD'),
	('fvppTBFpbd','C0ygWYJ7Rxzg3bes4w64','WWZSeJjgvWKvS9hvVjKIosBWekRqHp'),
	('FwAWHGrTOB','B6HHpjEiMvxsRWM62CpM','AvkERmpOV7KvX07DTyjQJMJqpSWojU'),
	('FwbCatZ28t','RNqEaSrhjYEE4QPICnhE','uiAZuwpCu8uTQi3cNOZaApW6MnBWBK'),
	('fWnXjY9Gz2','gzsBKJLPG1tkhOYitrAQ','G74mM8y5gzf4Ht326rTvo6sUXHehme'),
	('FXNSpTU7tg','jRz65oDnStprcDP4ROpo','NOUMi1H7aX76Ia5DEHALoUY2TM5rtM'),
	('fXoI4TJiZw','AGMTmgwjdHAL6NY8SItj','iEkhwX477n1Ec5f5iWoJ3DnmghDgEe'),
	('fykirum2x3','BrnaSZ9wA5ky3Jx3boan','XNXtmGSM1HhtvEBqguXMU3rurw1W0R'),
	('fyVYtP9n7h','7vf3nL1pU4BZMgAqUDNx','qtSGrUaDM2Vh3ccFyLtqbI75xTkOY8'),
	('G326sDHAGK','4WZ1XVhDDGPBDxRORNRR','1HD7b4FWhxeMCywimlncMsph9BTvLo'),
	('G6YOJKtNJ9','t9GldIDLbKVYigjIBCVA','7JX9xWQKFFRjvlnQhbu63UycJVVLmr'),
	('g7wc2q2yRA','y37EHiAXWKjvQCZ19N9C','IjqjqMqy4rA58EKhVyfKNgvQAoQWar'),
	('G8A21E5fT0','BksYoVLCIUiom418xZpV','rgGtz9JFLSkjKaF7G1YeBtDOUX3bTE'),
	('GAcYY94BEd','1bSFPYLRUzMxcB6LvXMg','CceTDphvsbQIGul7FPtflxCvkGtTWx'),
	('gaiYwkqWtr','ZC8X6i9eQsIBOc5H4jMA','kh5b4D1QhStmfVlwMOBK7lELPwmxRb'),
	('GbPbI84ee9','G8qbNIfsGqCzrGjN8ekN','1CplB9XZwA8I8nus1pjtMgfMOifCky'),
	('GCRK1Eu5ee','41RQ7OyfbiDUWvbZHUaC','IonpnWfryg5klmNKDubdHFp7ADZvjo'),
	('GD2pJBXDcw','0dFLmW37be3sC51UvHKg','VLNXRCh7eVB8xberwxlKmLisaUtUrV'),
	('ge0TFiadUf','653WIpLo3MVAFnLwJeQy','lP9wd2lfyXNgQEwLfsYz0J658s4CMf'),
	('GeEsFbOtbT','Nm94I1Fuahp4xgsL5iFN','2fdpbsjfVbb6UMfVUVv0BKcQ6unCD6'),
	('GEFXtfGgtu','PuYx53zXzXRJVgTVaQ4W','xV6cZJMxSAJjZBwmVWIpQqESPXZiGk'),
	('gEIkNqcQlz','46CAeDJbRZIarkuJrb3W','bgcKNXpkZInYn1EPWFUPUT7irTZhKk'),
	('GidepJJ6ao','5tlMJaPkeIJUQhTSKG1n','837BMZC62vXeU4TYE34ioAPsDUFd8c'),
	('GiJwetXGnB','gGVut6V0ycdETKWGSQey','Hy6sQ5MHmpXc2W5qeEov7T5t3lc9NZ'),
	('GiT29A88IC','jbh7Z2ku64MCg4FNO4ik','aHIs3X4cxXQRnqXbixjGjIx8hZpQ3J'),
	('GlFFHZYVzR','tRnwdstPP3nynmyNus9r','1ZWKV6vA6eOQP5v4EZUOrPZaLo2Wu9'),
	('gM8vZhb7Kp','MRTMYQSTHDZ7CKEOpceq','79TqMeA62wLZZBImqZypJwH1wlIuff'),
	('gollA7UN5L','K7c51IEgJnYQ7j8L7fvU','bVT9JUlCN4QZnZq8fv2l3Kc4aKSUK9'),
	('gPGRqcTnfB','WnUoe5iTUook2EvyvbDS','vcluqtlon254SdlXFDsOssPigfHsSy'),
	('GQEYXZGlLK','LpYOMxpZQm5uFB2ZutyV','bcPDhq8Nv7uICFrffsPW6I8JP4MEu8'),
	('GQiociFBpd','btODFnba1yajrNX53Ib0','F8p6SMEgnl4Uf26doGvBCkKZFQZqv8'),
	('gQZyfruJfr','1XD1JeJmnLPr5FdqVE4Z','JS2X4HD6bvnq7nxspxZCtUp6eWJdjI'),
	('Gu6R2hMq5h','au2JZSbVHseZttb4pSia','NgnltjQfK4sZSka6iRvV3BzvUNK51T'),
	('GUjPs2Tvye','6TCxeTWmudca4rKnZTkx','s24Gx2ijGGow0Sn1Y7kW40hXsrjrQj'),
	('gusbilnImf','o0fLgmIl2xRYfprIvBgj','wiQUbN3ZEqp31vpXMxscVg3djTLSrp'),
	('GvXLC87hFw','kVS2oLC0hhaapLCzVYGs','I0GR1BClhc8EEH6PZbJR4KchynsCtI'),
	('GvY7iswrV7','6Qzf6EOA7RcVuRVvCDFV','jy9Uff6cbqOXjzcDKHpJf3B34CU2Np'),
	('gwzYq2j57k','EqGWJiiCL3zPkkP5bSbk','dLIqaJ7CBtTy6COOebG4FVNG52bSEK'),
	('GyFDBLILwB','kU1HHOxccC873JkAihBs','LZWxIh7oIgoTWZZupgv4xfpc5by4SZ'),
	('GZKxn88LHI','Wcj3EArLIaXoPfAY2ZMB','89XYg2S212AGErvcQsLqHJtEpnKaLa'),
	('H0StVBeesB','9e8PpiGw8FkqB0aU3Imt','dB7xjAPf8ev2Ir7reyp7lLrSOmhGwM'),
	('H5d4Mvrcx9','CNhmTYL6aa4SssM1cq1z','rM8wKIcISGGRaI7IFMKYXDjZlFhTlG'),
	('H7Na3eq61E','ev5NyOB5K894sdpD4VCG','SRtN2RhbZu042yO2u9ets1G2KmyPwt'),
	('hAvGaGzp3O','yGfs8WCG4jn8EVXpJ8lf','kuXkaOYM2cUKQbjT7euqs24WZasN2A'),
	('HCIyhlQ8gH','1fydIBDr6QRdISQPe29K','JUO7XQxCay1vyurddyVPnAjMTm8jFd'),
	('HDiktj9UkC','Ip65QFpDXj4FpnuZINuJ','phM9q0AK1WTAvFFsoFtTcNY71lEDUF'),
	('HdvnJoXNts','wpxXdjjlP041NXXEw2TF','xS9TinIvAvrcgKPpa3rv3dvESFO5uS'),
	('HEtWgdD9dE','7ej0SHU6btTqm8bDR8Ks','voik5wwCj4J1t4s4aJkRjwf9gCJJws'),
	('hFn1yXUD6U','nb63jxZyAa4CAcbau3OK','3EUH3BHWBqdOnvE71dpDN9OwYx8mUq'),
	('HfUmeKANjM','hCgQWsM2xQSSJwbqfrIL','RBoTQy1ZFiAWYI9RxsV4qvmmdydV7m'),
	('hGJ648Sxvc','6X0xWEx2oLWIFE2MEu1F','DnfBHvONPD158InwJqOFm6bKy5XwEw'),
	('hhevRhNaat','mGabNrXaxPLvXULDXE7t','tsmSrdAD3FXOAhLlddjMn7KmfscylG'),
	('HhF0eV6wJn','q7imYjWs0VcJ8U1UMRqT','jOn21f3i0wOZ0PPbd4BIvOWMhzfWED'),
	('HhM7CjCnoD','FabYGqcXB6yfrOgMSvT7','jklcoj7RIqp80GgZmFxh3a8mbaU3VC'),
	('hieZcPSYxj','2RFZhAXVc8a9LAJv1HBb','Fujog9J9rxKjhJ2Y9BmfGCdnDOUm3r'),
	('hiOCLppuv8','NBFAnKFeh3kZyg9cwDjm','NeVbEzKE4IHM2SfAciMCr9XRW9NvqN'),
	('HLByBYVxuf','m6IFHb51aN4fwA1HDsXC','lcNLVQGgbgH94yMqGo4c9lTUutIwaS'),
	('HMYZiVFkTI','XKKWtuso0xncufycyIlZ','ppCuiAkd0HqDRaCe1JTpuvBLQ2gvcb'),
	('hoBPlklGgC','7X3QYPfKAJx2utpyI7Ah','p8olGh8Q0bnC5UQVgVfVSli6pTOuMh'),
	('HOuG4KXWGM','lmId0bZXIRsHlBZpX1dQ','f3EFVy5oPgwjhPocGuItSO3W7lpuek'),
	('hP9LWuoi6B','dE1ZehdKRrBXiXhN2WvE','BC7RVpVbIeMjyqn77yJYwEjPDRGtnU'),
	('hq1lU9Apmb','jfqvQoohJN2YKLBR8dVO','Y8NOh6Qm4HgBkJ4c3f1KGLtK6EIMoC'),
	('HQHhKZRHXq','lb8V39PgP26TWrDZDBgO','vEuevRxyicouJdafdSYMgTLoyY4div'),
	('hr3o6uOtoi','69npYv0XTrpX6k74Ffyg','bnrcgtiqn4xxhXCFGnHU42rpI0UjtX'),
	('HS4NHBlX1m','1Vje5Gc1ohV5qHyTwtQM','5Lsbteta1dvXsjFi2dQUJysHuWuMo0'),
	('HSjE9M1gnk','Nlvc11vn9jYjrUgXldIG','OgiMlAdLTEZZkZvMy21U3s8kTNiRX8'),
	('HT5mVuKPIi','ahIWnYLFaNDr5upRo1C4','QlXrN2fAk2v1JelEkNO3esomT3ZbXy'),
	('HTkyiBckOA','4qYXKQi1fMMfgqVqpdpn','JvrkK1KLEHHvUmwILHRHX2p62i1bvX'),
	('huncgsS4Ac','wGf7Vvvnt1lpPD6pE3DT','oKaBHvIBMIuNalwbRVJ0C7S3qx8qyw'),
	('huubQ9lyQN','XuwhmZCRAD9IvJwWXIQa','kSg21NBdLwMIMsfQHwwSuHahDYELhG'),
	('HVKgEyqnAF','tBEfRJSLVar85X8VRSdx','cinjeD9BYjzSqs1atH2B1PFWsPP1jk'),
	('hVowC7lQxe','J8EDxq7RPa11Gg7FLLCQ','5KeqhGHl7T8TG5uaCpIrjzNJwN5hA2'),
	('hXNyhQPwig','AF878S9UuhLPqCR9FM0p','IEnE5ppnfdD8Hrxc6SJVfs6iJXoj1k'),
	('HyrHdh3xox','h2zREFMBzLtWwKXh6SEg','bqZuS1qt0bNV7moiPtfTj6AhtjpfgQ'),
	('IAuJqy5IOP','9NKqDUMEZkQrIHS5zSa8','5OMtIuUnCOR2n5EQiF22OznYvRLw6G'),
	('IcbGbDNTaD','cgE6Xy0OnWOAfsy4Hwne','pRgHwXHPYZ5g9mvR5FtRIUEdu89l4R'),
	('IcFsYmhYN4','OBS1VrE5aIHHjIebgEE7','mudQ9ETu9sZZRQnUWvu8TPfqqPbnFU'),
	('idEqJfILJu','YEI2LGT4kQMnuYZZLxKq','uZBjN2ha9C1hrHNLfcGUSlYLc1bkGT'),
	('Idkj41PpIe','LZVughiaZ54UHONQpTvq','fEtiFrAXyZ8be8F4GSrhGniWE7fjec'),
	('Ie2CEs2uXb','jegme4MPfh0nIRSVAtlw','fVkHr4TolFScbh7iP1uXOKvHhZg4Tq'),
	('iegexzBGfA','0HeYkYtMsJSNvlDeOnRH','9pmmyGi807F3vtSmHG2BTHkGyGCX4X'),
	('IeGy9Hsn30','dHjfeYHEOD7PsrMlnUP1','oXmzuf0mQVQXsgdr3fJdGNjPMksMbd'),
	('iEouS9wAat','yh8MrUw835BoojF6vmOe','Pd7RHmpqaVuP2ZQWanCw2ywFn5mAUP'),
	('ifM0sZK4Wn','FBuJywS3GFe5vTYDTYmr','wtMA6pYpPXOa8G9itH9wVVTm3nCUfu'),
	('iFyKXIoEDH','iS8pTEnpsxsVtwPYSv54','nIuqTMxXKNBjfxI111cruRc6exLdet'),
	('igAzfzqdlt','EMYBx1xYJ9xIvZEWD3dc','pSHtEYpHGd94ebJRMrjLQM6uYiW7r2'),
	('iIJnwZEjd3','teWUoZIMBFjVXrBke1iL','KGGjDtjvWqrnKjKiW5v2qLqiG13Mj5'),
	('IjmUiOU7Em','zia0w7h36KlyXiDFcbfr','HsfUCEfwAIAGOWdrVCndH5oW7RWad9'),
	('IjU3mTJtcS','hvhLK1g5YOhVQ7IwhocJ','NrUE92YZbD0Gb1ERNdsEoDnr9ETsxY'),
	('ijxxy5IAg4','5U49c0FQPuiHMSY3THvv','YgcJVE1rJo1SRRndyTLqOIpobV82it'),
	('IlGnAwC8tq','U0Zkk2KvdiadhNvtO3om','hxQJEjOstePJDW7nCQHnfaXyDzCHPr'),
	('inOVFpfs4N','4cnp5P5579IuXbsy0EUi','Ljps6G76KvDc3NU4fWgvz2NUWsqyj1'),
	('iNr4aRlv7A','5D7xwrh4rPBM8G3kHnZV','9wvZnbuUKQlmDXeVQgNNU2elNThhwU'),
	('ipp2fZKa86','pldXK1OJMuHcIfA3fGXa','IsdFXZrMpZj8oF5hT6tUuKRRWvewJa'),
	('iPSaMCEyaE','0nxERl1pf6F8qg4QLYOD','gU6nLIkPqSewp8nK4ln2dHW4V8fn4F'),
	('IPUD5HGFYB','s33Q5vp3HBmra7rxB5K8','XiCtiJYQ2y89yGJA4hphac6QDp7f1c'),
	('iRiGsIxKc5','CMgD6UuDQm9SgYpfSEws','JfBi1jrb4VySi7bZiH3QSiTcwyiAen'),
	('islW926qSr','fZcpsgPfkFKCSyioZSxr','VvxuukM3IMDiAXJOu4tVE1KpqAP23e'),
	('ivBQuRIivv','N5usmpGwyxYDtYPT9Ps2','aWmokGnruibTPyKYnq8y72o5Efcn2C'),
	('ivNVsReKwR','q3lBDaoFL5rl1ukQs8iP','AzHSojcnfRVoz5UM0VqO6tLlL4NJn9'),
	('ixpywkBZjn','gxRjE4g5Q8KdTbtBrQ92','ug86Opv4QFaRQqTPPgyw6u9QIcjalF'),
	('j18jZSEdrD','IxKvBYXAuDtXee4Kh9hc','kQsAy3Jbm7NHkwkWL25rub2WYxHLo6'),
	('J49JDjhxHy','3B4fHgdyWLHTfp8c1mOa','rHaUffxKqbtVFMxYtFbGLTJ8e59L5F'),
	('j4NxhShN9i','GfYoa6EgOdwgyWOnaHPn','MNE43WMsFQkSmtXUi2RVKdaOlGGTJt'),
	('j52mfndezE','MZmUwnADem83RYdztt1t','q6VtFzV5JQNT2hXhAMLRKNRhI8sfFI'),
	('j5o0znVwY9','cou6LuLW4gjbilSh9q7k','Ynjo7q4FClEs1msaQy4HxuGi8rbxcv'),
	('jaFhiGIxja','K3J8G9r4L5XAbhOsmJCg','iBkobgdfieS4dJCDKON44TxrZStaui'),
	('jBMNjeVwCi','sVoTOB7xSTc3qKU8GlEi','xciHJ6TJfyTympIjk6k4sbJYHoAAPu'),
	('JBrrBKokWF','F7udH9imOBVexC0iNrKP','OVDbrS8szncSsUAfa9j03qzGA65T3c'),
	('JeuOYvtXhr','3bm4GJ6T487lQwWrxECt','Rt3Aqu5E6LtUDdbT2cSdHM3kxvBQCp'),
	('JEyUP4OURR','Q98XyAcPEPLKS7mxBz4y','h7iJHBZbjM3fSd9Bm66Ir3PhoeEddz'),
	('jhmNoxZT5L','t38FymfPiryHJ1rbNKnW','TmU5IUgc2IXnjW1aS62O7lm1pbG5Bu'),
	('JI4O7cFJnI','g3vwo7huPXFQwtdrEp63','RdcWycji9DeiKVn3RxF7TKThdqylJB'),
	('ji9B95lbun','khCH4x2e4HT2ofDtljqk','sHF6NsCUEelrncQqcQomObt62G7nh1'),
	('jijPTERrjA','jReqHU6JNA64f2WYE0Nk','LbE1uFEwyKuUr8ANFC7XASvkLQ6SW9'),
	('JJf3EUH9g9','HOtMNE4A8yWSxuvy5chH','xsuPyErD6aP56Fc9ckE1bBShPJUz2P'),
	('jjGp0DSOsb','4mEGS6ohYhTLwPiF5RWE','kWllE3vwzxuI64q2jZ3oPugLz7o9Qi'),
	('JkqG4hAbBB','k7KJcWolWB8IhmmVVtPW','n7pXBw7i4AQBdur7SMoLnu62xf30sh'),
	('jlJvFmYhd6','8boX8nBOWsa6a9mGv3sC','rco3fZSJwP9TuihpcbfonMPaXYc4vY'),
	('JLkAdftMuA','5nDDeQapwtle7aF1IgYL','wUnIsNu5WzOLoNbdUGeyME6BZe1gGH'),
	('jLY0lpRrZY','dWthIpmnuCqbC8FWUCR0','C6c8ARhiKXtAgHVhwRT28LbPvOKU42'),
	('jMAWKtScA6','gqki392u59UlyumnE5sk','eDSD9xksk2aTiUZIzXeDlRfJZiG74O'),
	('jmbBodb8j1','x0TvlvuRLD17qCkZwtOy','zqVFCWl9xBtOrnmIxGrhdpiHTe5oIF'),
	('jmMeObHqKK','M7UXffKi9spPcgJy1HI4','6JJfOLhH7IPTOvpV5dgNjw5jtOfvRy'),
	('jmQt1fgOSf','n7Ep9Jn9dYevvB6UcRsN','GZQhetDb7JeOS5BBaPqkkNX8C4yleB'),
	('jmqvtA9kmf','ShYb5nLXcovwDmtHEJr3','EBamCWyaoYKebZnqPxyLvW2Yrcfw5O'),
	('jN1D5nV7iy','aSW11nqXSX9lbt9hO24A','IsJKbbyzhxP8WXm4E9IntMj0pjkA5Q'),
	('jPOkFQp4RS','0imyJv6bFFWaxeTxZ8Jw','m34GNf2z8WwCDEpDIMsH3oTCnOnGnj'),
	('JrO3Kn2e5c','kPOvTBv16M4hUlbox2zW','Ny2AVMZMHjYmtGYwKBIngouZPQI1nx'),
	('JSrfrnyjdU','KtgeZtDhdnAYUwmBPnew','yUWFmSj3a8GxaArm4FYJOHg0n3LwQB'),
	('JssVS8Iwnv','oYMXSj8Ant3YZ9T8LVrB','ymEXDJQgRSvxhdmN9R9ElqYRxOp2CU'),
	('JSXDTaXpH8','rrc9R3HNPjie7FEyxJm5','N5pdfPyndAzIORxwIxtwLNCCzRG1hI'),
	('JVRehr9NKs','WdEO1T1ny2A4QktN9kTT','JyPOig4qZhZJnwRXbBQPaeX9UJeF31'),
	('jvZoTjdEyn','IkupHixX77PkY7KNApIS','HDp84XJMssowzGpHqFEPIoB2g4lF2F'),
	('JzcFeMR4wv','hxaoSdv1AnSJHsgLX256','DEdOkvTYWRawvrWu7qA9eFkftExmrf'),
	('K2TKWsSRV6','BwEFkxMShg1t9epJOdqF','NX29joSH3cubsdD9DX16EydcqbXVZo'),
	('K4k8vNeTmQ','D5hBBOm2kjyLbVOd4hxH','g9Glmw0vH1p4K4UFhZDYwVGb2yLq8v'),
	('K5lgm2Rjvu','Mq67anLlIiuk7NSFZlRN','SJ4hYU30ZVEolcuZK9MMtPIeKAR1Oa'),
	('k5UCA1rx7h','XDXuuBLPctDadSyUrOMH','YZCQGjppJuE4Pq3kE1Q9w6VwonA7uJ'),
	('k6dTft518L','j4WpeXUGK8Htwcprfxmi','AXZ1itMmIRMHMZD5L7rGcwaIuiqENv'),
	('K6MFeeCse7','flRDv4hMN6GEIDfjfwYJ','Yax3tJJ5MXsFXTZtgqB8BzbNDDwQ5E'),
	('k9WqFwWePk','5exOD14DAQ2pjKDk1sJP','IqPB8Xp84acUErxQffRCzorj6ZRRWa'),
	('kAOkw1YTFn','5FE1AwKVOATLHPY6fSN5','HtymcYybxuLnCHW6txHuiQaN48orNU'),
	('kAvd4q0r0I','GMLFilVovgTfC6FoTA92','fEgPhQkfmIUb82WXlhuHgyvykBrCv3'),
	('KB5BiO3Pf4','f2Onqb92eyonSnp4qobu','Uc8lh76ccSXfyydw1I1pnLgi6qpNUH'),
	('KbcvOcQZA4','cPQnuzdCBI3qIMLih41y','XT29kOC0JpOnkeSYvIycq168Jtjd3n'),
	('KDaQDbEDIM','tiKgFmqxeqx5qBu5vMqT','FG4uLaig1uOKHnUIyaEBguUIQsJZok'),
	('KDWgas89bi','kOiphRCTzPY6N9Mmi1Lt','MrLCIEhu0uCtFfmHqO49IdArFh4IhZ'),
	('KFofX9XVdv','H1BzC3FvpjdkGYSs7rmc','naUdsI6afEE6NrkjCTveWyscCSiJmP'),
	('kG4NPD4Ycq','oLLGYtI1xdaiOgkCI217','HpIqHEddJJxfEOb3wgSooUs9bowyME'),
	('kgfAswm2st','kCFbpUJrQ2CPAmEiBwwe','cNBOxWqSMx211Vmhy2VIql8e7FI3g8'),
	('KJNfiml34v','daV0gPEgSCMRurH9bGPq','MxqK7MPSBHs4qrKOOlcW7HpIn7dS43'),
	('Kjyi4etLSW','wOgJTANbTqgQ1jpKuBQm','W9xbKrCag9UsxkDkSmjo85DS8wCyWw'),
	('kKrLIfeCM1','MVRtdWLQwsU9uheQDELL','wJNkxrcvl9I384PHS8xTaoCpQeJB4T'),
	('kkU6fDkDj6','gySuehA95IKitVNBX8hB','oK3Iq2dL4jtWuTG5byEWhfK6NHJVhU'),
	('KLjL1jG7yQ','fO2J01bSGnocPhHSI1mb','tEwaSVekK0RTXSUZw9NaBrks8iWx8P'),
	('KLoIbjPhL8','MkAnBx1QlSBEHQnNKd4A','i8Dpq0U1QQmL9bbt39M1OCH0pkNYRW'),
	('KN7UwlGbCa','bMOn1tltep58ys2PSJ2i','Cbfta8ns5tRytUhveHRMJVotWu7I71'),
	('KnhXqWeQhZ','fmmuGWBvq9x1iFehL4cn','96CDScedsCCgrPBBrEjEP3lETQpgYs'),
	('kNpXMfDwNH','QixGhLXDS5FCrDnjNZXR','nBVGgZh3vL7YrSsqLmvFzxGKp6ej1n'),
	('knUHjnYo17','WBF23iIWsnNpZgLLcfLH','UQERMZYhoWo8FlSgVw64QTpEMcfalX'),
	('KoOyt1ZMxM','Jen0Byb8V6Q08gu6TVf7','FQDNG3IpvYaDJhdgW2fcd2sg1TFbkG'),
	('KPMqeBi3Xp','1iIPw6jfOeIQ9uGH3OJW','ePHWORkYRE9PRhr34FzQO5SwgLUX7N'),
	('KPpoKiAsRp','iCof9rPPnXYI1Ga6BvLP','912GcthywKHu7TNa6qxIFNG7BAxlBp'),
	('Kq2RAfTehR','c34L6XvbXy4jBP1uEU92','t7zwBZt44M9aaWqxMu6W7V90nNEFjX'),
	('kS4njXdYdr','6lAjhAvH7768x7ah8ntF','6rFmniIeTKY2oMymSDmjhbj8PSa15B'),
	('ktnQV7I4RV','giifi6Y5ZvHbGNcVTdV3','CgHuLCYBOzeAI9g08K9TQwADwgHVa7'),
	('KtPihQokhM','RN99tOQjsLxQZwoUYV2g','aY6CEc3fZWjsarAswOp7vmsOHkdemQ'),
	('KvDyyzucy6','ZW4F0XwkHdQKJMUQYg52','vaIBuI92oEKZBXoStm6fUQPoyF7mxI'),
	('KXDKBScIhx','hc5g8YoxedpKX8O1qc67','kAFV36rHWc0zpQ1OGpkCX7hmfL83VF'),
	('Ky7qAn9gI4','jfuU8LtycX44R59LgYBs','HZ4eKLl6QovJXWYbQt8kdY26BTgOVC'),
	('kyaBX2wAsu','mSL4N1BxEqSMITaSUX2a','wnvoo6sESstEuD3Vlk8XpFwNJDkjbp'),
	('KyHviAD7vy','uBSVt11UznJ9dsAtbMVl','IkWFqlIU6fD6ffKtA7Z7Ks63dMRuKF'),
	('l7T9L69EhR','7cSOEPz8PRObA06a4UZi','BNrr1vmCMLDecAEuPe74kTCxVLKBHU'),
	('lbI9XP7ZHs','auJhoCbkGGj62UtpjkZ3','JY7KrNC9BQC1QtD6dDONHS4pYfIoxI'),
	('LCXERcKxvi','ZhNErF2lCtLPPi3IDAoS','FtS2u43p0QMoXez7CpQnQb1MEVuGod'),
	('lDSHGb5CIM','sgG6sfBvuen6WZvrI9CN','DKmocR7WEsg68FcEKf2lin6pHyCGi6'),
	('LeXTIpbUFg','bwbvd9YREKCFmsN75ogq','mM5LP5lwba0W8L87CpdSd8pIgOG9d7'),
	('lFJ6WGsYvR','xcZhEqUYCD2nK0UhjWeI','iPUuBh2otfpVKvYljxFF5G2TKZIvZo'),
	('LFTmc4DeOL','LWssp8kuorOVCGT7dVLs','p9Nv6VNb7lyQKOz0HvzyRLqIYRuMI8'),
	('LFUVIF7iRX','1917o4Z8UL4TKdyCeRtv','INLKTiYxOPVR3oJvoKtIqEcVgWiy7r'),
	('lgA9wEpBx8','SqxmlRc1U23uTLX7Tsow','t5liYBrN7gdMt6kvKA1wzLH9RiQYGC'),
	('LGZM42UGBh','9DpDp9npDiMiOZ27FBF3','ksGcD4yJXx8TtYb0UUEXBEX6FCXmwc'),
	('lHAPTxsIlm','TyFOPPHugbrNUsMStRnX','1Z9lIuaT6v0ISJqwsn8uox1rfFecjM'),
	('LLHWmRzkCR','Ne2MG9UhTdHRmBpqoOYe','MWipFG1Fh0xfd7ppsw5V0Fk9v0ofHJ'),
	('lMe5Cs8P7h','pPTeoIbwOKJJwLgfMkCg','Lz4XmFDv8HFcN215JvsR1vM6ZMHYMR'),
	('lNGYfuHjQX','yVzUpV4VJNkn73LktkUP','TlDoqwcTnze49aDVpbi5QhKB17t72U'),
	('loFrA4RgG1','iul6seqkrVgd78sxbtoB','dKIGNhmL49JxxGwwjgEKnYKVBuzIZ4'),
	('lowu6GeyFR','SojFIZH3sPTVgCUkEdbr','1aTjk5b24BkmH7WB4ius28CsuXo5kJ'),
	('lpuh5mgUi4','8Z55qSWhmK44djo0lHmH','6pTAJ5TCRpfU6H6BqfBdw2Uk0MT9Bi'),
	('lqFNc7itS8','To0teU7K2ZCIw8xK2kVu','SyzH5khLua7vaxR3blDFjj25HqMuhP'),
	('lReixCLd6d','cS9AwWP5D6ghSzLrn4co','HcjHq9CrJYocIvvwxwTn4GpNujBjOa'),
	('LsBT6KZoCd','O8Vsk00XCJ6ytf8pGfne','3EZAVRNcEGKnTVEuTs1VtqNTESZUsH'),
	('Lt5meKBBCg','qe8lXRXqxvIAQHACD8VU','hxLbuD6PmCTJRwzS4GOzxLckjuGMwp'),
	('Lt89s71uUe','wJeC1E89VmjReSaHqFlZ','xpHhmYb23YZxJ8PgXZ1Lw23TXwWD4G'),
	('LTc1pBs7Q0','f7BpXaMc3syoWSoiYIyj','I3yfhUGYljwCGyIvicfvJ1hORdQb5n'),
	('lU50t3MIL4','X0UY4lZrqFCGAuR1gm3u','cw8l8pyNKbp9Tq1YTPJXntWEgwZhyC'),
	('LVjOoVGGFs','v7rksBdg4NpCPXCNJExc','oxkqH1LEM4qM4I028VOkMiTePhIcvp'),
	('LWpPn2CiZ7','yxNCqPEHH2bYhOdRZAZ4','AyYXeIorAu3mwM4kO7fIaBZ9AmlHM6'),
	('LxeapAYssY','K86guhzvGuqX9PIYxyg3','qcf2ZAAQFXPj5BmEJMCC9DDKCb8S2U'),
	('LyCErh1m8w','4ertKq9Bca2vlwfNrnkP','3E27BuAKpCXFAxzYoMx2lnVvbT9J71'),
	('lYRm6qe1vX','1KcgVJAn6BYUoaAafgcf','aVhlnYAbJFZTxYHTku9YqakipnQ5Ee'),
	('Lz7VJmpj6a','g528mnOHZyCZxRMJ8dKR','M3q9tothMhskXS4c8xSbvdUOD4k7fP'),
	('M1nYpOO2a8','5dukKYJTSKYxn93Q9uCD','RyVOl7QpR6uZDcHxewvQ5SXoupELWy'),
	('M1xPOKJLLY','VaORh69R4xfCYuyQFdR5','rRGaaBE8Hgf8L3J15fw4bxFqJVOmp6'),
	('M7JqltmtVY','jS5oHIsr7PKagbvSwYde','XIohuZNMRIFwJhRRE1Yg9p5ZGTuMC8'),
	('M8uJc0xmMX','azONIF6PvCLwynMANazS','xTeNJyFjNVxsNApcYbitSD02BxdkVT'),
	('M9kCp5EY21','e6U8YR9OqAO5JTuaGK49','9J5DthZGQDvFIa9SkE35JFujdbIVov'),
	('mADOG4exyW','OOWBgNt4CfSje3CfsGHn','IEbWwKQPXfBvdJMQDksIC5RCEfVJmE'),
	('mb209SNmmE','djMtvvCRU5T7x8R1Gl8U','o8q7lWdqYQIXG0S8BtIJ38KNlQa9vm'),
	('MchjY9Vrdv','UhwyOcyAfBUZaJRvAOqp','Pkd1QAsF1C9SLPxO8ilfFRmXVSnNTS'),
	('mEnQLCOmzk','Lb1Ngm7WKjXLYjPhA8UW','szUYpVtcSTFpDZLAAvF2INqovmC3xM'),
	('MfMGfenMGh','4tkCA7gRGQQlaeupiJlA','HyYXZ7gzUreWtIJ1GuorCJgo0XuBi3'),
	('mHiRuY2bXF','deu5hrOe7oYm9BLjoInd','YKBo2CH3D7upH6lW4JGHh4vQpkOXoD'),
	('MHNDpVgr6M','erLRXIZO6BDOTaRr6cDE','mvr8fcePBRZkMf5D05D2qW2uyxQMHV'),
	('mi5kwQAvR4','yLXlzvdjiOaSJxCT6tyg','qadXB1Km1A5NrQOtyHM1BwCnRoX9fx'),
	('MiyPGV7nNN','lhTOPB1nuyl17hXlhw4h','APRjbfBlEdQwhIoHDE60exupvRnNxg'),
	('MJp11njg1s','IBcT6xOIDq4CoHmbJpv6','xc6I4MpXnBfEgv4n7hodPKAfXFZ8Hl'),
	('mKAWJdru9R','zdT7hsmPfFf9R817pm61','sodBYr8GxiMz6Yk52zYJOxeBUksSSA'),
	('Mnc3fKRJWo','lQQlTo1TcT0aHW0g3IRw','KrOxgl5fVI2CPVeWhuUqAsJIWFwvbX'),
	('mon4cHHCkU','RNw6HoCP57E9E29rLvdh','NKRcwq98vVzf8bBQdDFBC2ENJM52Yw'),
	('MQKF9I0HVN','W7RLGbLP2k86Z3bdlrFM','O8TRfqRkJoBAY7HeYGfqHI1NozIyJE'),
	('MRcUwdOGxq','Qlruo2WGw56kcVfuMIs0','epZgVtKuwANJ9xG2vkNGtUjHJa4sl7'),
	('mRIxZbeJXy','7MnrxCCqDL2lalOhNnmZ','HlEAr9BoQPfNT9omjowL4kAEDeZlbX'),
	('mtAGwrCxOr','NHhcN9dwsaT4erGXHrmV','3PF7Z492VVzKCH5n6DuwCoVLcQjIzi'),
	('mvmSXJLqVs','UAgr5q2VEovAnAwbVGjC','P5I8c75QsenhlmeOW8NPt03NZ8LCIj'),
	('MXVN3fnn7s','DGbrdn8Z8XOa1NwW9y7l','J9bKIEs3trvdRQCdCriuhpQ424XqFT'),
	('n255cpsAby','jmcyDnknmqhbOMFPvD9h','00GoTSgFmZzJpp34wcOWcvwxAW5g8I'),
	('n2ZGiixjXc','CxQ0EoF0ONTxgzdhSH4B','u7rxQpvnxRM78WoTpe4StGQFvQt3wh'),
	('N3VtMVAr9A','aCcx9vLMe8TEonbia9Os','8Uyw7AyDxGXZ6Od9MpxB26hWm5GxCQ'),
	('n48Svtr96Q','bPLmI7a9Qa6qmSNocf23','iyUEI9wVBmBw3f6caUXLvIdkGKwySx'),
	('N4AjGdbZcI','U8HD7GoLjEXWw2NOG566','fGodADPXHDJLb9wfx36TboI3M7nTkT'),
	('N4tRYnfPtZ','DyWwMRMHh4QvavMxVe5X','dzQXLClRRRsZZLzfMzvFquUuQWIpz7'),
	('N820LXuIP8','8hcZk1PNoS7csjtiUl1T','alnWYRePqeYBPJDS2aeUIeckePcZIp'),
	('N8lVrbFdel','UTBSH5dHfzPBB7HcmQNF','N6Lr6SrktqlcecveUENqBkAoxP11jQ'),
	('na5TXKVipK','Aq0qVFqCNWocwVwsRmIy','3MFOlXM7BGXoiIsl9bMaDuA2ULFo1b'),
	('NaVMRD22Si','CFOZH2ViS0XVa95b8dJ9','QchMqDZCtDuXfEygBjJ8XhtzRM4An0'),
	('NaxML58LFx','ZhqfTUeK2uiD7RBNtS55','5HDfrdwEdSMETTJKzeSNxf5jG0dHD7'),
	('nDhM1QcraE','rxLL76WAHEJRLYbMJmkC','e73cyePBGAwB6yrodRTVDYBLr8nGCa'),
	('nfX0ouU3Ws','FrogVcrDuLmGtqpw6mcn','ymUtORBhly2iBxOZ1TGMer302Jkss3'),
	('NH6DVN1ocU','T52ufy13ioRjfclKOsuB','PxtH8FR0YZ5FcuDxmVhWmgVDUvmOS6'),
	('nhgGhvHQFF','wkHbonB6aWwkyFu1FdfS','pDcnVO1ESTSkMFVBxj25oI1wXOv3oC'),
	('Nm4qtOmBoA','ul3wnnnppHD16QhqiKfn','AzCGuR2S3R7mcA09YeXYQTGUFQPo1i'),
	('nQb1kl6bsb','3pr6jCbqTDW2kHzNfBpY','1qepmNopR3nSWuTv2moQucZBNxyCCY'),
	('NQRkqxXbxx','OS9WQm3J3CRtpDNvIRGg','gCDfLufLrZZPFsqlsMUIvpxBbTyNdZ'),
	('nRK5IVDn66','Iy8ngdOmCmyALWDMttCn','nsEhC3kL9JerJKNeQRKCGh8If8sUs8'),
	('NSjjD1yShN','EdqHZFxmjDq8FnPwBU9q','1yEUuc59hmpzw3EHr6JhQbvyfFRMAB'),
	('NsOEhivfj8','nW4v3HQYMhVFnjfeeLdR','WfBpQWvEcwKXOHkpNYiYWkUwWndFq9'),
	('nsVrF7bRmU','YyvGXMNHUn4UZS7dzM0Q','X4i7Y9jFPeRmWC8GcgvyyFoCxvUrwH'),
	('nTtD6dFYcW','k2PyN9MxCfPx9IY7m08y','wMNEQE4YJ6BAJ3c55HpYpDgp9X1mMg'),
	('NU57Kh5PJ2','n66bMcpFQMSk8zRokV9M','s6eM3tQHIFogs3MsqtGyDdwgpAnmiX'),
	('NUHD6TCI1M','8GZxeo98k4QAhF1nbkRV','F8G1qkHwyZjIpD1Zls36VJ3BaipqY3'),
	('nuNoa4XDH2','2SWmiUBy783zpH1K95Ez','icOQaAMirkVtjbeewZLTQBilDhPUuD'),
	('nUosdKjMb6','5ILD3728corJ3FdKHOQo','77FV69nwZIMQS1DcJ6vF7a3njT5eu4'),
	('nuvKoXDyjj','1tiqtTroTrLKEf36zoZg','pKQWaDGcneTXyjHOxiTJLfoD9BPVot'),
	('nuvQ9qNlvu','5UBiKGaLMWLWTfNuPOk7','uVWgK00BpkLw5TzTdRvcVlyylhJ8hX'),
	('NVlGkT5tfq','jyxZKfaTJd90qFd5ZdKZ','V1BVqjGwfVLGlQn8u1pg18FdMGusFe'),
	('nVT4beL7Be','POj1J8A4Tl9U7iZS0MgU','pgV3GdB3MamBVSHne2zELYmx2oj3uV'),
	('NWyKXk5htQ','03AUOFf4jcdZmnDyTeJQ','PgXcKrSK5D4RmhcHSOLGTzc6pMVoAf'),
	('nxcTN0hIeR','n4IiaquomAaEDvgq7B01','rSSjr1UlEqmlCWS4Rxi2A1innAdpDv'),
	('O0dCM7x4vy','pEdj5TNOvJyOajf6xGJF','FVrx8F3k3PI63aDquFaOMJdvFHyGIT'),
	('O1dkpdND9E','LVLUwCT5XhG4aOJAFpYj','Sqpk398rPaD6yylpao32EGsGEuU4G5'),
	('O1pAgXR1Rz','yAn2yv9ri67SsW3BDYb9','ZewLHV16UPgDOOmQUsL09SjRGnSwQe'),
	('o2Kv8cPOos','JHStfstxkvmcinOzc2Y1','gpSO1KwFPhujN25kRMoVX9IoYVl9xv'),
	('o4eCBehZB2','M0vJXHxoI7xR2M2wx29Q','0cu9vRqQclEfbGxh5nnGkRMtnCykL1'),
	('O8OmLHhJrw','f0yzQ6cL4bhaS9syYOHF','uZTycKTAZOfI1ft7d7CsG8O9GIK5Om'),
	('o9pMf1oaiY','CD3Z2bh58fpwMB2Xu9XF','nSIZ2VQTCDssH5cecDWSO6nbNrByh1'),
	('OaOewylPBE','ieoPDt9l9ROuZipEp6cX','BrYGQSOoBxmQdfKnChflPN9yW2jUq7'),
	('Ob8S7ZNXgE','neHq0Rb6lrQqF6jsKMEI','cYQoP2OfKV6pKsisRUO8eKHLZB2LiO'),
	('oBOObhbqWI','5kcReSPOv9WIY7tboaHq','r8N1OFyqEL8nQ4PFni4PN7JvO7VG12'),
	('ocMDgCMziZ','nlmogjJOC1Gt7xalALoZ','avcAuaXKkr6e9ovrCVgFxDr9mZ4La6'),
	('OfWofD5kAp','Y9gktT4rZyd6fnj4O6iR','QgpUDucoqFiu37OFYYjxd5ADuq65NQ'),
	('OGKQLxNkwY','vuomUJTbKU73kbOFryUE','S9b567fgGkAZiCDt1Q83mob9AKQ2TV'),
	('OGndaYeNr9','8PSNsP9JcY1hFOSHrvru','gJleSoD36R0MKeNguYuj1bLO5moN2N'),
	('ogOQnVumRu','42fpHqJnzKpbQsHZHDaH','mjMHRzpHw8l7b6ETUfAxLjSdiDQHqQ'),
	('oH2NEJS1jI','bI4RTKHYltfKhVQycd4D','MYZJrZfNOVRzdCjNB7rmnMMfJphoka'),
	('oHIMC3ylPA','fkWy3jJY2TF6Ao71tGgK','q61I6xhqmkqFCvuCz884Cn6rvwZWLv'),
	('ohTNDUvdr5','8iYu4A4sXhSma15KMDc6','lt2p6nAwsCUqckAl4F9w6LsLCyM9uD'),
	('ojfuf0ih7f','JWV51RIX4EeOrByw1LO8','peIfOacfTmB0SmcCSbJ9kSUv67nimG'),
	('oM665qrmpp','F4kOUFEmFJgCaEfCPTj1','oUDV7lxeioUvOxtquV1fRqHz1My8Rk'),
	('oMoqbEY661','Nuffd1vbXHfpnL674enC','ZtdPHjpToifFZZ4ZEmQ8inNFJwqZmQ'),
	('ON4O58G4gx','IcKIncast1Tr9g5FFjiy','G6VbIT4C4RhYUvsYWqbNDnQhci7LyC'),
	('ONkQ9WbOjF','w7nxrsx9Th9DZOdGQ1rK','kXYX4cUCQZngamiG4d6DP3omDrumKO'),
	('opnCTxKUXm','jtcXu0ojyA3JelrPH2ap','nNDkcs2yQMt9lPvxFIjERSKQRs1QXH'),
	('OQuFCcotAU','x93I8HPe2GwcjNctwDoE','IcrVQWBkzb9dnE0wmyUSQXyeQqsmHb'),
	('ORtHrKOCHK','rdeZVFyneRhvK0UL2JRO','PlBTflH7lKjDeAi1E4s1mmmlC3jdfT'),
	('ouCNW2gH5L','EGl8IHT5uump3zAeWtDs','2UjL3vg81z2j87NmLvYqpDvXneIOAh'),
	('OUgsaJn34U','hj4XGTUcNlvpj07wjTg3','5PwQiYU9RGbdprAlJokMwuoedGPjFV'),
	('oUwijsjrgY','9TQMI5izu1a9dYhaFBsD','XKMfMRy89HHKLyED8tryfv4GG8dcKd'),
	('ow7uHjg6Mb','FyX4kTJni6Kyy7L93iYc','Yg8d6UmtxIOjAtauFdnyLWXWfRpfuc'),
	('oYnD9XXu36','WJv3dDF8kl9mYinJwSnb','suvBgbYtOcnqYKoHj7xGfDIQ9w0Fln'),
	('oZWZZdicM3','KcNZSePUQSzD2t41oPL8','xK1uNPBR8UJUM0rjktJjlsQspwoKxN'),
	('P0MfOM5zqJ','qNfQZ64Zf3d08nxm2K6K','egFqlXdPqjF7kjFba43mpbnx8heVRm'),
	('P6SnE9DiyY','Zmk3udHqBynUBsnfenv0','hWRibD5KbSuuZ2KPhh3ItZNtXwG1r2'),
	('p7O0FSmVoV','gDLZBL5OFoNFy0oEEjaF','rLdRIDdjKnsLLdgtrsWwG1D0x98gLS'),
	('p81DOCryqc','0RNABQw1KunFwDkZXBPh','Gh8srcPknqwLrFRtDqJb5J94cBItRH'),
	('Pa25VX4vPP','1a6HgVY1fMWur239Qwqv','4GRDPuknZgfFlLlrdjCU4tQjnBHtrP'),
	('pabf6579WR','PkrwVmhzqOdZZDWkLwKH','rdvbvzYxkES0iK2za69V1w5OQwMPkU'),
	('PbCaJXwRSb','alLSbEZfLXlqVjSrenn4','2nvSMN6G0ermMA45M4MUGcKZ6gTS3s'),
	('pbPae6DLpH','scuOQcdtlnnnVCEdIqxu','xFKV2WwAsHIquiceuB8jWd3xXmgBcW'),
	('pBvLIIwaVL','6ZkOw8ermM9JejbMhIls','vGkaFSp5Pwrhw3v4kWh9KL64F7KJQg'),
	('Pd8rbDTY8I','SBhPR45aDv7QuXFRKRNg','EURapYwiEn5wTNmJ6icXOvTfZwWBmI'),
	('pdLkY89g8Y','SeBaMNAu6heDkzEHWopL','KUbcCwJcOKMDoRc8patDBTXi5AH8dt'),
	('PgHgeMZ9SD','gfWHX30PZxSQX1ISA9Gz','qNOlW2chfcYqniCehGkTeaNHQn9KNl'),
	('pH0VpW9f9n','WfDyW8f0gDJRWnVYf3Gu','xrXbSCERmWCypdnNfmSvm7cYN9WyUa'),
	('pH9tZ8Tb2v','TbY92KmntpSL14xbQVM7','ahGdtep5nyLPirIFuHYzxcUOTANXpY'),
	('pHGheNu5qN','m2FlffrwvuVnpN6SdPfl','nseDrev4P3888ie9qhkyk8t58jHmhu'),
	('PJAghoi9jM','bT60tkwppsSVjDoDD2i6','FGjlfPwYL2U5ZKkrAbexltT6jWNKGL'),
	('pk8DVUcpKl','uuA25jQViFtd9ie5RHcG','oW1K1B2buw9OYxpU6dsOFEhJnh9vh5'),
	('pknVM5Eoqt','N3LnC95eSaYfn68NzPdo','571ToqfPu1sEvLnKfm9c4csSlyThV8'),
	('Pl0sViClTm','8tJkqpC8s1EVd4dvwhw8','IcUpOidsw1FCTYDEshVm3qyiI8CuHx'),
	('pLNLebvu50','GKDsEPMha6YbYOcN5Wsx','0LW2Cknr37xiadOln3IBBRKFnIDeYy'),
	('pLu1NV9U3L','EQRKhId9CZPNv8rBfASa','U5Q412lKXnDSThQ9ODLCU9w94k88kQ'),
	('poaBpDCGMD','3nAMTsbAG37AjFwFiDvn','SSAELTl9LbSyHFYoP9kn1fUVhdWKiK'),
	('pp6vLXoWS1','BfvV8j17OVRlZf9MlHck','X22lU2OZMd3VlzoMWAruhPrwf9OtIo'),
	('pQMmRm66vH','lrhoka9w9tr2I4GHoXqf','Pl5vhe3hICebNIBV7mkYAjrD3mv5tN'),
	('PSBiKOHQvG','ODXizN3y7Vy1RSN8exvw','39VqlvhX2u3R3zPd4nTZtt1xCGt12k'),
	('PtO6sVHrE0','fXtF6kUJqdeXrTxkvhcW','lXVWyKDdfDppu7wyYvIV7dvAVY3SpL'),
	('PtoVvBPPVT','AFxcS0ryWyLt9wmv1tU4','pM7JGN8UiwWWH8zQMUSAU9ciHBkwCR'),
	('PU4Fb38M2e','1MAhnw0N1mpR9dZTDQwK','rZDj6OHFhu1B0THl5RZAmnmOLxH4Nj'),
	('PUL1UTBt5R','mJHZc2gGCNNrdFDwekug','dyr5e0QhYPYZQO9jrw1Nye49FU3Sr5'),
	('pUM85ML3v6','djPIdmnfLA1Gt8ij91e2','ST46hcrmKOgAeQZroAGasSLDDs5iTO'),
	('punWZR0dQY','lOX2uLtwLU1hQwNaUcKH','t787RCnKVZBhxU12vcL1opN4L1s84C'),
	('PvpbpfoKdx','Xrxa2M6byOkgRROvuSD4','y8tyiAHYBGbLiQ8AmSMAhfbN0eA6I9'),
	('pwlwqhvANS','pPmIbDyXrkcB1aPNcNIC','4XL1gxOBRav17F5E8c5xpQrMjhiHyb'),
	('pXJ520y7yJ','gKrCVkqvq2ZYcaRaprtW','hFKcJlKQFDOH0C48QvVYdDxH1FYo1c'),
	('PZ6TA5MB74','JMhViC1aJYyRoVqcAOSY','lgE86hlsig1SipW6lPY3Jefo6x34Oc'),
	('PZMfsF9RJV','5pLZJwUpB7aBc0XA7d6V','OxWsxuElsHtybLC4nwYIukOV5BqURB'),
	('Q1IoOBMo3j','iHutMtxR0bep9hwMIIqk','mTRbdHA8For5Scd4uXtqkgB7mULSfU'),
	('Q4FN2qmmkG','QAhnrpRNfBJ74jDOs8Yw','KdNW5miRkxC4ZHroThGaqKLlOXEdUl'),
	('Q5kQvIDbMZ','5blu1E347etDBdfdqxWp','6dCaeJWDyljX8ioaaAEWHlkL4NHM5F'),
	('Q6KV5dH4RA','6SIeGGu1UWbOJbkm3o7L','acE3BXNYAbh4ZsQw1cLu1qrBtO43XH'),
	('Qbx4SeSSbc','w37MWj93AjCCujJsf4MC','1D5nq25EdjR92J5HTCbKThbSEeX4bl'),
	('qcFxUUZaQP','hBuxkI8IY2XrFodANcGo','hKV2M9ADDiG5N9vDnoD3G2ts7PBmYz'),
	('QCkcDvsEIy','pZhQvkt55GBAYNczlv9S','Wc5EhyDBpy1MAvOfOXy9gDGJoqfG3Q'),
	('qCZJWNKdh4','IowUAk5P7XFEtOV3TvWf','TaOTrpjS21qVCiWbcW6K7EHLu8Hca2'),
	('QDEb6PB7uZ','g1B0L1QzmJBjs4aRBDAE','nKEIX2LhRI6JgATnKH2ErHhhN0tHGv'),
	('qDhabiypln','3jqbH2tbZcNEaPnjqW3M','I3wSI1atAa59xtLA4VemVNXhrwnBLQ'),
	('QEHdMHmPnw','jPtMNKF81kvXo16mFslo','PDhmzFTeuUvb4J5XHKoVMOJNB72jbF'),
	('QevqW3cYoj','4uSbjswfnR0dJoMtlNHY','KjwD1dMpKrDliGquPNfEdyzQWOaPPJ'),
	('QgFyTtKpdh','Gx6ltjGZJy6lGhqPo2gg','3V48jZIqGg73Q9oAo7aGrHTWrGidjC'),
	('qhyh2cSnac','EQ4J6y7KqGQ4BX5nITQf','kBDJfOL393pYCygCSZrClD7xjrNOR0'),
	('qjZ61bZRnr','Ki8fjCfmBQLKIJPZGqdB','qVPMEXa2Gop5VOSjp9k3plw7OctAQ9'),
	('QLLGTCZgnY','2er7bZDHG62FlsuvA96Z','JQibVs2Az2CyzO3hNjM3wPCEIPOTy6'),
	('QMUTtFc1Mu','aquqdson2VkokfjjlqbN','rSJ5aAPB4ox8jXVq9a95j6rdee5Rgk'),
	('QOG1wwBQkJ','7YM8ke4aJL1K951Ei0bO','73LYUx5iBrSbmnsUUZPIsiQmh9tN8v'),
	('QPPQbhuW1I','Pb4wnAE9KpnGWmsWIXFx','GYdWiGzGDlsVjGBjKaEO5ZZoojZjJ3'),
	('qRF9iSfRR7','ysZcjiPLRPpY6lIQq6zC','aVwfnQSjYZKIGuc4PPJ4ivA09wCLDv'),
	('QRfKAV5CZD','EAQc2COnZuM11CrqIe4H','FfmiVgOIPCJB0i8eWtgjSzgCMGKzpL'),
	('qrtv4g4WK0','ii42nmCNVxt0I3nE2dgH','wlmwruuBGQC3Fgqrl0fiq7vYOjAocC'),
	('Qs5bOwLzhH','eRcj2wlyVJoFGjMW92bh','1PHnLvsnK3nJEUrMIMQkCftkRyMIn5'),
	('QsJNCAeGod','hAoRIIsqQ785WVCG5bF9','5ULer5piKWeAl4MUJLqudm4FKS4XsL'),
	('QuSOqeVnyR','quYmIrHMMpUDOaa5DHaZ','FiZhruxYOrPkERT39yqHLzagXAyzmo'),
	('qUvAT2oywI','KGPsm0YXVpjhESFKd9HE','2StBHvaFfQ24Xzy6skjk56ns8ZfiOb'),
	('QvU5fuB73J','d7Aq5mA59jl3Qu8vGUgP','2lwo8MMdpJvh4UaHqgb9pdNndRfaTV'),
	('qWchwJgGHD','i1nmMrNpbVwuarC9i3iw','xbv4b6bg72oHRQDIBj4YHIGZm6fy2X'),
	('qwX7Lfkgyy','YEa1agRpD6EQVarKnDJ3','kdPoVC9hVjYAdHB1ww1TvvhitVfeRl'),
	('qzWmTbePz2','HzTpeJEyq7jtU2VKG67P','IbxAt8rZeRope74kwjedKVsUUmPbjr'),
	('R18JUm94Xb','L51SOjRAjQFZ26LH4U9Z','RTOE2nKJGalddX6mKKjtpUyQVtPLRF'),
	('r22e5WJx1k','VRhhLbarnxCj6cxibKvz','mO2YH8BgInmnFOqioQhmy9VCGj89R2'),
	('R3jsV5Z32r','yPgmfXYchj7MbQJyZsdw','9leR5YHxFgIws7Hzk2A9RNLGRl2nAC'),
	('RA1PCeo1vd','Un7ieQG0h82y1jc9DX3f','jqWznpwuwOWr5fL3asxq8Pf95StkrH'),
	('RAR67mwdKf','Dp3uS3yoZAld1RxZASit','anZ5biAOlYcDUKvmE4TqYpTHl6uCf8'),
	('rbISrHkFNX','alwlb7wx8Q2cJSIFfIGZ','mv2mErRFlFwoNFVSr66itdZMwTmZAc'),
	('rbmvfQY1B3','tbIc9LsJ8w2xgHsNqnih','gPHrnydUsxyBuCTgoFLI5bET1KSXTZ'),
	('RE3WXQ4Nij','3mzfwWCqttOf8TuXDJEn','jepbFnfCaLp4I0rX7An5OhnSMh4ypq'),
	('reF62gHefR','xTf2OBFRu3tycsrKjyQZ','j9brKbGna8CRAILQzFn3HNHuLQm2Aa'),
	('RGt1WPsLhC','31a1Hw5GuW4KnIf3zqh7','bXYwfuJHSsTAKOpn55OBmmrLcx1sLH'),
	('rIW9KYxqXs','vPCTvGQhSCvMX4hmPfKe','rd77G05Ze5IDVTJ8XjLzDGuSDaAAKH'),
	('RJzgfcdvuP','60Tsw12a1qOv9q9YFaGU','sMMKBOrUFsTRyigGnPpfHxracMsgWr'),
	('RONAKY6aPk','gqCEvQLQRgTghBL2VLiw','hSV4rbiwJlySrV3wuw6YjTS8RFcNjP'),
	('rQiCwDyz7z','bQxEDASnjK6IhCIVpRFb','M10uVpXN8FscjVQCoRBGIK5Au8BgfA'),
	('rqxGCLFNVq','KUm3YdH3cDbuSWHerWlt','PHF4IXbxXWjWu8SQcWfTMeyUR6Oec8'),
	('rRUNj4oDLn','JW9YiPFIwW518w9yFpRr','qiBpphQlWbQ6oAA6pN1Srjn8VOTjow'),
	('RTd7gLb3h7','oPXJu5obFYqJJm7Wiyn6','XDXW5DwMfAoyFSG2nno1V673qq93Tz'),
	('rVKCl5ocl6','KIWXe8x86ZDb31xZ5O5o','lvxOhX5ATXmCFYNhs8RoG9KqJJb9mH'),
	('RVKFGQB9rr','hXjh62RwvOCUBLthDVmV','obP7BkcxNF4LQB7kCIbbK9gMrUZjJI'),
	('RwWiuETps3','GpA8VBXS1WJS7bddMpV2','YUVIgIzFQ6SBI8Mho4R5UvU0josZO3'),
	('rx8McAAfBm','aH4PeiEBuRAmGW52D1Ut','ShjHpDpj1DlZehw7eIPxy6UyfhJrM6'),
	('rY3iuSlynW','j9SJ56ACJQGOQAYiFUa4','5CBlp4ojCNoMZvRDSBGZ32jnvyDK9P'),
	('s1iSYpfhmN','kgLVVFP50AGwrjPYx7Lr','hlEsQX2sEulBiy56wg3jM8ApMcvHXu'),
	('S1KJLhnEa7','treIMk97x0phrcrp5PNN','RWCOB9ZQwcsjmBFHwdV7az5jbUCAPi'),
	('S4V3angiSq','kosT6YyXcGgxcd1rMHfn','F4F2C7cxkW7EID4lOEN6cNE0BJLCEb'),
	('S7sxe11PZE','W69FgBgxAMCTo9BDxb46','ThOfLIlH5iTVkZyupPL0iXK3pOiIgc'),
	('SaoRR7R0AW','wPWS9ZIYWXKUmpRyscKp','aXOtm3fHGJqV9jfAhFwF7eYvZCXhTn'),
	('SAt69U53ex','KNrEoqk46eg91unq8CN4','KDWo9bo5djOShbTkp60a4Kp3PxjlL4'),
	('SAxrjPVdQM','CkMAUZ8HgNDWHyM3WsES','MZ16hdFdUsti3vBL6n4qvHrRmdIRXm'),
	('saywzXH744','8VZpic4a4e9M4JiO7fCL','njlofvxKSbNqZfucJDCpE8uMiP6eOA'),
	('scPQ0aQprY','WCv9sH5aln7tfY8JmRty','NUzB7qINZRkcSxOpcLAdKRXZoS2Wz3'),
	('sFIdqYWkzb','j6fNmdc1JHdlfHI2KYuU','RlXGMuF9C5livZ3K81GyN2kPWwXuUp'),
	('SHMmNWa39h','SOQ9tg6nXCURATxD6czG','I4WKtS4jMq2E3FpU337mh5HASYSMY5'),
	('SIFICgeKMs','XMagrUEmUHn0olNdJPuI','bdY42ll8suIAvh3N5VhuMwwm2dhWqx'),
	('SjGeZGPdZi','OPB9LmEL9jPska1ARWxc','VrMHQdK55BDuTiuTpd9yfzH4Q9KnZF'),
	('SLRRw2ennS','xBsp9M547eH6Lii6g6IW','9fs8nJJQjmnoc2CUznp6q7RyyUcQ9y'),
	('SMmmWgwMcV','8QDIr4MmVkI5atKgMoKD','BKFFw0ZM5Ps3wD56P0c7Q1FhCIi63f'),
	('smWZmAKlfI','jMS3dGNPymVKQ8tuMstx','eOZFl6uffUXylIca80yLDQ9bKlDnXj'),
	('sp0P8MYtwZ','kUsu3QJjb5MdQbWYUWCj','R1Oaj8ParGMjULtDNhCH9mOToXYYPI'),
	('SpiG3qviAF','rJey2vYysFYlc15ZeXTu','kByIfIuaBZS5QnatDiD6si7Z457sHK'),
	('spxLgmkqg2','SJhFDgFOQoCEmllb9rq9','f1q30DKMF1iiNxgh2fkYGsn8afa22N'),
	('SRQBlwQdhp','BMDMdEmuSMM77fH2ZO8a','0aCNZkqGyPovtukHCs57plYuTJ824S'),
	('SrquVBtu94','4ZbaGZB7AbMX5SMCdmqW','JFQir6VK9nyS1MoDbHZWCagKPOBmpj'),
	('sS0gIU66IS','0JsHaHhb4R3LF2UHXwrE','xtq3USBBXht3NRlSm9psorZhnoU4pM'),
	('ssSfO9ArBp','6fITfL7CL9P8xaou5XDa','d1SwXhdqdtnnjoSF9r2gJn8HBwLEOn'),
	('SssJVl1e6q','uzVbn5yhOi59UdkUOmwy','DZ8ejS9FKd2UotrAOgiwrIY5EFGgns'),
	('StddxdgFOn','C58xNnfRZGR3j7CSfnHf','o8MRcPXDI58pur1kcxFg1VUHhAgZZt'),
	('sTt34V9yKJ','fUpBIfvd9d2n5SQlaPIL','Fqfc4mwUJsgfhse67xlVkRBG2qMQpa'),
	('SV2gLZ5ydz','m76eas1iBW68hICKngkZ','Guc7W9pKJJ576AMqqS9Z3Pr42vLHpk'),
	('svqhIEd7A2','RaWRZI0C78JQ2xxaUbNX','5ncbEJof4Xk8UuHSBx6qhci91lyoZA'),
	('SwE3OVQJne','Gs545tyDZFXn9YW9XS73','oxcPKHmuCroqeD3qEpbISSPI23LDNu'),
	('sX1iRGignk','YxCGAIEZcNGANAm2dhM3','OKmHIpMGcTrRBAxDBnkMuQMvCPTheu'),
	('Sx8wPOv80J','yrQgJ5PNUj6Qs5w24ppy','c63NrBEzHxYn4AYXlbJA5k9qGUDwsp'),
	('t2xNJoPzSA','zYXYyOsCk8TP1NIjui5S','khOwG98ODJaKcqyXOzR4feVPNQYVXV'),
	('t4xzNLcxqB','xdhDut3IC8jlikNPoNeL','mO8TpCgBQfWyVELMxj9OmsxOfhk6NX'),
	('T63cyVxiOV','lE3HCAGO4B6hIOfyWMKA','x0HHbkFoa9oWb4lxQpPNG5YPOSPSIS'),
	('T6sT2FD2i3','i6eVjAZO7tQOVwfcoVve','l7GOYyLtQZm8uXFehoZyakpFA5UD3O'),
	('taYSszkA2O','LWMzE1VYE7MKTwFnjMdK','mSfZijN8Sfs17x5signgkdO3lGZnFv'),
	('TaZlqOd5Tm','PDZDdMKy42AqHCvIEQjj','rZxfLJC9Vtf2ATt5hIGXuZli252ras'),
	('TbJPstNDOj','JFWTw2VZxkKHngpCCFzG','R8JaVxqPZ6XpgQvp9Pmtku1t1lbzNw'),
	('TBWPAQ9784','83HjkiYaDjZ2IRsoMm6R','TXRAUeBsZnCnomcl03rXyUxGTBruX1'),
	('TcQdxqseEn','s1wwmB5ITxZeVEjLbFNy','P4IMpEFKHzj9PWjEHlYiSiVtwEfFT7'),
	('Tcu8bpto8a','PRuX6lxleux1bzt1xH9k','9xC4Zlbq9wU5Cgw2VuXrshjvsGAPqZ'),
	('TDK647spUB','wkfdUBjXuexOOF9YcKkv','7cEBIdItQ34bH7PnREsvE8CngJIeQl'),
	('tfRwHOka8R','8kwhIODQ9swMEDv9O1f4','1uMLIIpapMRmglufOsKgdrbvJyx4Bt'),
	('tftYNIqvIH','rIbQzPwSLFMQPIkbTNOA','945a8QBNRbSfDniMGHiqa8Zc5n8C5f'),
	('tger55ElQj','ALTdetynBCPfkladTw66','Le40S7Mb5xNYPODKnZQS9uJcTgeQuY'),
	('TGpwSVOSln','svsWrCOlVafgaGCnOfIG','ur13FUmMiHE8OhxSzXqNj2ky4Y4uob'),
	('ThceyEWSX6','ZS6DkKLJKSDKAFg8rdOq','RpTvGatXTb1IXInMygbVrraF9sKti9'),
	('TI0256RgY4','QRLHZs3MXXsTW8a291wN','lTa12VUvrpDuUG2rK6sJOGx5A63omI'),
	('tj0S7tFMKb','0B2jWkF6qyXqstBOTgSU','u74OMYKIiyw6MTSKBs8nF8ZcyUxCJC'),
	('tJDO1e6l54','pzHuYkRFzEb5GsKJlKFw','fFNOeiqkafgblE0eLiYWalJUnLfguC'),
	('tKVnydbNpW','WDBHJrRuNQgmexnG2K8v','vxt9WHHMfy4OhIfTt95J8hF5TVfeW2'),
	('tLjMtDeBpm','TGLgVv6tfa4jJFmXgyQx','RWnvqxcdMJsDLHnvkOFLsxZ4T8Hryb'),
	('TLZIM1uG8F','CErZNqMHBYKM8q8kdmTV','DIZKDU7R4NLZpdcdmPrDStGb2xsBPP'),
	('tM1X9o2tWr','ifmWYouXX5ZYQuAywrX8','3SxFDPwuLQ3US5VSVpXVPgAYEPAVYo'),
	('TmypdJcBii','SfhloVfGiE85oCd1hrxL','aOPuQT1nUQvDNcYQDLK4wVTBPcQcQm'),
	('tnvcOWs9od','82sNjo3fYhb4PkvIWXUC','Sli7RpQuQvCs3HTYeTiufBj6vlzTKp'),
	('Too77xERQl','wDto9pfEGUA9iDH3VfVw','NOMxXIMMM8EU6EPY3QZmZFOqTL1RYT'),
	('TopvHYGISy','IZn19gaLD5F78VUZX9Gd','3a5cb3SFkSPbgjXWuNMcIjAmWnLBme'),
	('tpIFgWPy9O','m5Jd3WAxV2zWX76LguaN','s3i6uiuo06Db8V1YLQol6pk8igqnIU'),
	('tPKyIU31vt','5v9bMGqgYsmeNj9GbQ0p','SPuawcj7ZDcokqDrX9jMbsVN3DQtRR'),
	('TQhzwmhcR7','CeAfkHJaFI4gvHGjRERF','qbKikWT7nA0ko88yVy3NDjILJy5AnE'),
	('treGle8OiO','KAn3440CTuvCq7X3HYT3','Ob4MMp2eUwkPoxJ6jgorr6Cn8sKynJ'),
	('tru6X5IyDg','RoKVLpFqu5uXwpi6jxPY','7ob5bvzagrairpMoNv9sAqt5nfdUIs'),
	('TSph4BcgA3','YAfb8dwD7dWneHzB8E5G','ANj0uPFciFaQ5AiX9SRSscRzaf1rYd'),
	('Tt2HVeDNUi','IoAUA285Kx3JnWg7Zkd4','vIVgFNNTNfgDOYCDmEW5rjL13HTnQZ'),
	('ttkMUHxewt','gSGyTFSMCRGcRA2vIZ1W','CqJbZNIV57MXGSAVJHvOAxMj9y4WEk'),
	('tTPghRIY4N','AoqYGydm4pRJ3FnwubWw','oyK8Iwvk24zfbRr4QOmXITh2UhjwMd'),
	('tuSYuocxbQ','5n3EYl1WDXWjihDCJYuw','uodbwZZwQOTQqhrmyQKGln4NxDl3Ua'),
	('tVEERYaJUp','vFrL6JqENT4AcU95rWnl','yv8k4UYHfsSDCGBWeEfww8O1bw8NVd'),
	('twiP90AFaE','9rvMGbHEGdw7QVfWRJqw','ps26y2FQ4qwnABIfObAdBV8Qk7Io6i'),
	('tXV8Glswr6','qhNrg7r1bQgBQHWYsArN','RN878hEE5xO9VuxhUBxgYFGKAEwaOS'),
	('txyyZjlfFq','UWiuDamihZfMMogsUL7O','IOWwWLsWDljZBDueP6UMjGuhmWVdYo'),
	('tY9uL27t3j','fYvmWXLHaxjIX5VtVERn','OEtK3obxZqF380ulKWaOz81A2OmhIu'),
	('TZhqHbWEUJ','B35FYzOgZn0sEm6WGINV','FkB8jR1o1A0i9H7nP8AM4qut7Pmt3P'),
	('U1yN8yhPJT','tQhtmKfurgLkAsPgC7NC','3JXCD34TT3YLG3wBLfkFLXBh9u8kwj'),
	('u40WIIrE1M','5VtQwUMB5PeSIQWve2sX','8WZUPQwm6bAqqWnRO4YObcLXm8UkQJ'),
	('U5BigkoVPA','yy429TNYl3aJXVoToqhe','ZGu83OpUNFCoZGgfORmDhVS8ubMaEj'),
	('Ua4Ec5YWra','ub9VVhaFoc6oghH5nOo0','Y1RCYDILFBrWDJIJxEVi1wZZyC8gGD'),
	('Uakvy8APkI','UTKQXYA6t9tD8tXKiLdC','kB63x4hbjwpcg4L3CpoxD4ykfmYXR9'),
	('ub3IF41Ujq','OBUHzqlMV2m3Nzo1lE3k','T9Ggo2u2InlSWIvETumn6ReuFwdJBU'),
	('ubrzPuHANU','a7p4D6UgxvyLCMf9ONnP','LFB5ADgNCFPyxq5kkdj5NvKs3a8L4B'),
	('UbtfXrzoa9','DSIFPGbqL5UeRIfMD7MZ','9gORp4fw7aL7fChgdkeITBMHiC7Ucr'),
	('UcIRXl19DC','tf5HrcKFmBk30cFafvKA','PLhTGLmoRItOMdzAI7nS6MNwf5yEyC'),
	('UCTeKtXXFO','sWPa8i3I4j0nLj4ttHr5','V2EOvSJXLZkFdzYQtqe7BZSdjjaKRq'),
	('uDk20cvyX1','s45ERAB54xWGoBeC4ybm','GnZQsiEwL3K0pQOOHrmkWlTIEgYHYl'),
	('UE8cXHq9Y3','QQTTsM7M4s7qGXYr7345','XhQNvF82mIBW8uavp26miqLNShna9t'),
	('UhV4QSFVZs','6Aeif2dLoIiQBBBsWAYu','WAw2l37e72cw6aQJZ3FsmrsHJ4X4AF'),
	('UJ2XtoFHC6','WDqFIdM5vC7ecS16TXUN','EMHAUWa9ckUv3wPS6CoadTDZ3BHP1H'),
	('ukYcoErsrS','ETvfbkvl4NXonQG7ScjB','XtcmlLwWLYqJ3gqvQwyC96S6rYN7e1'),
	('ULkW7ZmjRx','AQxNbH2TU5UPq9KBtJHm','BwCUJB1UOWOARED6IoE3QfNehF4NKv'),
	('ulZ57PXX2J','fUC45pZ9NaovrQVtg1hk','8dAkCpikfiggj6OBIcVSvYwU0WCjuM'),
	('Uo3TxmMD92','s2eQaQlMlqpXzY6ux8tz','s7yVMShcar342OYyfZmFwl5gmSfAS7'),
	('UOd3Bubz5Z','u7m1Ji5D1f16xqp6wNV1','EeLfQvfAJaaPEqhobXpHpJWa29whpY'),
	('UOzjpG8fk2','CCwcLbBUJxJO2F2KzFlS','gVuFiRe03lQbRvSV2w6IVNcbsjjelq'),
	('up5Lw7vksf','zNqbie8vMW7A45pyGLDR','b9Eogtd3FloO9KHARUg6Mrji7mBxXi'),
	('UpdXwoTUeW','ahT7U8TQmj0PaPa3S7g6','nocBiUr7C43ZWwpKh2RX25LmlBUJoS'),
	('upGngDmbAE','EEAGKYNsv8AYJlYAQgr7','jtx9P339YwQqUIpTwcNFfpePn4Pjcl'),
	('uPS8WjwbDO','C5SYNgfDbABp1HT4qdBi','QTlCjx0JigSy70Zk09dHtbNtijqngr'),
	('UQ9YRJL5F8','uPVDOUZRr2LjFwdlpxNt','N81hSqdcRq8I4bTkMmk0whqmAx3kS8'),
	('UrO8GlLn3l','EoT1adrwLszm6JeUMWax','STBkW71JbqmyZsNJcOiCGsgMhrITJb'),
	('uT2J852dhL','pavtUKRB54DJUWPffsRr','ySmvfe2ELxY6NmTWVUGHi4JjHA31H1'),
	('uw3pKzXinY','rZuf6GrkrnUOxa3Tsf4H','qTm8kTZ8TjZHCUhh3ywZEYkLqVP6fB'),
	('Uwf1erksQR','JhyWwhHO12MqR5eMjV9u','mHdoN1hq0oCB3A8AVqF4S2OOsGcd4W'),
	('uWM2Y835N3','MRag5DNE6lSuIfNuMZUr','8PsXmfP2yc4MptvL5BA2GQXhjZELdf'),
	('UyoVay7m5k','piJ4FoH21u79cADVZ3EO','YFZGqfKr1cIFbLuaPf67rEcaxcEFvi'),
	('uZQBj1wS4J','Lyd1cirIrxy8P8W0QpNa','IMGwpFRcUZ82iJxEYwUBYus3daIGR5'),
	('V2Gh8d4PLX','v9VtFZ6mXnZCUi7RCrXG','uQRgy5qJ8MsKGWtEitUShR3EyLd1YM'),
	('v2tuBUyKfM','N3u8xptffrMqMjA8rnEB','6Kg7MWX55pODDTVY1OtkHRUPNnxHZF'),
	('v42vCEri4g','dPuaVZWCjfbrCIQyKOFT','G6GAm5gOeKZY4LadDqV7d164Rhrfc4'),
	('V5v7IC2Umh','AuRWfQlEcXQ66acdoMAe','IBimLDRSZ99ji8y7oqNrXrB79euqrZ'),
	('V7i7c5L81D','tGbtAgAa0GelXDEKEPbk','LAtX7XtUDCzwIWJS5s4URtIhkjDM5Y'),
	('v9gsOwmQuT','Gkq9045gFRzGf6TfImQR','bAbtLHf4Vr5ibXz7phYUoZFMJcIKPR'),
	('V9vlmRdJ8A','nLjgZybZTuTMgWCSJY8G','4xWTpc3NdpnSa1XHYUV6JQlPJND6zQ'),
	('VCJFwBd1Z8','hUdV2BhgmQYomvssjt1D','ProGkApKbBk2TnRcQY5aWI3jHyKBIB'),
	('VDTtCZIRB8','IN2S6Lh5L4vpDfHL8i0U','7uqhch47GwE92oaBrqrSeFhdLCkzqG'),
	('vFhnTsdXrZ','QLTabbHJHaI939BwksgJ','dO8aZtICVJHCDwS8QlCRa2yUifCZQT'),
	('VhA5soYkiD','sXRJMn3enYXEXr7FwaMb','U9JYf41WbP1pX8MbYp67cZQahNtu4E'),
	('VhDpZJoqxY','XcrM4uxDIXOBYa1MHKOU','jBhEPGHYVZJnFfL9AW5fr1oyVCokpj'),
	('vhFWPn6pj7','GQJZJLxPrGeC3mQ6Oc5S','QDXq8HByGcHZH3rSWXzcr5th6iTChg'),
	('vjQDGJMcdl','FuUFkENbUieMbOmNRmgu','3nI7HfAojTOQDEp4j7GWHzuSPEjmEX'),
	('VLC71ODRqH','hjjQS3XQRH1SgdGzaln3','HehhUpoAjyJqMluFedvp8mvK3sY1bp'),
	('vlJ6TGGUFd','FQUIEokj8VEHHVvjkHhd','OcSBg6rM59t1DanORig77SA66Pm2SM'),
	('VMhywWDX8U','PlaGSrwSBVAUohusgS38','bZ9QC7KlrISXTidNP8If7F3uwK1pG1'),
	('vmRNoHEEBf','OAC8nz0vZZ0tecwXcX5F','4GagnPjy4KLO1NHmomG8athtmJYIfT'),
	('vmuNGnx1iB','7xjCk5aGuuUV9TsNS6N9','V5CkAjsret8Q82p5kuYod39vdP2MYZ'),
	('VoWAMYpbxC','MOdPsDJDhnkd9z4qaZGw','e9HUHhhMgxyf3TH5El82QV3XxYTcZo'),
	('Vox36A2C8Y','t2JuqipQSxLi81u8asrv','b6PW2gGj8l4wE3bOuhPQt2WIHmhyc1'),
	('VP5O2Z83Ri','XYUXfgfvtxjg4QT3o9u4','BWnvTX4VxOpaHN2QxhSbecbWGdgAqf'),
	('vPKdEWlLx2','c2V9v9BYuF7rh9NQoKP8','J09Qc35SSmdDO9b9h2XdkrbAPvBnEf'),
	('vQiIkuAO5v','qP9purrJK4qL6R00HJlc','YFRyx1XpcTJKYHwHhK5cdylQTkcgo7'),
	('vQnhN6QMfR','cLpJKW9v40eGm5xdo4yo','a4Zk616obvdNmoEHJ8Tbh5KxdaWe4O'),
	('VSBlJ54NsQ','24vZjeaPrskuG8E8QqRS','d0GUUMchTpDlQ7yA9kO8twr5HOTDxs'),
	('vSrsOGYsYW','8H3ljf2k54waAp4Ocoyk','K6LDKjx1lqXSPFBrxk94TyE65JbDlD'),
	('VsTrwiXFdO','8PTdsMMsHk27fptlv7cX','eVKTgiD5FuoAGpPeBFZkOxAF4k17xA'),
	('vUvn9HdoRe','ZZvbrMS4hLDRC5iJgoKP','Q0kv9xSflV88jm77ZarQmgwuaro3gn'),
	('VvmFnddZ0w','YnAtuiHxU5FeHNuY56MP','0lLO5h72XMpJRPNQmrDnz4KJwt56Vj'),
	('VVyfDPgnas','ZNjIQGRFWbZFpzHvKO0l','vlMJSoD6BZachrEredC43Y2rccgZHV'),
	('vW2YrUeMx1','h8ZVoME5BgHZM5wIpIgI','S9pNxoOnGKwdKekMxKCxwPOSNTX8p8'),
	('vwIEwm7Bwl','iRKsRjgG39oxnktDFzvH','Z1rFDiViYd6Y4zFYAqu5Lg1DgItQig'),
	('VWTqHQpbvZ','TeBkCoAWROcMZdWAaHad','GVVXXo7dj3hwnIVng5fepbS9Nmj8VH'),
	('Vx9OcjQIM9','Lw78yOtLgnrQYsnOfw53','8IF7AJDeeWjMrM8VOyGWOo40OyvDPg'),
	('Vy3mGppCK4','uQgIj9EHYluMi3U1f0eR','vTJVGewbp6K19pGo9yOL4Ttx9RJa5t'),
	('Vz1fmCU3b1','vAa1XxC8en67eT3PohOM','lGJtNbyMLXOKoe0MvLkK2wHwNmPD7Z'),
	('VzY6g3bsse','o9HGjYCkubl4JSI1pShr','to95ITiij89In7wtbBOrePZX2wbhUn'),
	('w1O6GZkzlb','t8L8rFkfLIajvunUV7Kx','gRX8NwBvB75IDrVHkvqndCPTqQGCP9'),
	('w2QqQjeZgk','iRAl98dGJWoio2oTOw3B','jIfMC22F04DcnhxFGDWHW7scHQmNkJ'),
	('W2VC1b3VMa','U9d9vn7K4dbxrBPhUXGw','j4CokdrGHQD6WOaEMIsaQ4BUYYQAsI'),
	('w3fKGZFgDL','8PMjua1iidBF2P8UbeLa','9gfQbyhUEZyLZExXlS9E6sVvCMsOhQ'),
	('W4shrGufLC','PoLQ7ZKWLaInAWp8Lj5y','WjCRWvK1I5DUHL5Cb8ysQgDub2g60J'),
	('W7PiKkx4eI','Ms95Sh2oe2WEGHEi8f4y','TahjlJPPQGkXmCfHgfcu8YPBzMXLQa'),
	('W81E1w8BXV','WHagSG5X10OlZEUCHS5E','WjcrJyhvpREi4nDbvGJO0oNcaw7lWe'),
	('w8Br83vwQ1','qmTlmMJeVe5XjNikhZSQ','ttDmmx4V1reFHNbisdPCueuCva6p9m'),
	('w8FifBj5ro','lJzoiCtFsPjoZHq3uhGC','QYffJ4suVwBryMTe1CgOHpjQIJvmmg'),
	('w8HgulGvsq','wzyelAS9yDxr2OfLCLzc','R8GV5cONwFZndH1DcstA8vOW6bGGnP'),
	('waUgbvmvHM','YlZ7mMFy3HjhVzWSAyOm','6e1FFa8M0r3OIBiOWhWdHAmEctF4I1'),
	('WCY0MbwhsX','no4nCJo6L9TraGjuFhqx','uh83BNWYvukQnnPMbuHJg5o3GfeXi4'),
	('WecBRqqD4H','RoJhvSTUBqyeIdpQYi3p','AEfa5PHEMz5mVaJiriAynmb4rWvUO8'),
	('WEQIVgKKS0','VW6ss1hOaEglrpmZ4o5q','xP3ypHSn7SR75hqvxkEoMkuZHNyaho'),
	('WG6nBVjONq','gfUoaJwPoecBuA8j3zhS','wPyL5ljWe3ShrxZgCs3X6gkcnB7g41'),
	('wgJ0hpKff2','NFYwtSgFcCtyDtpbfbVU','tyNprFoQsFUGQQ9y6XYjjmbYOUiKXC'),
	('WHjbeCRfmf','l2kNs6FIilQBH9gy9Znc','HIDVbkRdE5jHkUTHfocZlzHhd5ZRDz'),
	('WI7JpqPY16','miFBsuSmXIUMKNn2BzPS','o1iRaHowlf7tcrxArm2OQZsYicEKhj'),
	('wIsV2NrjOV','VhWgTwGqy1TAS3hTDVXe','OvkkssBybUzXYI2hPQ6xgguLG3NUZE'),
	('Wj2rEDNBZD','BPln8MKQ9luXTVvT8UN1','ed7d90kSa7jwdGJanfhzvy36OFOA9W'),
	('wN4ng5DhcL','BAA9Iv3Ng3g2udwEiVCP','LeSbk2lRLdEh70NVPDyLIHRNJAAI7f'),
	('WNZnmc0mcZ','x6G5Yj3olaYiAGv2gdoC','CN5C8exK34WikOFwnpOyfcumrLeXn8'),
	('WoR2ST9xf4','H51KH71ufmYDSnr274mn','rgSp6OZFkVCbY4Js0hOxXymDzrHwJi'),
	('wQAXksBJqh','aRWxwiHuVlN6rywDB8Ut','4WgqZToIVV9NRnWq1wIu85Avw6VJ8s'),
	('WqSDFUQl1d','sFzandOOZR69cx98DLP6','ViioIJGe9IjA8Kn84AoKG8YwfUVHp1'),
	('WSkWKxZxy9','nm5m5tGtM6T9RGYDsG3c','ViA5ZLo33N7GNiNYvnvQceRqgcZSAS'),
	('WSnBWrg74e','1ZHBujB5kvl8krl4LAvX','Wcqdc8jwPB4NhB1TBviZxLP7bX2dVs'),
	('wSOwgfkfv7','OyLNxdZ7Y3FTzZ4gAOTw','vgz4WKuiXU853dhktglWeaWUFVS065'),
	('Wte9DxdWgt','W7XkJ0S8d2A5cwxLaNhJ','FOAxQv3B7qyZu219nnHgVvDk3IK3jD'),
	('wtoA7yWrp1','YkXSRsAupmjRecWeaZvO','2lQfdv6alb5Tf9gLWb3DKVyWLru9so'),
	('wVSYVdFwN7','odhYnsQe7AhuUG0v3JEu','3J2ehn5MejgZK13bLvrybNtb0QN8MK'),
	('WxAp4RRmU3','AlvEH5EqYvYrHQyG9XIp','bsf2PFVLMXc08c1Wdx2izvnfmAD4tK'),
	('WYJe97Ot7V','cA5yP1SevvYTQl1DNs8v','5aBMbZusAecdIoiMSnwewfsZ4Nv39F'),
	('wZBJELdO8p','eugIvCsZFdybHSj8nWJb','RKnulgNnfdlcZL7OxIvIXDxWQRprgZ'),
	('wZqSAuaO78','FI2msNpqqCwC2iChFaLM','8CxdmQC7Yg1XMXM4t4JGjYrzY2jmca'),
	('wZYToVG2rt','Nt4cWuJ43dOA9OGbQqGq','uWsFTyPBdnI2sIEjeenzxVq2qtWj6B'),
	('x4AeDbv2V5','4WHC3hsXjXPfQZjTPMSd','PZS5AT3dAjAw9RfHWkRLiByU83pFal'),
	('x6uH1lv7Mp','v2yf6hDRVJIYTqkT5wXm','2Dm4p5YXClVkyjK9unwVMoCkJrJhHA'),
	('x7xxRuT8ex','0dIQV07olTabhm1nl8f1','bqKi4TkLIL6wrVIYNGvUu7nj56MUxl'),
	('X8LmnkOOjo','Ctr8gV2bzktoLDpi7TSv','D5SQhY77xwKHejKogFHDiOZIRbY5B6'),
	('XAEQTHSO9Z','t9KZtYmycmF9m6qae4cs','bsvo455FWty46WjjhntMLNIHaQd12p'),
	('XAxlcdkqZS','YAt1G7kCBYmj8Zoi9bY4','6wZYA9vAm2RPn3urg5JQOGTweyk4cn'),
	('XcxgUaDOeF','6UJfcRVW8Pw5AUunizId','2NghBt1GGkSDgU5nTZeOBG2bd4F99w'),
	('XGV1Q37kCD','vIV7YLl9aVfIDoBy9tLR','vKPLTWieEpUIQNDuA3AJBmvpBUDgNA'),
	('xgxAf9d2wj','gvwcSI2MW8i1464rG1qb','iqdIZgMU63QmPxJPZvC1bKVFoACxMj'),
	('xh3g73Q8jj','dh9ypsXjNVSrO7QSuLMe','3cVhSEIfH1wFNwGUkAN5K67gJugUs3'),
	('XH9ALdfejE','gtdIB0Cfcf9ps3ajXklw','gwcJIQ6EQBTXbGp6CprIKmEAa0QQll'),
	('xIWxzVFm11','tWovahXc65HVaEe2PWwW','riwSsYrqIM8uUwffRPsUKRoGP8C1e6'),
	('xMJktRFHOt','BvwKHHppxLZbUZfsoOHK','NEdPJpBqW2cul4pu4Gt0gFNMhKTdaa'),
	('XNtanVnl3N','obfHURXPpowc9qkbXkcB','lEtdpbuWNMDF1iS0cmvXfDeJrAroBs'),
	('xOZIMtgimk','cyObqKdjqafpoFfDMdst','PppAjDl7ZPhXkDXy93DKVDpuCTTTPc'),
	('xPCktodgJd','hjGG7DjTTGCoXakDFHeS','qT3IrkTOBWlKWbry4cGWXEJLggYAml'),
	('XqDAYSo75o','LpR3GpBur6k9pdRxmvL2','InUIvIqVciAMWUxo3k6V1A7uaPLVtJ'),
	('XrNBZsQre9','HwqO36opNkuNDSVOzOgq','xuMrKgugjhPkjiwKj9MQSG7kxIYY7S'),
	('xSekP1o2W1','kjHTMjPpt89Hy6WF93ew','S92bwvKvFFB6DlbzvCxx0qf5Qu5qr5'),
	('xu1tJRdPVf','e1M5R5p9mBZ9szoIo6Ok','v6lkdQLp74wPQF45Oa3MJywjDqsBQ3'),
	('xVjcHBCNaP','sqIWHjHFEyAbmr7n21Lj','4BPqmP79JroPjv0WAiYsi68Epvbqpt'),
	('xw1djNHoky','TZyYIH5unxSIVOsCUItP','yZICDrvkhKicujOti5AGMI1orJIgYh'),
	('XW6qit0SFk','LPc6eCU79cLGGtWFhcCJ','vLwEYDGHsCrmN9yOUMW9jLOEacrVue'),
	('xwqljjdYiu','fr36aUGev3swtMnPArzi','gfIvP93PBIl0853TPoEYYw7E69O78N'),
	('XwsEjEifBL','FWZFDPspVRH2MZ2issOE','cCYmaczgladPhFQvMKSTMIcuqGtbEF'),
	('XYIQbbFpas','HEtZmOr1tV4SA28xeA6M','YMxndqrbhA3xGaOjB53IXSTyJ7JpjR'),
	('xzjdKTSfNn','K4FQ1a3k3XY3QdUKMawI','PRbGIomPynF9VIFPPho9JkbRicDM4U'),
	('y2vACyewsB','5Yp1jTFKyAuJPBXAEh4m','yqu7l6YEqklvXArVK4ruSnXoEym269'),
	('Y3NFtRse0k','mQ3lU9bBWcckT9fuMe5o','TpWCd3gM8U5Zy4ozKAHoqhXked3xIL'),
	('y4s9L9tt8r','LwUxlZKmxI4DiLPi0lke','f6up4YxENUKlnen5ieFqyoW7jsZd4B'),
	('y6IzAWT9cO','KhjRPchK8YMR8WU1vmQb','DOSxTeA6dbn7xaKy5gs7Xo46B15wP6'),
	('Y6NYdcTJ2u','KNHyr5W3YDF97ZmvIf9K','PDTKF86On0ijIKX7M23Jp6X6GvM17p'),
	('y7owGIQLHy','bMmleJWSdrLhUtXFYdpe','nJPcxP7YlvgjxoTtyS1OjmloIPUyps'),
	('y9j1GARVf9','NyWO1ErJbAnbZsDxg3ZK','P2VZJrjhbmQumnwscyTBM34uTGHvXK'),
	('yAYHqbqM4y','Q9d9YXxNuWJmlCKlBvcO','RuT16qUNtRdoUX7rJ68tYdcTKmHQQx'),
	('YBSqrWxoa9','FAvm4TFpdvZtRtcRMNar','6XQsZgxEwfTkeEAvTnDFcUEi5U7LCP'),
	('YbX4wkqRIt','k8oMs9j92RqJLLIEHAim','WqehZjGpl2cwxOnmfOxDjbw96noXUk'),
	('YCBSYqtIw9','OitTxmcSnzXHyrASdcMZ','Ay2op8Q6G0xW2yDxcJFddp4W2xzip9'),
	('YDEkTFSX1T','966ItYbNZi6uWbZxEJdB','xbhw0jcFgb5lNaIIAwPSrxNn0oqE9a'),
	('YdPo8RSw8Q','QwcT4GTdQwj4ueHNYANL','7HPhu2rNbX1TqFFD88MlwIF7GEE58e'),
	('yerQtAfgia','QDqrfZhDEIPdxi2iadIa','CFLolw2RnwiAobabJX2ltK4GVZJDBa'),
	('yg9AFJeX5a','qRyMQvCVr4fPdeWGsslW','8N90h6aycPs4x6JptmvbbpW7p9xauK'),
	('YGqSyDnTbg','me0pOSmsS2iaxDDBcWhO','Fer1TJFBpxXY2mbEkei8YrqOOIPgGl'),
	('Yj9PwfSEbT','bSHrvY5O7HllbwCcDaVn','L1bt56eUbWvq0uJrRrZQEyTkDHlEl3'),
	('yje2utiGOi','skG1x4MXUQGh6bSN3XCm','SN5BCVxoRQH712p5j8c3BfTF7669Mw'),
	('YKpvyxws2M','G8W1BgGI2Yf3rGBdQsvs','C90DVYxPrKuFYbyoyZEsSbv7o7fECh'),
	('yNpKh6qnHf','GYut6Z4CH1GDM3eoJjTX','aOGJWx1NJim1596EUhVppTky1A6TG9'),
	('yRmb5tA3II','fFeLFAC4R4JeWinlbaZw','CywoKQGL6MpbIAQyrY1Ar73UDdK2U1'),
	('YTLiXJfxbP','ULCa1abr9GkuOM4RbarI','OZEAP9rZW4EeWMGwBw9Ht0KwnZLT1G'),
	('YVs9yugqeX','LJy3WSX7LZ8RnQ562dDm','C5yPKWFw5Xt1ndXl23VOhAunt6IThg'),
	('Yx0XrDqrWH','k4RcZTjBLWkfKKahkT4h','9YU2tEWPGLtH8Z29BuXOL0cYdpFhNg'),
	('Yxi6b02YkV','0jPHVZTz1rpmVWSffMhN','ke9UZmtsUV5GnXgHlcdgsybMripLV9'),
	('YXLHDq2i87','D2N3uGuDCK8v9hJpuWRd','WRpjfrEdn3cVOyrO2vN8FQRC6CdOCi'),
	('YXQAEFp2Tm','wQ65Reb4t2aijm4hnJdi','lEbLCDDv1mh3HlHiLLBKXPhvIvibrv'),
	('z6dI7w0Jop','q1ruFsQQsONXR7W6Ujh2','ScKvvQiFaLhQjTwtmxpLSZJgZNa7uo'),
	('Z6ZBBkTh7h','scWjnn8Vgwc86pIp1Lvh','ogfSQNqK1ZTPJlGkjRBxMd2QOgsDB6'),
	('Z9iN94vSkc','22ZSBW1wYsjMwUmiiDFK','HNcdBEwfV5TAUSrXhacW2ifNbOIeYM'),
	('Za2OtN1k78','ESnrEj7TSbObVlcXW8bc','TXOg8SvFQ5FW46WhtLJ8FIekgVOnrO'),
	('ZBoXGTq3uR','7rU1RHWNEqHDxEwoYj4O','ffT9aCKkiLmW4wbbx1EFbAOoCuxs3N'),
	('zDnaeRxA7r','U3971tfHa72BitUFgcek','RuCAQ1YQM3hfDLRE6yGLk8thkdVtgG'),
	('zDO7bpYjCK','WvvLL1jvQIJsXt0Wxpzk','vHrqdT7O1YVuodoaR5HIbkrMaTaqM2'),
	('Zdt7aAkYZB','wAPAU7Au5AhzFZwYQgWW','dezIA0vkTmiZCHkbRa1q1HOf46N2Dq'),
	('zeXB2Tw1Cb','c3ivIcauM1vEjk28ygfg','P9Y8UJaPXq9wfjoe77hloe0SyqCKly'),
	('Zf26S5MAgO','1rB5XL2lL21g4FoNBoqd','Z44fYsPtdJ2wFRpqSEoUh3NJeETJMG'),
	('ZF8hm7IUKw','gEn2xExH1ki23PrVOCUB','3EFTaT4luIEKYnkRebCsPxRtVUj5Ls'),
	('ZjMZVPUrm3','YpEboRM1gcDpq3MOFrDH','44GP5pQ7bq5mDqpk07mhOScPRQtntx'),
	('Zkcue6X6Xr','mrLtXDxqwbIzg91PU9cG','g5BPyrHU5sauL5WOyv92kbPfgbx2ET'),
	('zKZnssRWad','LaS6hAaCuNaq24FE03XQ','ABJO0KFFM8qfGt78Q46BBD2JYQvxl2'),
	('ZlYNYdEDoP','XMyPYbqYbrdvi9GUX2fX','3TlhlVJlmRNM3Xprx9aG9bR6Y3Vs4G'),
	('zmwojpUGAn','vu5tmX7y2JLIuDn9gWqq','FqKXQZmsy59FmZikRzvEHVotHOv5iZ'),
	('ZNFVbrqUsC','YRk6UT4RjfowqQcvdEo1','yT1ErLA3pQKSCeayh9MHnuFNIv6I9X'),
	('zo62FkOCb9','sEumHhyrNpeQ2g70zCJN','hUdG1mMU8SgK4KXbtwYcOj6KFsFGrY'),
	('ZrooJoVBDf','YnNqEzlLo9jorAg99WFZ','Y5fSOfeuZ6rltmsZVhHWFYLYwxfWg5'),
	('zsKImdwHF8','B5P1jMLsCT95vtTIULQw','nwuFMhKEtz7O9bPJffXFu32fHt5HCA'),
	('zv4duDNQq0','VOPNJNTZcHmHVAiVOraA','7kRiAQUYFTZFJtwH3RiOZHxkZvcNMQ'),
	('zX4GE6ayeh','ZLvB0m9rOerCZ3Y6L9UK','qkyrTXSkBk3TF98cDjbGMh4oSaGFVG'),
	('zxir4hEQYv','XD27UlUnyNwJ3PHh7IuT','V4MssEhGwj1H146EXulKCK8xAFFq2K'),
	('zYhS4iuhxE','9Z2AhicTK9RpkWDSOOMy','S2bpa1h9rLJJ9JYdiMBODdcn94WbqH'),
	('ZYP8uhvjEK','KiOiE72oC7GLYq0DqH68','qlN7sPCMSYjNJB0d0jOWyEIR9AmrP4'),
	('ZYtlxX0VHW','lQg25Y8DDFb6OqLLkYRL','scSwZ2LoJIdcIlvcAvm5JpIdIWlNHV');

/*!40000 ALTER TABLE `Klient` ENABLE KEYS */;
UNLOCK TABLES;


# Dump of table Kontakt
# ------------------------------------------------------------

DROP TABLE IF EXISTS `Kontakt`;

CREATE TABLE `Kontakt` (
  `hodnota` varchar(50) NOT NULL DEFAULT '',
  `cislo_rp` varchar(50) NOT NULL DEFAULT '',
  `typ` varchar(50) DEFAULT NULL,
  PRIMARY KEY (`hodnota`),
  KEY `typ` (`typ`),
  KEY `cislo_rp` (`cislo_rp`),
  CONSTRAINT `kontakt_ibfk_1` FOREIGN KEY (`typ`) REFERENCES `TypKontaktu` (`typ`),
  CONSTRAINT `kontakt_ibfk_2` FOREIGN KEY (`cislo_rp`) REFERENCES `Ridic` (`cislo_rp`)
) ENGINE=InnoDB DEFAULT CHARSET=utf8;

LOCK TABLES `Kontakt` WRITE;
/*!40000 ALTER TABLE `Kontakt` DISABLE KEYS */;

INSERT INTO `Kontakt` (`hodnota`, `cislo_rp`, `typ`)
VALUES
	('0bfHuIwGVAb7Av1','EE547554','mobiln telefon'),
	('0ggzAz1YSPUmUTw','5214578','email'),
	('0WYwPbS1q7qZfZi','123456','email'),
	('18dMMPjBrd54Z97','EE547554','mobiln telefon'),
	('1eKQeiE2mO5B7xt','EK5989654','email'),
	('1g8sH4r31btHbrI','452187','email'),
	('1IiWgGCybn8dxgf','785456985','mobiln telefon'),
	('1RNizSDLX1nlnpF','EI5474126','email'),
	('29nDRi6vyvu96mC','5214578','email'),
	('2AHBeYmSRxMhuoN','785456985','email'),
	('2BHX3v6T1g6mWU5','54878954','mobiln telefon'),
	('2cbPf6gv3KIEdZ9','785456985','email'),
	('2cDu0d160TRt7ux','5214578','mobiln telefon'),
	('2H7sxAvpgMkaSBN','EI5474126','mobiln telefon'),
	('3fHpfBjPIqkLm0O','5214578','mobiln telefon'),
	('3lzY448vVfS4eoP','5214578','email'),
	('4djaX7oUlKDDzkC','EI5474126','email'),
	('4NYR7eEivQwD7Mw','5214578','mobiln telefon'),
	('53Wbrw29s17HAHZ','ES5874521','email'),
	('5KWzxpfDHsnq3gz','EE547554','email'),
	('5M9R6uYfARstqEm','ES5874521','mobiln telefon'),
	('5QZw18ei5ndef6Z','EK5989654','mobiln telefon'),
	('5TBQYmiJTDwI6K7','EO547854','email'),
	('726z7eL4ELx2cin','EE547554','email'),
	('7Ea2R5uJgcYjxxl','ES5874521','email'),
	('8BAV1zGfxvVkCmb','EE547554','mobiln telefon'),
	('A2CDHn4Q74R02EP','5214578','email'),
	('a5LOCx9Q3eWMpUs','EE547554','email'),
	('AbhDUCjkKRgdpWb','452187','email'),
	('bewqT2jSjRR8E5c','EK54125','mobiln telefon'),
	('BjfHVASVqzGKBtR','785456985','mobiln telefon'),
	('BrvYywD77G8r42d','54878954','email'),
	('d1FNg6KCNJOJfnJ','785456985','mobiln telefon'),
	('DBBed9WK8A5ZdgA','5214578','email'),
	('DnKyjmvI5E9eiWi','452187','email'),
	('DtYorTdar2JCjgb','123456','email'),
	('EDBoFDr2XnlMvXV','785456985','mobiln telefon'),
	('ef8YWhqwoIAiI3T','EI5474126','mobiln telefon'),
	('EN6BeM8PXQrFnHE','EO547854','mobiln telefon'),
	('eo1ndm6H9CDG2sD','785456985','email'),
	('EyeWGWD3j8n8cY4','EE547554','email'),
	('Fet5Y5mbbFcoX3I','EO547854','email'),
	('FFE0hbQ9ItXmptF','EK5989654','mobiln telefon'),
	('fhs6uqpKrUcdldq','452187','mobiln telefon'),
	('fYRx9gVTNwIhfd5','452187','mobiln telefon'),
	('FziWQLb2Tvr84mc','EE547554','email'),
	('GaabQsoELsKJa7t','EO547854','mobiln telefon'),
	('GFDQ2J3BFEufBGj','ES5874521','mobiln telefon'),
	('GlOYbiSIF7poTcj','EK5989654','mobiln telefon'),
	('gSlrUcAA3gKTeYZ','EI5474126','email'),
	('gTTKjiFISgrFCHA','785456985','mobiln telefon'),
	('Gx4t5WgQ9KUNFev','54878954','email'),
	('HJiNAOhNV7LOpCP','ES5874521','mobiln telefon'),
	('Htz9CgIiSr7tQAg','785456985','email'),
	('HYGiAb7eoUMwAOo','EO547854','email'),
	('i27b9VSGdcEg14t','EI5474126','email'),
	('IedOZjSdlsU7nln','EE547554','mobiln telefon'),
	('iiAQsnb39F1qacf','452187','mobiln telefon'),
	('iO2bZezPyCPXiy5','54878954','email'),
	('jRXGza2AHVHHCwH','EO547854','email'),
	('jtF5O5mmgJmnt8h','EE547554','mobiln telefon'),
	('JTht4jzHF9nSgN5','5214578','mobiln telefon'),
	('kdyv2PBKobZ2R99','54878954','email'),
	('LeapHwEJHuIKVdN','452187','email'),
	('LVKdYCHgJoBPaVS','EE547554','mobiln telefon'),
	('M14dxpl7rmy2EN8','EI5474126','mobiln telefon'),
	('mDKMoFFUVh1HFe0','5214578','mobiln telefon'),
	('MIGcuAtJsoIiGsf','ES5874521','mobiln telefon'),
	('Mrkc2cfAu3MNluC','452187','email'),
	('mttgYd6BMUeLRmF','452187','email'),
	('mvSlAH6OsUyDVtk','54878954','email'),
	('N89ZQKWLIbQ6MTM','54878954','email'),
	('nFL3jGsDIii5khN','EK5989654','email'),
	('Nr9c37KZUc8K2Ij','EK54125','mobiln telefon'),
	('OGs7ZH6T177orZD','EK54125','mobiln telefon'),
	('ohMRKHTGp5iGCMn','452187','email'),
	('OJ8gNrv6STnhJdT','452187','email'),
	('PEZ87UqQ4ZDfI4Q','EI5474126','mobiln telefon'),
	('PFB6g8AlWBNPjfE','452187','mobiln telefon'),
	('pk4F2pNJeeFnICr','ES5874521','email'),
	('pTjzqHn2oPRlVbo','EK54125','mobiln telefon'),
	('puef9B62oLI1F49','EO547854','mobiln telefon'),
	('pVVhZV2zhSTrgja','5214578','email'),
	('qdiAJBc7AsrL1bP','ES5874521','mobiln telefon'),
	('qFWXdTK5pVToObv','EO547854','mobiln telefon'),
	('qn6noYuLxevcqMC','54878954','email'),
	('qoK2NgSZAwiPstO','EK54125','mobiln telefon'),
	('qpKhpyojo25OfvX','123456','email'),
	('RLg4Em7yHEcyMpU','5214578','email'),
	('RLOkU2StGVzUxlw','123456','email'),
	('T9cI4uZ98bRKd3v','EE547554','email'),
	('T9Vo4otOTsy4X4Q','123456','email'),
	('tUwrpQjJk8kpPVe','452187','mobiln telefon'),
	('Tv463n9hKDsYIjH','EK54125','email'),
	('U3j2GVFNdpyNema','EE547554','email'),
	('uJ92o1yFpYBHMJG','785456985','mobiln telefon'),
	('uRLv5IVbziAlcY8','EE547554','email'),
	('ux8I2P9eCM9lgdI','EK5989654','mobiln telefon'),
	('Uyd6OVuXwDEPPM7','EE547554','email'),
	('Uzlf6tAg7h81NcO','EI5474126','email'),
	('vDEYnu7ZLLgnN4s','785456985','email'),
	('vXiaUz4nf4YdsDn','EK54125','mobiln telefon'),
	('WJvDZyOKFZZBvxj','5214578','mobiln telefon'),
	('wZfwLh4cqqxMy4Q','EK5989654','email'),
	('XCOqPYNvx5GY3iq','EO547854','email'),
	('xtJD0UL7lTnSQVS','785456985','email'),
	('yf88jGuZcQGOrRg','EI5474126','email'),
	('YfVodHvy6Kbexia','ES5874521','mobiln telefon'),
	('YMq6U44njp9a70m','EK54125','email'),
	('zaSWp895pTAADkH','EK54125','email'),
	('ZDIWz0ZKlicn2bh','54878954','mobiln telefon'),
	('ZpU3DDsPTt5pnID','EO547854','mobiln telefon'),
	('zrLUYZNQAuZkkiz','5214578','email'),
	('ZxxsoMrswl6gFRk','EI5474126','email');

/*!40000 ALTER TABLE `Kontakt` ENABLE KEYS */;
UNLOCK TABLES;


# Dump of table Lokalita
# ------------------------------------------------------------

DROP TABLE IF EXISTS `Lokalita`;

CREATE TABLE `Lokalita` (
  `nazev` varchar(50) NOT NULL DEFAULT '',
  PRIMARY KEY (`nazev`)
) ENGINE=InnoDB DEFAULT CHARSET=utf8;

LOCK TABLES `Lokalita` WRITE;
/*!40000 ALTER TABLE `Lokalita` DISABLE KEYS */;

INSERT INTO `Lokalita` (`nazev`)
VALUES
	('belov'),
	('Abertamy'),
	('Abovce'),
	('Abrahm'),
	('Abrahmovce'),
	('Abramov'),
	('Abranovce'),
	('Adamov'),
	('Adamovsk Kochanovce'),
	('Adidovce'),
	('Adrpach'),
	('Albrechtice'),
	('Albrechtice nad Orlic'),
	('Albrechtice nad Vltavou'),
	('Albrechtice v Jizerskch horch'),
	('Albrechtiky'),
	('Alekince'),
	('Alojzov'),
	('Andlsk Hora'),
	('Andovce'),
	('Andrejov'),
	('Anensk Studnka'),
	('Archlebov'),
	('Ardanovce'),
	('Ardovo'),
	('Arnetovice'),
	('Arnolec'),
	('Arnoltice'),
	('Arnutovce'),
	('A'),
	('Bb'),
	('Babice'),
	('Babice nad Svitavou'),
	('Babice u Rosic'),
	('Babie'),
	('Babn'),
	('Babin'),
	('Babindol'),
	('Babinec'),
	('Babylon'),
	('B'),
	('Baalky'),
	('Baetn'),
	('Baice'),
	('Baka'),
	('Bakov'),
	('Bakovice'),
	('Bakovk'),
	('Bcovice'),
	('Bacch'),
	('Bacrov'),
	('Baan'),
	('Badn'),
	('Bho'),
	('Bajany'),
	('Baj'),
	('Bajerov'),
	('Bajerovce'),
	('Bajka'),
	('Bajtava'),
	('Baka'),
	('Bakov nad Jizerou'),
	('Bale'),
	('Baldovce'),
	('Baliny'),
	('Balkova Lhota'),
	('Balog nad Ipom'),
	('Balo'),
	('Baa'),
	('Bann'),
	('Banka'),
	('Bnov'),
	('Bnovce nad Bebravou'),
	('Bnovce nad Ondavou'),
	('Bovice'),
	('Bansk Bel'),
	('Bansk Bystrica'),
	('Bansk tiavnica'),
	('Bansk'),
	('Bansk Studenec'),
	('Bantice'),
	('Bara'),
	('Barca'),
	('Barchov'),
	('Barchovice'),
	('Bardejov'),
	('Bardoovo'),
	('Baice-Velk Tany'),
	('Bartoova Lehtka'),
	('Bartoovce'),
	('Bartoovice'),
	('Bartoovice v Orlickch horch'),
	('Bartouov'),
	('Baka'),
	('Bakovce'),
	('Banice'),
	('Baovce'),
	('Ba'),
	('Batelov'),
	('Batizovce'),
	('Btka'),
	('Batovice'),
	('Btorov'),
	('Btorove Kosihy'),
	('Btovce'),
	('Bavorov'),
	('Bavory'),
	('Bavoryn'),
	('Bdenves'),
	('Bdn'),
	('Bchary'),
	('Becherov'),
	('Bechln'),
	('Bechyn'),
	('Beice'),
	('Beckov'),
	('Beov'),
	('Beov nad Teplou'),
	('Bevry'),
	('Bediho'),
	('Bednrec'),
	('Bednreek'),
	('Bedichov'),
	('Bhaov'),
	('Beharovce'),
	('Bhaovice'),
	('Bel'),
	('Bel nad Cirochou'),
	('Bl nad Radbuzou'),
	('Bl nad Svitavou'),
	('Bl pod Bezdzem'),
	('Bl pod Praddem'),
	('Bl u Jevka'),
	('Bel-Dulice'),
	('Beladice'),
	('Blice'),
	('Ble'),
	('Ble nad Orlic'),
	('Belejovce'),
	('Beln'),
	('Belina'),
	('Belince'),
	('Blkovice-Laany'),
	('Bellova Ves'),
	('Bloky'),
	('Blotn'),
	('Blov'),
	('Belovea'),
	('Beluj'),
	('Belua'),
	('Bluice'),
	('Bela'),
	('Beadikov'),
	('Beadikovce'),
	('Beadovo'),
	('Beatina'),
	('Bentky'),
	('Bentky nad Jizerou'),
	('Benecko'),
	('Beneov'),
	('Beneov nad ernou'),
	('Beneov nad Plounic'),
	('Beneov u Semil'),
	('Beneovice'),
	('Benetice'),
	('Beniakovce'),
	('Benice'),
	('Benkovce'),
	('Beov'),
	('Beu'),
	('Bernardov'),
	('Bernartice'),
	('Bernartice nad Odrou'),
	('Bernolkovo'),
	('Beroun'),
	('Beovice'),
	('Bertotovce'),
	('Brunice'),
	('Bea'),
	('Besednice'),
	('Beeov'),
	('Beeov'),
	('Biny'),
	('Btn'),
	('Bstovice'),
	('Bstvina'),
	('Betlanovce'),
	('Betliar'),
	('Bezd u Trnvky'),
	('Bezddovice'),
	('Bezdkov'),
	('Bezdkov nad Metuj'),
	('Bezdkov pod Temnem'),
	('Bezdz'),
	('Bezdruice'),
	('Bezkov'),
	('Bezmrov'),
	('Bezno'),
	('Beovce'),
	('Bezuchov'),
	('Bezvrov'),
	('Bidovce'),
	('Biel'),
	('Bielovce'),
	('Biely Kostol'),
	('Bijacovce'),
	('Bl'),
	('Bl Hlna'),
	('Bl Lhota'),
	('Bl Temen'),
	('Bl Voda'),
	('Blice'),
	('Bl Podol'),
	('Bl Poliany'),
	('Blence'),
	('Blichov'),
	('Blina'),
	('Blkove Humence'),
	('Blkovice'),
	('Blov'),
	('Blovec'),
	('Blovice'),
	('Blovice nad Svitavou'),
	('Blovice-Lutotn'),
	('Blsko'),
	('Blsko u Hoic'),
	('Bl Kmen'),
	('Bl Kostel nad Nisou'),
	('Bl Potok'),
	('Bl jezd'),
	('Ba'),
	('Bovce'),
	('Bikov'),
	('Biskoupky'),
	('Biskupice'),
	('Biskupice-Pulkov'),
	('Biskupov'),
	('Bitarov'),
	('Btouchov'),
	('Btov'),
	('Btovany'),
	('Btovice'),
	('Bitozeves'),
	('Blahov'),
	('Blann'),
	('Blansko'),
	('Blatce'),
	('Blatec'),
	('Blatn'),
	('Blatn na Ostrove'),
	('Blatn Polianka'),
	('Blatn'),
	('Blatn Remety'),
	('Blatn Revitia'),
	('Blatnica'),
	('Blatnice'),
	('Blatnice pod Svatm Antonnkem'),
	('Blatnika'),
	('Blatno'),
	('Blaejov'),
	('Blaejovice'),
	('Blaice'),
	('Blaim'),
	('Blakov'),
	('Blaovce'),
	('Blaovice'),
	('Bleno'),
	('Blesovce'),
	('Blevice'),
	('Blhovce'),
	('Blejov'),
	('Blevedly'),
	('Blzkov'),
	('Blkovice'),
	('Blovice'),
	('Blany'),
	('Blany u Loun'),
	('Bluina'),
	('Bludov'),
	('Bobnice'),
	('Bobot'),
	('Bobrov'),
	('Bobrov'),
	('Bobrovek'),
	('Bobrovec'),
	('Bobrovnk'),
	('Bobrvka'),
	('Bocanovice'),
	('Bocho'),
	('Bochov'),
	('Bochovice'),
	('Boiar'),
	('Bodky'),
	('Bodin'),
	('Bodorov'),
	('Bodovce'),
	('Bodrual'),
	('Bodza'),
	('Bodzianske Lky'),
	('Bogliarka'),
	('Bohka'),
	('Boharyn'),
	('Bohat Mlkovice'),
	('Bohatice'),
	('Bohdalec'),
	('Bohdalice-Pavlovice'),
	('Bohdaln'),
	('Bohdalov'),
	('Bohdalovice'),
	('Bohdane'),
	('Bohdanovce'),
	('Bohdanovce nad Trnavou'),
	('Bohdan'),
	('Bohdkov'),
	('Boheov'),
	('Bohostice'),
	('Bohumilice'),
	('Bohumn'),
	('Bohunice'),
	('Bohuov'),
	('Bohuovice'),
	('Bohovo'),
	('Bohuice'),
	('Bohuslavice'),
	('Bohuslavice nad Vl'),
	('Bohuslavice u Zlna'),
	('Bohuslvky'),
	('Bohuov'),
	('Bohuovice nad Oh'),
	('Bohutice'),
	('Bohutn'),
	('Bohy'),
	('Bojanov'),
	('Bojanovice'),
	('Bojit'),
	('Bojkovice'),
	('Bojn'),
	('Bojnice'),
	('Bojniky'),
	('Bo'),
	('Bolatice'),
	('Boldog'),
	('Bolebo'),
	('Boleho'),
	('Boleradice'),
	('Bolerz'),
	('Boleiny'),
	('Boleov'),
	('Boletice'),
	('Boliarov'),
	('Bolkov'),
	('Bokovce'),
	('Bokov'),
	('Bor'),
	('Bor u Skute'),
	('Bora'),
	('Boanovice'),
	('Borany'),
	('Borice'),
	('Borcov'),
	('Bordovice'),
	('Bore'),
	('Borek'),
	('Boenovice'),
	('Boetice'),
	('Boetn'),
	('Boice'),
	('Borinka'),
	('Boislav'),
	('Boitov'),
	('Brka'),
	('Borkovany'),
	('Borkovice'),
	('Borohrdek'),
	('Borotice'),
	('Borotn'),
	('Borov'),
	('Borov Lada'),
	('Borovany'),
	('Borovce'),
	('Borovn'),
	('Borovnice'),
	('Borovnika'),
	('Borovnk'),
	('Borovno'),
	('Borovy'),
	('Bora'),
	('Borice'),
	('Borice u Blatnice'),
	('Borsk Mikul'),
	('Borsk Svt Jur'),
	('Borov'),
	('Borov nad Vltavou'),
	('Boruov'),
	('Bory'),
	('Boca'),
	('Boany'),
	('Bose'),
	('Boice'),
	('Boilec'),
	('Bon'),
	('Boskovice'),
	('Boskovtejn'),
	('Boovice'),
	('Boany'),
	('Bottovo'),
	('Boudy'),
	('Bousn'),
	('Bousov'),
	('Bouzov'),
	('Boanov'),
	('Boejov'),
	('Boetice'),
	('Bo Dar'),
	('Boiany'),
	('Boice'),
	('Bozkov'),
	('Bracovce'),
	('Brada-Rybnek'),
	('Bradov'),
	('Bradlec'),
	('Bradleck Lhota'),
	('Brambory'),
	('Braany'),
	('Bran'),
	('Brandov'),
	('Brands nad Labem-Star Boleslav'),
	('Brands nad Orlic'),
	('Brandsek'),
	('Branice'),
	('Brankov'),
	('Braniov'),
	('Braniovice'),
	('Branka u Opavy'),
	('Brankovice'),
	('Branky'),
	('Brann'),
	('Branov'),
	('Branovo'),
	('Bransouze'),
	('Brantice'),
	('Brane'),
	('Brakov'),
	('Basy'),
	('Bratice'),
	('Bratislava'),
	('Bratkovice'),
	('Bratejov'),
	('Bratice'),
	('Bratkovice'),
	('Bratnov'),
	('Bratronice'),
	('Bratruov'),
	('Bravcovo'),
	('Bravantice'),
	('Brzdim'),
	('Brdrka'),
	('Brdy'),
	('Beclav'),
	('Behov'),
	('Brehy'),
	('Brekov'),
	('Best'),
	('Bestek'),
	('Brestov'),
	('Brestov nad Laborcom'),
	('Brestovany'),
	('Brestovec'),
	('Bretejovce'),
	('Bretka'),
	('Bevnice'),
	('Breza'),
	('Breany'),
	('Beany I'),
	('Beany II'),
	('Bezejc'),
	('Bez'),
	('Bez nad Oslavou'),
	('Brezina'),
	('Bezina (dve okres Blansko)'),
	('Bezina (dve okres Tinov)'),
	('Bezinky'),
	('Beziny'),
	('Breznica'),
	('Beznice'),
	('Breznika'),
	('Beznk'),
	('Bezno'),
	('Bezolupy'),
	('Brezov'),
	('Bezov'),
	('Bezov nad Svitavou'),
	('Brezov pod Bradlom'),
	('Bezov-Oleko'),
	('Brezovec'),
	('Brezovica'),
	('Bezovice'),
	('Brezovika'),
	('Brezovka'),
	('Bezsk'),
	('Bezsko'),
	('Bezvky'),
	('Brhlovce'),
	('Bidlin'),
	('Brietie'),
	('Bany'),
	('Bstv'),
	('Bza'),
	('Brloh'),
	('Brany'),
	('Brnnec'),
	('Brnko'),
	('Brnov'),
	('Brnit'),
	('Brno'),
	('Brod nad Dyj'),
	('Brod nad Tichou'),
	('Brodce'),
	('Brodec'),
	('Brodek u Konice'),
	('Brodek u Perova'),
	('Brodek u Prostjova'),
	('Brodeslavy'),
	('Brodsk'),
	('Brodzany'),
	('Broumov'),
	('Broumy'),
	('Brozany nad Oh'),
	('Brtnice'),
	('Brtnika'),
	('Brov-Jene'),
	('Brumov'),
	('Brumov-Bylnice'),
	('Brumovice'),
	('Brunovce'),
	('Bruntl'),
	('Brusn'),
	('Brusnica'),
	('Brusnk'),
	('Brusno'),
	('Bruperk'),
	('Brutovce'),
	('Bruty'),
	('Bruzovice'),
	('Bvany'),
	('Brvnite'),
	('Brznky'),
	('Brzice'),
	('Brzkov'),
	('Brzotn'),
	('Bublava'),
	('Bubovice'),
	('B'),
	('Buany'),
	('Buchlovice'),
	('Bu'),
	('Buina'),
	('Buclovany'),
	('Buovice'),
	('Buda'),
	('Budeves'),
	('Bude'),
	('Budtice'),
	('Budtsko'),
	('Budkov'),
	('Budikovany'),
	('Budimice'),
	('Budimr'),
	('Budin'),
	('Budince'),
	('Budi'),
	('Budkovice'),
	('Budislav'),
	('Budiov'),
	('Budiov nad Budiovkou'),
	('Budiovice'),
	('Budkov'),
	('Budkovce'),
	('Budmerice'),
	('Budyn'),
	('Budyn nad Oh'),
	('Buglovce'),
	('Bujanov'),
	('Bujesily'),
	('Buk'),
	('Bukov'),
	('Bukov'),
	('Bukov u Pbram'),
	('Bukovany'),
	('Bukovce'),
	('Bukovec'),
	('Bukovice'),
	('Bukovina'),
	('Bukovina nad Labem'),
	('Bukovina u ist'),
	('Bukovina u Peloue'),
	('Bukovinka'),
	('Bukovka'),
	('Bukovnk'),
	('Bukovno'),
	('Bukvice'),
	('Bulhary'),
	('Bulovka'),
	('Bunetice'),
	('Bunkovce'),
	('Buenice'),
	('Bu'),
	('Buanovice'),
	('Bun'),
	('Buince'),
	('Buovce'),
	('Buovice'),
	('Buthrad'),
	('Butoves'),
	('Buzica'),
	('Buzice'),
	('Buzitka'),
	('Bchory'),
	('Bkovice'),
	('Bkev'),
	('Byko'),
	('Bkov-Lryov'),
	('Bkovice'),
	('Bylany'),
	('Bynovec'),
	('Byice'),
	('Bkovice'),
	('Bovec'),
	('B'),
	('Byta'),
	('Bystr'),
	('Bystr nad Jizerou'),
	('Bystany'),
	('Bystr'),
	('Bystec'),
	('Bystriany'),
	('Bystice'),
	('Bystice nad Perntejnem'),
	('Bystice pod Hostnem'),
	('Bystice pod Lopenkem'),
	('Bystrika'),
	('Bystroice'),
	('Bystrovany'),
	('Byta'),
	('Byzhradec'),
	('Bany'),
	('Bzenec'),
	('Bzenica'),
	('Bzenov'),
	('Bzince pod Javorinou'),
	('Bziny'),
	('Bzov'),
	('Bzovk'),
	('Bzovsk Lehtka'),
	('Cabaj-por'),
	('abalovce'),
	('abiny'),
	('Cabov'),
	('abradsk Vrbovok'),
	('achotn'),
	('achovice'),
	('achrov'),
	('achtice'),
	('adca'),
	('ajkov'),
	('aka'),
	('akajovce'),
	('akanovce'),
	('akany'),
	('aklov'),
	('akov'),
	('akov'),
	('akoviky'),
	('alovec'),
	('amovce'),
	('aa'),
	('ankovice'),
	('aradice'),
	('ry'),
	('slav'),
	('slavice'),
	('slavsko'),
	('ast'),
	('stkov'),
	('astkovce'),
	('astohostice'),
	('astolovice'),
	('astrov'),
	('asy'),
	('ata'),
	('ataj'),
	('avisov'),
	('avoj'),
	('ebn'),
	('Cebiv'),
	('ebovce'),
	('eehov'),
	('eejovce'),
	('eelice'),
	('eelovice'),
	('echoovice'),
	('echtice'),
	('echtn'),
	('echy'),
	('echy pod Kosem'),
	('echynce'),
	('ekovice'),
	('eovice'),
	('Cehnice'),
	('ehovice'),
	('ej'),
	('ejetice'),
	('Cejkov'),
	('ejkovice'),
	('Cejle'),
	('ejov'),
	('Cekov'),
	('ekovce'),
	('eadice'),
	('eadince'),
	('eladn'),
	('elkovice'),
	('elre'),
	('elice'),
	('elechovice'),
	('elechovice na Han'),
	('elistn'),
	('elkova Lehota'),
	('elovce'),
	('elonice'),
	('eminy'),
	('enkov'),
	('enkov u Bechyn'),
	('enkovce'),
	('enkovice'),
	('Cep'),
	('eperka'),
	('ep'),
	('epovice'),
	('eradice'),
	('erany'),
	('Cerekvice nad Bystic'),
	('Cerekvice nad Lounou'),
	('Cerekvika-Rosice'),
	('ereany'),
	('erenany'),
	('Cerhenice'),
	('Cerhonice'),
	('erhov'),
	('Cerhovice'),
	('ern'),
	('ermkovice'),
	('ermany'),
	('ermn'),
	('ermn nad Orlic'),
	('ermn ve Slezsku'),
	('ern'),
	('ern Hora'),
	('ern u Bohdane'),
	('ern v Poumav'),
	('ern Voda'),
	('ernava'),
	('ernice'),
	('ern Vodrady'),
	('ernves'),
	('ern'),
	('ernk'),
	('ernkov'),
	('ernkovice'),
	('ernky'),
	('ernilov'),
	('ernn'),
	('ernina'),
	('ernny'),
	('erniv'),
	('ernochov'),
	('ernolice'),
	('ernoice'),
	('ernon'),
	('ernotn'),
	('ernouek'),
	('ernousy'),
	('ernov'),
	('ernovice'),
	('ernoice'),
	('ernuc'),
	('ernvr'),
	('ern Dl'),
	('ernovice'),
	('Cerov'),
	('Cerovo'),
	('ertin'),
	('erven Hora'),
	('erven Lhota'),
	('erven eice'),
	('erven Temen'),
	('erven Voda'),
	('erveany'),
	('erven Janovice'),
	('erven Peky'),
	('erven Po'),
	('ervenica'),
	('ervenica pri Sabinove'),
	('ervenk'),
	('ervenka'),
	('erven Hrdek'),
	('erven Hrdok'),
	('erven Kame'),
	('erven Kltor'),
	('erven Kostelec'),
	('erven jezd'),
	('esk'),
	('esk Bl'),
	('esk Bza'),
	('esk ermn'),
	('esk Kamenice'),
	('esk Kubice'),
	('esk Lpa'),
	('esk Metuje'),
	('esk Rybn'),
	('esk Skalice'),
	('esk Tebov'),
	('esk Ves'),
	('esk Brezovo'),
	('esk Budjovice'),
	('esk Hemanice'),
	('esk Lhotice'),
	('esk Libchavy'),
	('esk Mezi'),
	('esk Petrovice'),
	('esk Velenice'),
	('esk Brod'),
	('esk Dub'),
	('esk Jietn'),
	('esk Krumlov'),
	('esk Rudolec'),
	('esk ternberk'),
	('esk Tn'),
	('eov'),
	('estice'),
	('estn'),
	('estlice'),
	('Cetechovice'),
	('Cetenov'),
	('Cetkovice'),
	('Cetoraz'),
	('Cetyn'),
	('Chabaovice'),
	('Chabeice'),
	('Chaloupky'),
	('Chanava'),
	('Chanovice'),
	('Chovice'),
	('Charvatce'),
	('Charvty'),
	('Chbany'),
	('Cheb'),
	('Chelice'),
	('Cheznovice'),
	('Chaba'),
	('Chlebiov'),
	('Chlebnice'),
	('Chleby'),
	('Chleny'),
	('Chlistov'),
	('Chlstovice'),
	('Chlmec'),
	('Chlum'),
	('Chlum Svat Ma'),
	('Chlum u Tebon'),
	('Chlum-Korouhvice'),
	('Chlumany'),
	('Chlumany'),
	('Chlumec'),
	('Chlumec nad Cidlinou'),
	('Chlumek'),
	('Chlumtn'),
	('Chlumn'),
	('Chlumy'),
	('Chlustina'),
	('Chmelk'),
	('Chmeln'),
	('Chmenica'),
	('Chmeov'),
	('Chmeov'),
	('Chmeovec'),
	('Chmiany'),
	('Chminianska Nov Ves'),
	('Chminianske Jakubovany'),
	('Chobot'),
	('Choa'),
	('Choce'),
	('Chocenice'),
	('Chocerady'),
	('Chocholn-Velice'),
	('Chocnjovice'),
	('Chocomyl'),
	('Chodou'),
	('Chodouny'),
	('Chodov'),
	('Chodov Plan'),
	('Chodovlice'),
	('Chodsk Lhota'),
	('Chodsk jezd'),
	('Cholenice'),
	('Cholina'),
	('Choltice'),
	('Chomle'),
	('Chomutice'),
	('Chomutov'),
	('Chom'),
	('Chokovce'),
	('Choratice'),
	('Chornice'),
	('Choruice'),
	('Chorvtsky Grob'),
	('Chorvty'),
	('Choryn'),
	('Chonky'),
	('Chota'),
	('Chotbo'),
	('Chotbudice'),
	('Chotbuz'),
	('Chote'),
	('Chotmice'),
	('Chotnov'),
	('Chotice'),
	('Chotov'),
	('Chottov'),
	('Chotvice'),
	('Chotkov'),
	('Chotilsko'),
	('Chotim'),
	('Chotn'),
	('Chotinves'),
	('Choovice'),
	('Chotoviny'),
	('Chotusice'),
	('Chotutice'),
	('Chotany'),
	('Chotyn'),
	('Chotany'),
	('Choustnk'),
	('Choustnkovo Hradit'),
	('Choov'),
	('Chraberce'),
	('Chrabrany'),
	('Chrmec'),
	('Chrast'),
	('Chras nad Horndom'),
	('Chrany'),
	('Chrastava'),
	('Chrastavec'),
	('Chrastavice'),
	('Chratice'),
	('Chrastince'),
	('Chrastn'),
	('Chrovice'),
	('Chrbonn'),
	('Chrenovec-Brusno'),
	('Chenovice'),
	('Chibsk'),
	('Ch'),
	('Chroboly'),
	('Chrome'),
	('Chropov'),
	('Chropyn'),
	('Chroustov'),
	('Chroustovice'),
	('Chrany'),
	('Chrtn'),
	('Chrtnky'),
	('Chrudichromy'),
	('Chrudim'),
	('Chrustenice'),
	('Chrn'),
	('Chtelnica'),
	('Chuchelna'),
	('Chud Lehota'),
	('Chudice'),
	('Chudenice'),
	('Chudenn'),
	('Chudeice'),
	('Chuderov'),
	('Chud'),
	('Chudoslavice'),
	('Chvalatice'),
	('Chvalov'),
	('Chvale'),
	('Chvlenice'),
	('Chvaletice'),
	('Chvalkovice'),
	('Chvalkovice'),
	('Chvalnov-Lsky'),
	('Chvalov'),
	('Chvalovice'),
	('Chvaliny'),
	('Chvatruby'),
	('Chvojenec'),
	('Chvojnica'),
	('Chyjice'),
	('Chyava'),
	('Chn'),
	('Chnice'),
	('Chynorany'),
	('Chnov'),
	('Chye'),
	('Chyky'),
	('Chyn'),
	('Ch'),
	('Chstovice'),
	('Chyn'),
	('iarovce'),
	('iava'),
	('enice'),
	('ichalov'),
	('chov'),
	('imany'),
	('ov'),
	('ovice'),
	('Cidlina'),
	('ierna'),
	('ierna Lehota'),
	('ierna nad Tisou'),
	('ierna Voda'),
	('ierne'),
	('ierne Kaany'),
	('ierne nad Topou'),
	('ierne Pole'),
	('ierny Balog'),
	('ierny Brod'),
	('ierny Potok'),
	('ifre'),
	('Cfer'),
	('Cige'),
	('Cigeka'),
	('Cigla'),
	('haln'),
	('ha'),
	('ho'),
	('Cikhj'),
	('ikov'),
	('il'),
	('ilec'),
	('ilisk Radva'),
	('m'),
	('imelice'),
	('Cimenn'),
	('m'),
	('imhov'),
	('mice'),
	('inves'),
	('Cinobaa'),
	('ir'),
	('Crkvice'),
	('Csaov'),
	('isovice'),
	('ist'),
	('ist u Horek'),
	('istves'),
	('Citice'),
	('Ctoliby'),
	('Citonice'),
	('Ctov'),
	(''),
	('iatice'),
	('iice'),
	('kov'),
	('kovice'),
	('krajice'),
	('Cizkrajov'),
	('ov'),
	('ov'),
	('kyn'),
	('lunek'),
	('melny'),
	('oltovo'),
	('Cotkytle'),
	('remon'),
	('Crhov'),
	('Cttn'),
	('Ctibo'),
	('Ctidruice'),
	('Ctimice'),
	('Ctinves'),
	('tven'),
	('tykoly'),
	('uice'),
	('uma'),
	('ukalovce'),
	('Cvikov'),
	('Cvrovice'),
	('Daice'),
	('aov'),
	('Daov Lom'),
	('Dalen'),
	('Dalek Dunky'),
	('Daleice'),
	('Daletice'),
	('Dalovice'),
	('Damboice'),
	('Damnice'),
	('Damnkov'),
	('Daniovce'),
	('Dakovice'),
	('anov'),
	('apalovce'),
	('Dargov'),
	('Darkovice'),
	('Daice'),
	('Daskabt'),
	('Dasnice'),
	('Dasn'),
	('Davidov'),
	('Davle'),
	('Debln'),
	('Debra'),
	('Dany'),
	('Dechtice'),
	('Dn'),
	('Dedaov'),
	('Ddice'),
	('Dedina Mldee'),
	('Dedinka'),
	('Dedinky'),
	('Ddov'),
	('Dehte'),
	('Dhylov'),
	('Dkanovice'),
	('Dkov'),
	('Dek'),
	('Demandice'),
	('Demnovsk Dolina'),
	('Demjata'),
	('Dpoltovice'),
	('Deenice'),
	('Den'),
	('Deov'),
	('Detn'),
	('Detn v Orlickch horch'),
	('Detnice'),
	('Dtenice'),
	('Dtkovice'),
	('Dtmarovice'),
	('Dtichov'),
	('Dtichov nad Bystic'),
	('Dtichov u Moravsk Tebov'),
	('Detrk'),
	('Detva'),
	('Detvianska Huta'),
	('Deviany'),
	('Deviie'),
	('Deerice'),
	('Diakov'),
	('Diakovce'),
	('Dlce'),
	('Dly'),
	('Drn'),
	('Divky'),
	('Dv Hrad'),
	('Dv Kopy'),
	('Dvice'),
	('Divec'),
	('Diviacka Nov Ves'),
	('Diviaky nad Nitricou'),
	('Divn'),
	('Divina'),
	('Divinka'),
	('Diviov'),
	('Dlakovice'),
	('Dlaov'),
	('Dlh'),
	('Dlh nad Kysucou'),
	('Dlh nad Oravou'),
	('Dlh nad Vhom'),
	('Dlh Ves'),
	('Dlh Klovo'),
	('Dlh nad Cirochou'),
	('Dlh Pole'),
	('Dlh Stre'),
	('Dlhoa'),
	('Dlouh Brtnice'),
	('Dlouh Lhota'),
	('Dlouh Louka'),
	('Dlouh Str'),
	('Dlouh Tebov'),
	('Dlouh Ves'),
	('Dlouh'),
	('Dlouhomilov'),
	('Dlouhoovice'),
	('Dlouhopolsko'),
	('Dlouh Most'),
	('Dlouh jezd'),
	('Dln'),
	('Dneice'),
	('Dobelice'),
	('Dobev'),
	('Dobkovice'),
	('Dobr'),
	('Dobr Niva'),
	('Dobr Voda'),
	('Dobr Voda u eskch Budjovic'),
	('Dobr Voda u Hoic'),
	('Dobr Voda u Pacova'),
	('Dobany'),
	('Dobratice'),
	('Dobrice'),
	('Dobr'),
	('Dobr Pole'),
	('Dobejovice'),
	('Dobe'),
	('Dobenice'),
	('Dob'),
	('Dobichov'),
	('Dobichovice'),
	('Dobkov'),
	('Dob'),
	('Dobnsko'),
	('Dob'),
	('Dobv'),
	('Dobrkovice'),
	('Dobrn'),
	('Dobro'),
	('Dobrochov'),
	('Dobrokovice'),
	('Dobroovice'),
	('Dobroho'),
	('Dobromice'),
	('Dobromilice'),
	('Dobronice u Bechyn'),
	('Dobronn'),
	('Dobroslava'),
	('Dobroslavice'),
	('Dobroutov'),
	('Dobrovice'),
	('Dobrovtov'),
	('Dobrovz'),
	('Dobrn'),
	('Dobruka'),
	('Dobice'),
	('Dobn'),
	('Dobin'),
	('Dohalice'),
	('Dohany'),
	('Doj'),
	('Doksany'),
	('Doksy'),
	('Dolnky nad Oh'),
	('Dolany'),
	('Dolce'),
	('Dolenice'),
	('Dolinka'),
	('Doln Breznica'),
	('Doln Krup'),
	('Doln Lehota'),
	('Doln Marikov'),
	('Doln Miin'),
	('Doln Poruba'),
	('Doln Se'),
	('Doln Streda'),
	('Doln Strehov'),
	('Doln Sa'),
	('Doln Tiina'),
	('Doln Trnvka'),
	('Doln Ves'),
	('Doln daa'),
	('Doln Dubov'),
	('Doln Kokovce'),
	('Doln Lefantovce'),
	('Doln Lovice'),
	('Doln Mladonice'),
	('Doln Natice'),
	('Doln Obdokovce'),
	('Doln Oreany'),
	('Doln Otrokovce'),
	('Doln Plachtince'),
	('Doln Saliby'),
	('Doln Semerovce'),
	('Doln Srnie'),
	('Doln Strhre'),
	('Doln Trhovite'),
	('Doln Vestenice'),
	('Doln Zahorany'),
	('Doln Zelenice'),
	('Doln Beva'),
	('Doln Bl'),
	('Doln Beneov'),
	('Doln Bekovice'),
	('Doln Bezdkov'),
	('Doln Bojanovice'),
	('Doln Bousov'),
	('Doln Brann'),
	('Doln Beany'),
	('Doln Brusnice'),
	('Doln Bukovsko'),
	('Doln Cerekev'),
	('Doln ermn'),
	('Doln Chvatliny'),
	('Doln Dobrou'),
	('Doln Domaslavice'),
	('Doln Dubany'),
	('Doln Dunajovice'),
	('Doln Dvoit'),
	('Doln Dvr'),
	('Doln Habartice'),
	('Doln Hbity'),
	('Doln Hemanice'),
	('Doln Hoice'),
	('Doln Hrachovice'),
	('Doln Hradit'),
	('Doln Kaln'),
	('Doln Kounice'),
	('Doln Kralovice'),
	('Doln Krup'),
	('Doln Lnov'),
	('Doln Laany'),
	('Doln Lhota'),
	('Doln Libochov'),
	('Doln Lochov'),
	('Doln Lomn'),
	('Doln Louky'),
	('Doln Lukavice'),
	('Doln Lutyn'),
	('Doln Msto'),
	('Doln Morava'),
	('Doln Moravice'),
	('Doln Nm'),
	('Doln Ntice'),
	('Doln Nivy'),
	('Doln Novosedly'),
	('Doln Olenice'),
	('Doln Pna'),
	('Doln Podlu'),
	('Doln Pohle'),
	('Doln Poustevna'),
	('Doln Pm'),
	('Doln Radechov'),
	('Doln asnice'),
	('Doln edice'),
	('Doln Rove'),
	('Doln Ronka'),
	('Doln Rychnov'),
	('Doln Slivno'),
	('Doln Sokolovec'),
	('Doln Stakory'),
	('Doln Studnky'),
	('Doln Tice'),
	('Doln Toanovice'),
	('Doln Tebonn'),
	('Doln jezd'),
	('Doln Vstonice'),
	('Doln Vilmovice'),
	('Doln Vilme'),
	('Doln Zlezly'),
	('Doln andov'),
	('Doln r'),
	('Doln Zimo'),
	('Doln ivotice'),
	('Doln Badn'),
	('Doln Bar'),
	('Doln Chotr'),
	('Doln Harmanec'),
	('Doln Hriov'),
	('Doln Kalnk'),
	('Doln Kubn'),
	('Doln Lieskov'),
	('Doln Lopaov'),
	('Doln Ohaj'),
	('Doln Pial'),
	('Doln tl'),
	('Doln Vadiov'),
	('Doloplazy'),
	('Domadice'),
	('Domamil'),
	('Domanky'),
	('Domann'),
	('Domania'),
	('Domaovce'),
	('Domnovice'),
	('Doman'),
	('Domaov'),
	('Domaov nad Bystic'),
	('Domaov u ternberka'),
	('Domaelice'),
	('Domalice'),
	('Domoraz'),
	('Domouice'),
	('Domousnice'),
	('Doov'),
	('Donovaly'),
	('Doubek'),
	('Doubice'),
	('Doubrava'),
	('Doubravice'),
	('Doubravice'),
	('Doubravice nad Svitavou'),
	('Doubravika'),
	('Doubravnk'),
	('Doubravy'),
	('Doudleby'),
	('Doudleby nad Orlic'),
	('Doup'),
	('Drbsko'),
	('Drachkov'),
	('Drchov'),
	('Drahanovice'),
	('Drahany'),
	('Drahelice'),
	('Drahenice'),
	('Drahkov'),
	('Drahln'),
	('Drahov'),
	('Drahovice'),
	('Drahobudice'),
	('Drahobuz'),
	('Drahonice'),
	('Drahonn'),
	('Drahov jezd'),
	('Drahotice'),
	('Drahotn'),
	('Drahou'),
	('Drahov'),
	('Drahovce'),
	('Drsov'),
	('Dravce'),
	('Drae'),
	('Draenov'),
	('Dra'),
	('Draice'),
	('Draiky'),
	('Drakovce'),
	('Drov'),
	('Drovce'),
	('Draovice'),
	('Dravky'),
	('Denice'),
	('Den'),
	('Detovice'),
	('Device'),
	('Devnice'),
	('Drevnky'),
	('Devnovice'),
	('Devohostice'),
	('Drhovice'),
	('Drhovle'),
	('Drhovy'),
	('Drienany'),
	('Drienica'),
	('Drienov'),
	('Drienovec'),
	('Drienovo'),
	('Drienovsk Nov Ves'),
	('Drietoma'),
	('Dnov'),
	('Dsy'),
	('Dte'),
	('Dte'),
	('Drmoul'),
	('Dra'),
	('Drnava'),
	('Drnek'),
	('Drnholec'),
	('Drnovice'),
	('Drobovice'),
	('Drouetice'),
	('Droukovice'),
	('Drozdov'),
	('Drslavice'),
	('Druhanov'),
	('Drune'),
	('Druec'),
	('Drustevn pri Hornde'),
	('Druztov'),
	('Drysice'),
	('Drenice'),
	('Drkov'),
	('Drkov'),
	('Drkovce'),
	('Drovice'),
	('Dub'),
	('Dub nad Moravou'),
	('Dub'),
	('ubkovo'),
	('Dubany'),
	('Dubany'),
	('Dubenec'),
	('Dub'),
	('Dubicko'),
	('Dubin'),
	('Dubinn'),
	('Dublovice'),
	('Dubany'),
	('Dubn'),
	('Dubnica nad Vhom'),
	('Dubnice'),
	('Dubnika'),
	('Dubnk'),
	('Dubno'),
	('Dubodiel'),
	('Dubov'),
	('Dubovany'),
	('Dubovce'),
	('Dubov'),
	('Dubovec'),
	('Dubovica'),
	('Dubovice'),
	('Dbrava'),
	('Dbravica'),
	('Dbravka'),
	('Dbravy'),
	('Duchcov'),
	('Ducov'),
	('Dudn'),
	('Dudince'),
	('Dukovany'),
	('Dukovce'),
	('Dl'),
	('Dulov'),
	('Dulova Ves'),
	('Dulovce'),
	('Dulovo'),
	('Dunajov'),
	('Dunajovice'),
	('Dunajsk Lun'),
	('Dunajsk Streda'),
	('Dunajsk Kltov'),
	('Dunice'),
	('Dupln'),
	('urin'),
	('uro'),
	('urok'),
	('urov'),
	('urkov'),
	('urkov'),
	('urkovce'),
	('Duejov'),
	('Dunky'),
	('Dvakaovice'),
	('Dvorany nad Nitrou'),
	('Dvorce'),
	('Dvorec'),
	('Dvorianky'),
	('Dvornky'),
	('Dvornky-Velre'),
	('Dvory'),
	('Dvory nad Lunic'),
	('Dvory nad itavou'),
	('Dvr Krlov nad Labem'),
	('Dyjkovice'),
	('Dyjkoviky'),
	('Dyje'),
	('Dyjice'),
	('Dymokury'),
	('Dynn'),
	('Dina'),
	('Dbnice'),
	('Dbnov'),
	('Dzbel'),
	('Egre'),
	('Ejpovice'),
	('Erpuice'),
	('E'),
	('Eva'),
	('Fakov'),
	('Falkuovce'),
	('Farn'),
	('Fekiovce'),
	('Felbabka'),
	('Figa'),
	('Fija'),
	('Fiakovo'),
	('Fiakovsk Kove'),
	('Fintice'),
	('Folkuov'),
	('Forbasy'),
	('Frahel'),
	('Francova Lhota'),
	('Frantikov nad Plounic'),
	('Frantikovy Lzn'),
	('Frentt pod Radhotm'),
	('Frika'),
	('Frikovce'),
	('Friovce'),
	('Fryovice'),
	('Frdek-Mstek'),
	('Frdlant'),
	('Frdlant nad Ostravic'),
	('Frdtejn'),
	('Frymburk'),
	('Fryava pod kovou horou'),
	('Frytk'),
	('Fulianka'),
	('Fulnek'),
	('Gabkovo'),
	('Gaboltov'),
	('Gajary'),
	('Galanta'),
	('Galovany'),
	('G'),
	('Gnovce'),
	('Gbeany'),
	('Gbelce'),
	('Gbely'),
	('Gea'),
	('Gelnica'),
	('Gemer'),
	('Gemerek'),
	('Gemersk Hrka'),
	('Gemersk Panica'),
	('Gemersk Poloma'),
	('Gemersk Ves'),
	('Gemersk Dechtre'),
	('Gemersk Michalovce'),
	('Gemersk Teplice'),
	('Gemersk Jablonec'),
	('Gemersk Sad'),
	('Geraltov'),
	('Gerlachov'),
	('Giglovce'),
	('Giraltovce'),
	('Girovce'),
	('Glabuovce'),
	('Goaltovo'),
	('Goovo'),
	('Golv Jenkov'),
	('Golianovo'),
	('Gortva'),
	('Gtovany'),
	('Gran-Petrovce'),
	('Gregorova Vieska'),
	('Gregorovce'),
	('Grelov Mto'),
	('Gribov'),
	('Gruna'),
	('Grunta'),
	('Gruzovce'),
	('Grygov'),
	('Grymov'),
	('Gyov'),
	('Habartice'),
	('Habartov'),
	('Habovka'),
	('Hab'),
	('Habina'),
	('Habrovany'),
	('Habrvka'),
	('Habry'),
	('Habura'),
	('Haava'),
	('Haky'),
	('Hadravova Rosika'),
	('Hj'),
	('Hj u Duchcova'),
	('Hj ve Slezsku'),
	('Hajany'),
	('Hje'),
	('Hje nad Jizerou'),
	('Hjek'),
	('Hajn Nov Ves'),
	('Hajnka'),
	('Hajnice'),
	('Hjske'),
	('Hajtovka'),
	('Halovce'),
	('Halmky'),
	('Halenkov'),
	('Halenkovice'),
	('Hali'),
	('Haligovce'),
	('Haluzice'),
	('Hale'),
	('Hamr'),
	('Hamr na Jezee'),
	('Hamry'),
	('Hamry nad Szavou'),
	('Hamuliakovo'),
	('Handlov'),
	('Hanigovce'),
	('Haniska'),
	('Hankov'),
	('Hankovce'),
	('Haovice'),
	('Hanuovce nad Topou'),
	('Hanuovice'),
	('Harakovce'),
	('Harhaj'),
	('Harichovce'),
	('Harmanec'),
	('Harrachov'),
	('Hartinkov'),
	('Hartmanice'),
	('Hartvkovice'),
	('Hakovcova Lhota'),
	('Ha'),
	('Hatalov'),
	('Hatn'),
	('Hatn'),
	('Havaj'),
	('Havov'),
	('Havka'),
	('Havlkova Borov'),
	('Havlkv Brod'),
	('Havlovice'),
	('Havra'),
	('Havranec'),
	('Havranky'),
	('Han'),
	('Han nad Cirochou'),
	('Haln'),
	('Hazlov'),
	('Hejn'),
	('Hejnice'),
	('Hejtmnkovice'),
	('Helcmanovce'),
	('Hepa'),
	('Helvkovice'),
	('Henckovce'),
	('Henclov'),
	('Hencovce'),
	('Hendrichovce'),
	('Herlec'),
	('Heraltice'),
	('Herink'),
	('Herany'),
	('Hema'),
	('Hemane'),
	('Hemanice'),
	('Hemanice u Oder'),
	('Hemaniky'),
	('Hemnkovice'),
	('Hemnky'),
	('Hemanov'),
	('Hemanova Hu'),
	('Hermanovce'),
	('Hermanovce nad Topou'),
	('Hemanovice'),
	('Hemanv Mstec'),
	('Heroltice'),
	('Herpice'),
	('Hertnk'),
	('Hervartov'),
	('Hevln'),
	('Hiade'),
	('Hincovce'),
	('Hladk ivotice'),
	('Hladov'),
	('Hladovka'),
	('Hlasivo'),
	('Hlsn Teba'),
	('Hlsnice'),
	('Hlavatce'),
	('Hlavenk'),
	('Hlavenec'),
	('Hlavice'),
	('Hlavnice'),
	('Hlavovice'),
	('Hlbok'),
	('Hlna'),
	('Hlince'),
	('Hlincov Hora'),
	('Hlink nad Hronom'),
	('Hlinka'),
	('Hlinn'),
	('Hlinn'),
	('Hlinsko'),
	('Hlivitia'),
	('Hlzov'),
	('Hlohov'),
	('Hlohovice'),
	('Hlohovec'),
	('Hlohovice'),
	('Hluboany'),
	('Hluboec'),
	('Hluboky'),
	('Hlubok'),
	('Hlubok nad Vltavou'),
	('Hlubok'),
	('Hlubok Dvory'),
	('Hlubok Mavky'),
	('Hlubo'),
	('Hlubyn'),
	('Hluchov'),
	('Hlun'),
	('Hluk'),
	('Hlupn'),
	('Hluice'),
	('Hluovice'),
	('Hnaov'),
	('Hnanice'),
	('Hntnice'),
	('Hnveves'),
	('Hnvkovice'),
	('Hnvnice'),
	('Hnvoice'),
	('Hnvotn'),
	('Hniezdne'),
	('Hnilk'),
	('Hnilec'),
	('Hnojice'),
	('Hnojn'),
	('Hnojnk'),
	('Hna'),
	('Hobovice'),
	('Hodjice'),
	('Hodejov'),
	('Hodejovec'),
	('Hodtn'),
	('Hodice'),
	('Hodkov'),
	('Hodkovce'),
	('Hodkovice nad Mohelkou'),
	('Hodonice'),
	('Hodonn'),
	('Hodov'),
	('Hodrua - Hmre'),
	('Hodslavice'),
	('Hojanovice'),
	('Hojkov'),
	('Hojovice'),
	('Hokovce'),
	('Holany'),
	('Holasice'),
	('Holasovice'),
	('Holkovce'),
	('Holovice'),
	('Holede'),
	('Holenice'),
	('Holeov'),
	('Holetn'),
	('Holiare'),
	('Hol'),
	('Holice'),
	('Holn'),
	('Holia'),
	('Holohlavy'),
	('Holotn'),
	('Holoubkov'),
	('Holovousy'),
	('Holtejn'),
	('Holubice'),
	('Holubov'),
	('Holumnica'),
	('Holov'),
	('Homole'),
	('Homole u Panny'),
	('Honbice'),
	('Honce'),
	('Hontice'),
	('Honezovice'),
	('Hontianska Vrbica'),
	('Hontianske Moravce'),
	('Hontianske Nemce'),
	('Hontianske Tesre'),
	('Hontianske Trsany'),
	('Hora Svat Kateiny'),
	('Hora Svatho ebestina'),
	('Hora Svatho Vclava'),
	('Hoany'),
	('Hotev'),
	('Horaovice'),
	('Horpsko'),
	('Hoenice'),
	('Hoepnk'),
	('Hoesedly'),
	('Hoeovice'),
	('Hoeoviky'),
	('Hoice'),
	('Hoice na umav'),
	('Hoiky'),
	('Hon'),
	('Hoinves'),
	('Hrka'),
	('Horka I'),
	('Horka II'),
	('Horka nad Moravou'),
	('Hrka nad Vhom'),
	('Horka u Star Paky'),
	('Hrky'),
	('Horky nad Jizerou'),
	('Hora'),
	('Horn Breznica'),
	('Horn Krov'),
	('Horn Krup'),
	('Horn Lehota'),
	('Horn Marikov'),
	('Horn Miin'),
	('Horn Poruba'),
	('Horn Pot'),
	('Horn Se'),
	('Horn Streda'),
	('Horn Strehov'),
	('Horn tuba'),
	('Horn Sa'),
	('Horn Ves'),
	('Horn daa'),
	('Horany'),
	('Horn Chlebany'),
	('Horn Dubov'),
	('Horn Hmre'),
	('Horn Mladonice'),
	('Horn Mto'),
	('Horn Natice'),
	('Horn Obdokovce'),
	('Horn Oreany'),
	('Horn Otrokovce'),
	('Horn Plachtince'),
	('Horn Prany'),
	('Horn Saliby'),
	('Horn Semerovce'),
	('Horn Srnie'),
	('Horn titre'),
	('Horn Strhre'),
	('Horn Trhovite'),
	('Horn Turovce'),
	('Horn Vestenice'),
	('Horn Zahorany'),
	('Horn Zelenice'),
	('Horn Beva'),
	('Horn Bl'),
	('Horn Beneov'),
	('Horn Bekovice'),
	('Horn Bezdkov'),
	('Horn Blatn'),
	('Horn Bludovice'),
	('Horn Bojanovice'),
	('Horn Bradlo'),
	('Horn Brann'),
	('Horn Bekov'),
	('Horn Bza'),
	('Horn Brusnice'),
	('Horn Bukovina'),
	('Horn Cerekev'),
	('Horn ermn'),
	('Horn Domaslavice'),
	('Horn Dubenky'),
	('Horn Dubany'),
	('Horn Dunajovice'),
	('Horn Dvoit'),
	('Horn Habartice'),
	('Horn Hemanice'),
	('Horn Jelen'),
	('Horn Jietn'),
	('Horn Kaln'),
	('Horn Kamenice'),
	('Horn Kneklady'),
	('Horn Kounice'),
	('Horn Kozolupy'),
	('Horn Krup'),
	('Horn Kruty'),
	('Horn Lapa'),
	('Horn Lhota'),
	('Horn Libchava'),
	('Horn Libochov'),
	('Horn Lide'),
	('Horn Lodnice'),
	('Horn Lomn'),
	('Horn Louky'),
	('Horn Lukavice'),
	('Horn Marov'),
	('Horn Msto'),
	('Horn Meziko'),
	('Horn Motnice'),
	('Horn Myslov'),
	('Horn Nm'),
	('Horn Nmice'),
	('Horn Ntice'),
	('Horn Olenice'),
	('Horn Paseka'),
	('Horn Pna'),
	('Horn Plan'),
	('Horn Poaply'),
	('Horn Podlu'),
	('Horn Police'),
	('Horn Po'),
	('Horn Radechov'),
	('Horn Radou'),
	('Horn Radslavice'),
	('Horn Rpotice'),
	('Horn asnice'),
	('Horn edice'),
	('Horn epice'),
	('Horn Ronka'),
	('Horn Skrchov'),
	('Horn Slatina'),
	('Horn Slavkov'),
	('Horn Slivno'),
	('Horn Smrn'),
	('Horn Smrov'),
	('Horn tpnov'),
	('Horn Stropnice'),
	('Horn Studnky'),
	('Horn Such'),
	('Horn Tice'),
	('Horn Toanovice'),
	('Horn Teovec'),
	('Horn jezd'),
	('Horn Ves'),
	('Horn Vstonice'),
	('Horn Vilmovice'),
	('Horn Vltavice'),
	('Horn ivotice'),
	('Hornice'),
	('Hornosn'),
	('Horn Badn'),
	('Horn Bar'),
	('Horn Hriov'),
	('Horn Kalnk'),
	('Horn Lieskov'),
	('Horn Pial'),
	('Horn Tisovnk'),
	('Horn Vadiov'),
	('Horomice'),
	('Horosedly'),
	('Horouany'),
	('Horovce'),
	('Hoovice'),
	('Hooviky'),
	('Horice'),
	('Horsk Kvilda'),
	('Horovsk Tn'),
	('Horuice'),
	('Hory'),
	('Hosn'),
	('Hoslovice'),
	('Hospozn'),
	('Hospz'),
	('Holkov'),
	('Holkovy'),
	('Hoalovice'),
	('Hostaovice'),
	('Hoste'),
	('Hotejn'),
	('Hostjov'),
	('Hostnice'),
	('Hostradice'),
	('Hostrdky-Reov'),
	('Hosttice'),
	('Hosttn'),
	('Hotice'),
	('Hotice-Heroltice'),
	('Hostie'),
	('Hostim'),
	('Hostn'),
	('Hostn u Vojkovic'),
	('Hostinn'),
	('Hostiov'),
	('Hostiovce'),
	('Hostivice'),
	('Hoka'),
	('Hostomice'),
	('Hostou'),
	('Hosov'),
	('Hosovce'),
	('Hostovice'),
	('Hostovlice'),
	('Hosty'),
	('Hovz'),
	('Hovorany'),
	('Hovorovice'),
	('Hozelec'),
	('Hrabice'),
	('Hrabn'),
	('Hrabtice'),
	('Hrabiov'),
	('Hrabin'),
	('Hrabkov'),
	('Hrabov'),
	('Hrabov Roztoka'),
	('Hrabovk'),
	('Hrabovec'),
	('Hrabovec nad Laborcom'),
	('Hrabovka'),
	('Hrabsk'),
	('Hrabuice'),
	('Hrabvka'),
	('Hrabyn'),
	('Hracholusky'),
	('Hrachovite'),
	('Hrachovo'),
	('Hradany'),
	('Hradany-Kobeice'),
	('Hradce'),
	('Hradovice'),
	('Hradec'),
	('Hradec Krlov'),
	('Hradec nad Moravic'),
	('Hradec nad Svitavou'),
	('Hradec-Nov Ves'),
	('Hradeno'),
	('Hrdek'),
	('Hrdek nad Nisou'),
	('Hradeice'),
	('Hraden'),
	('Hradisko'),
	('Hradit'),
	('Hradite pod Vrtnom'),
	('Hraditko'),
	('Hrdok'),
	('Hra'),
	('Hranice'),
	('Hranin'),
	('Hranin Petrovice'),
	('Hranovnica'),
	('Hran'),
	('Hraovk'),
	('Hrazany'),
	('Hrava'),
	('Hre'),
	('Hrdjovice'),
	('Hrdiboice'),
	('Hrdlv'),
	('Hrdloezy'),
	('Hebe'),
	('Hebenky'),
	('Hedle'),
	('Hrejkovice'),
	('Hensko'),
	('Hrhov'),
	('Hriadky'),
	('Hibiny-Ledsk'),
	('Hibojedy'),
	('Hriovsk Podhradie'),
	('Himdice'),
	('Hriov'),
	('Hice'),
	('Hkov'),
	('Hriovce'),
	('Hivice'),
	('Hivnv jezd'),
	('Hrkovce'),
	('Hrlica'),
	('Hrniarovce nad Parnou'),
	('Hrniarska Ves'),
	('Hrniarske Zaluany'),
	('Hrob'),
	('Hrobce'),
	('Hrobice'),
	('Hrobice'),
	('Hrocho'),
	('Hrochv Tnec'),
	('Hromnice'),
	('Hromo'),
	('Hronec'),
	('Hronov'),
	('Hronovce'),
	('Hronsek'),
	('Hronsk Breznica'),
	('Hronsk Dbrava'),
	('Hronsk Kaany'),
	('Hronsk Kosihy'),
	('Hronsk Beadik'),
	('Hrotovice'),
	('Hroubovice'),
	('Hroznatn'),
	('Hrozntn'),
	('Hroznov Lhota'),
	('Hrub Bora'),
	('Hrub Skla'),
	('Hrub Vrbka'),
	('Hrubice'),
	('Hruboovo'),
	('Hrubov'),
	('Hrub Jesenk'),
	('Hrub r'),
	('Hrusice'),
	('Hruka'),
	('Hruky'),
	('Hruov'),
	('Hruov'),
	('Hruovany'),
	('Hruovany nad Jeviovkou'),
	('Hruovany u Brna'),
	('Hruovo'),
	('Hrutn'),
	('Hrutov'),
	('Hubenov'),
	('Hubice'),
	('Hubina'),
	('Huboovce'),
	('Hubov'),
	('Hubovo'),
	('Hucn'),
	('Hudice'),
	('Hudcovce'),
	('Hudlice'),
	('Hukvaldy'),
	('Hul'),
	('Hulice'),
	('Huln'),
	('Humburky'),
	('Humenn'),
	('Humpolec'),
	('Huncovce'),
	('Hunkovce'),
	('Huntov'),
	('Hurbanova Ves'),
	('Hurbanovo'),
	('Hrky'),
	('Hurtova Lhota'),
	('Hry'),
	('Husk'),
	('Hus Lhota'),
	('Husin'),
	('Husinec'),
	('Huslenky'),
	('Hutnovice'),
	('Hustopee'),
	('Hustopee nad Bevou'),
	('Hutisko-Solanec'),
	('Hutka'),
	('Huty'),
	('Huzov'),
	('Hvzdlice'),
	('Hvzdonice'),
	('Hvzdoovice'),
	('Hviezdoslavov'),
	('Hvozd'),
	('Hvoany'),
	('Hvozdec'),
	('Hvozdn'),
	('Hvozdnica'),
	('Hvozdnice'),
	('Hybe'),
	('Hybrlec'),
	('Hov'),
	('Hynice'),
	('Hynina'),
	('Hskov'),
	('Hsly'),
	('Igram'),
	('Ihany'),
	('Ihr'),
	('Ilava'),
	('Iliaovce'),
	('Ilija'),
	('Ime'),
	('Ia'),
	('Iaovce'),
	('Inovce'),
	('Ipesk Predmostie'),
	('Ipesk any'),
	('Ipesk Sokolec'),
	('Istebn'),
	('Ivachnov'),
	('Iva'),
	('Ivanice'),
	('Ivanin'),
	('Ivanice'),
	('Ivanka pri Dunaji'),
	('Ivanka pri Nitre'),
	('Ivanovce'),
	('Ivanovice na Han'),
	('Ia'),
	('Iipovce'),
	('Ikovce'),
	('Jabkenice'),
	('Jablo'),
	('Jabloany'),
	('Jablonec'),
	('Jablonec nad Jizerou'),
	('Jablonec nad Nisou'),
	('Jablonica'),
	('Jablonka'),
	('Jablonn'),
	('Jablonn nad Orlic'),
	('Jablonn v Podjetd'),
	('Jabloov'),
	('Jablonov nad Turou'),
	('Jabloovce'),
	('Jablonov'),
	('Jablnka'),
	('Jablunkov'),
	('Jchymov'),
	('Jacovce'),
	('Jahodn'),
	('Jahodov'),
	('Jakartovice'),
	('Jaklovce'),
	('Jakovany'),
	('Jakubany'),
	('Jakubovice nad Odrou'),
	('Jakubov'),
	('Jakubov u Moravskch Budjovic'),
	('Jakubova Voa'),
	('Jakubovany'),
	('Jakubovice'),
	('Jakuovce'),
	('Jalov'),
	('Jalovec'),
	('Jalov'),
	('Jalovk'),
	('Jalub'),
	('Jamn'),
	('Jamn nad Orlic'),
	('Jamnk'),
	('Jamolice'),
	('Jmy'),
	('Janice'),
	('Jank'),
	('Janky'),
	('Jankov'),
	('Jankovce'),
	('Jankovice'),
	('Janouov'),
	('Janov'),
	('Janov nad Nisou'),
	('Janov'),
	('Janova Lehota'),
	('Jnovce'),
	('Janovice'),
	('Janovice nad hlavou'),
	('Janovice v Podjetd'),
	('Janovk'),
	('Jansk'),
	('Jansk Lzn'),
	('Janv Dl'),
	('Janvky'),
	('Jarab'),
	('Jarabina'),
	('Jarcov'),
	('Jarohnvice'),
	('Jarok'),
	('Jarom'),
	('Jaromice'),
	('Jaromice nad Rokytnou'),
	('Jaroslav'),
	('Jaroslavice'),
	('Jaroov'),
	('Jaroov nad Nerkou'),
	('Jarov'),
	('Jarovnice'),
	('Jarpice'),
	('Jasenica'),
	('Jasenice'),
	('Jasenie'),
	('Jasenn'),
	('Jasenov'),
	('Jasenov'),
	('Jasenovce'),
	('Jasenov'),
	('Jasenovo'),
	('Jaslovsk Bohunice'),
	('Jasov'),
	('Jasov'),
	('Jastrab'),
	('Jastrabie nad Topou'),
	('Jastrabie pri Michalovciach'),
	('Jatov'),
	('Javor'),
	('Javorek'),
	('Javorina (vojensk obvod)'),
	('Javornice'),
	('Javornk'),
	('Javrek'),
	('Jazernica'),
	('Jedl'),
	('Jedlany'),
	('Jedl'),
	('Jedlinka'),
	('Jedlov'),
	('Jedov Kostoany'),
	('Jedomlice'),
	('Jedousov'),
	('Jedovnice'),
	('Jehnd'),
	('Jelenec'),
	('Jelka'),
	('Jelava'),
	('Jelovce'),
	('Jelovec'),
	('Jemnice'),
	('Jemnky'),
	('Jenice'),
	('Jene'),
	('Jenkov'),
	('Jenkovice'),
	('Jeniov'),
	('Jeniovice'),
	('Jenkovce'),
	('Jentejn'),
	('Jeice'),
	('Jeino'),
	('Jemanice'),
	('Jersn'),
	('Jesenec'),
	('Jesenice'),
	('Jesenk'),
	('Jesenk nad Odrou'),
	('Jesenn'),
	('Jesensk'),
	('Jeetice'),
	('Jekova Ves'),
	('Jestice'),
	('Jestab'),
	('Jestab Lhota'),
	('Jestab v Krkonoch'),
	('Jesteb'),
	('Jettice'),
	('Jetichov'),
	('Jetichovice'),
	('Jevany'),
	('Jevko'),
	('Jevinves'),
	('Jeviovice'),
	('Jeviovka'),
	('Jezboice'),
	('Jezdkovice'),
	('Jezdovice'),
	('Jeen'),
	('Jezeany-Marovice'),
	('Jezernice'),
	('Jezersko'),
	('Jekovice'),
	('Jeov'),
	('Jeovy'),
	('Jin'),
	('Jinves'),
	('Jickovice'),
	('Jihlava'),
	('Jihlvka'),
	('Jkev'),
	('Jilem'),
	('Jilemnice'),
	('Jlov'),
	('Jlov u Drkova'),
	('Jlov u Prahy'),
	('Jlovice'),
	('Jlovit'),
	('Jimln'),
	('Jimramov'),
	('Jinaovice'),
	('Jince'),
	('Jindichov'),
	('Jindichovice'),
	('Jindichovice pod Smrkem'),
	('Jindichv Hradec'),
	('Jinn'),
	('Jinoany'),
	('Jinolice'),
	('Jinoov'),
	('Jiratice'),
	('Jietn pod Bukovou'),
	('Jietn pod Jedlovou'),
	('Jiice'),
	('Jiice u Miroslavi'),
	('Jiice u Moravskch Budjovic'),
	('Jikov'),
	('Jikovice'),
	('Jirkov'),
	('Jirny'),
	('Jistebnice'),
	('Jistebnk'),
	('Jitkov'),
	('Jivina'),
	('Jvka'),
	('Jivno'),
	('Jvov'),
	('Jvov'),
	('Jizbice'),
	('Jizern Vtelno'),
	('Josefov'),
	('Josefv Dl'),
	('Jovice'),
	('Jovsa'),
	('Jur nad Hronom'),
	('Jurkova Voa'),
	('Jurov'),
	('Jursk'),
	('Juskova Voa'),
	('Kackova Lhota'),
	('Kaanov'),
	('Kacanovy'),
	('Kaceov'),
	('Kaice'),
	('Kalehy'),
	('Kcov'),
	('Kada'),
	('Kadln'),
	('Kadolec'),
	('Kadov'),
	('Kajal'),
	('Kjov'),
	('Kakejcov'),
	('Kaamenov'),
	('Kalameny'),
	('Kaava'),
	('Kalek'),
	('Kalenice'),
	('Kalhov'),
	('Kalinkovo'),
	('Kalinov'),
	('Kalinovo'),
	('Kalit'),
	('Kalivody'),
	('Kaln nad Hronom'),
	('Kaln Roztoka'),
	('Klnica'),
	('Kalnite'),
	('Kalonda'),
	('Kaloa'),
	('Kala'),
	('Kalua'),
	('Kaly'),
	('Kamanov'),
	('Kamberk'),
	('Kmen'),
	('Kameany'),
	('Kamenec'),
	('Kamenec pod Vtnikom'),
	('Kamenec u Poliky'),
	('Kamenica'),
	('Kamenica nad Cirochou'),
	('Kamenica nad Hronom'),
	('Kameniany'),
	('Kamenice'),
	('Kamenice nad Lipou'),
	('Kameniky'),
	('Kamenick enov'),
	('Kamenin'),
	('Kamenn'),
	('Kamenn'),
	('Kamenn Horka'),
	('Kamenn Lhota'),
	('Kamenn Poruba'),
	('Kamenn Kosihy'),
	('Kamenn Zbo'),
	('Kamenn ehrovice'),
	('Kamenn Malkov'),
	('Kamenn Most'),
	('Kamenn Pvoz'),
	('Kamenn jezd'),
	('Kamienka'),
	('Kamk'),
	('Kamk nad Vltavou'),
	('Kanianka'),
	('Kanice'),
	('Kaniky'),
	('Kanina'),
	('Kaovice'),
	('Kapince'),
	('Kapiov'),
	('Kaplice'),
	('Kaplna'),
	('Kapuany'),
	('Kapuianske Kaany'),
	('Kranice'),
	('Kran'),
	('Kardaova eice'),
	('Kaez'),
	('Kazek'),
	('Karle'),
	('Karlk'),
	('Karln'),
	('Karlov'),
	('Karlov'),
	('Karlova Studnka'),
	('Karlova Ves'),
	('Karlovice'),
	('Karlovy Vary'),
	('Karltejn'),
	('Karn'),
	('Karoln'),
	('Karolinka'),
	('Karvin'),
	('Kasalice'),
	('Kaava'),
	('Kasejovice'),
	('Kanice'),
	('Kaov'),
	('Kapersk Hory'),
	('Kateinice'),
	('Ktlovce'),
	('Katov'),
	('Katovice'),
	('Katusice'),
	('Kazimr'),
	('Kaznjov'),
	('Kbel'),
	('Kbelany'),
	('Kbelnice'),
	('Kdousov'),
	('Kdyn'),
	('Keblice'),
	('Keblov'),
	('Kecerovce'),
	('Kecerovsk Lipovec'),
	('Kechnec'),
	('Kekovce'),
	('Keovo'),
	('Kejnice'),
	('Kejlice'),
	('Kel'),
	('Kelany'),
	('Kelnky'),
	('Kendice'),
	('Kesovce'),
	('Kestany'),
	('Ke'),
	('Ketkovice'),
	('Kemarok'),
	('Kiarov'),
	('Klabava'),
	('Kaany'),
	('Kae'),
	('Kano'),
	('Kladeruby'),
	('Kladeruby nad Oslavou'),
	('Kladky'),
	('Kladnky'),
	('Kladno'),
	('Kladruby'),
	('Kladruby nad Labem'),
	('Kladzany'),
	('Kak'),
	('Klamo'),
	('Klap'),
	('Klasov'),
	('Klter'),
	('Klter Hradit nad Jizerou'),
	('Klterec nad Oh'),
	('Klterec nad Orlic'),
	('Kltern Skalice'),
	('Kltersk Lhota'),
	('Kltor pod Znievom'),
	('Kltova Nov Ves'),
	('Klatovec'),
	('Klatovy'),
	('Klov'),
	('Klec'),
	('Klecany'),
	('Kleany'),
	('Klen pod erchovem'),
	('Klene'),
	('Klenov'),
	('Klenov'),
	('Klenovec'),
	('Klenovice'),
	('Klenovice na Han'),
	('Klentnice'),
	('Kleice'),
	('Klany'),
	('Klietina'),
	('Klimkovice'),
	('Klin'),
	('Klin nad Bodrogom'),
	('Klnec'),
	('Klny'),
	('Klska Nem'),
	('Klobouky u Brna'),
	('Klobuky'),
	('Kloko'),
	('Kloko'),
	('Klokon'),
	('Klokoov'),
	('Klopina'),
	('Klopotovice'),
	('Klubina'),
	('Kluenice'),
	('Kluov'),
	('Kovec'),
	('Kluknava'),
	('Kluky'),
	('Kuov'),
	('Kly'),
	('Kmetinves'),
	('Kmeovo'),
	('Kndub'),
	('Kneves'),
	('Knice'),
	('Kniky'),
	('Knmost'),
	('Knnice'),
	('Knpole'),
	('Knnice'),
	('Knnice u Boskovic'),
	('Kovice'),
	('Knovz'),
	('Knyk'),
	('Kobeliarovo'),
	('Kobeice'),
	('Kobeice u Brna'),
	('Koberovice'),
	('Koberovy'),
	('Kobyl nad Vidnavkou'),
	('Kobyl'),
	('Kobylice'),
	('Kobylnice'),
	('Kobyly'),
	('Kocbee'),
	('Koceovce'),
	('Kocelovice'),
	('Kochnky'),
	('Kochnov'),
	('Kochanovce'),
	('Ko'),
	('Kociha'),
	('Kon'),
	('Kon-Lanr'),
	('Koclov'),
	('Koov'),
	('Koovce'),
	('Kocurany'),
	('Kohoutov'),
	('Kojatice'),
	('Kojatn'),
	('Kojtky'),
	('Kojice'),
	('Kojetice'),
	('Kojetn'),
	('Kojice'),
	('Kojov'),
	('Kokaice'),
	('Kokava nad Rimavicou'),
	('Kokon'),
	('Kokory'),
	('Kokoovce'),
	('Kokov-Baka'),
	('Kolakov'),
	('Kolano'),
	('Kolaje'),
	('Kolre'),
	('Kolrovice'),
	('Kolrovo'),
	('Kolbasov'),
	('Kolbovce'),
	('Koldn'),
	('Kole'),
	('Koleov'),
	('Koleovice'),
	('Kolibabovce'),
	('Koln'),
	('Kolany'),
	('Kolinec'),
	('Kolinovce'),
	('Kolomuty'),
	('Kolonica'),
	('Kolov'),
	('Kolove'),
	('Kolov'),
	('Kolta'),
	('Komrany'),
	('Komaice'),
	('Komrno'),
	('Komrov'),
	('Komrovce'),
	('Komrovice'),
	('Komjatice'),
	('Komjatn'),
	('Koma'),
	('Komoa'),
	('Komoany'),
	('Komorn Lhotka'),
	('Komorovice'),
	('Konrovice'),
	('Kondrac'),
	('Konecchlum'),
	('Konprusy'),
	('Konn'),
	('Kontopy'),
	('Koniarovce'),
	('Konice'),
	('Konojedy'),
	('Konrdovce'),
	('Konsk'),
	('Konstantinovy Lzn'),
	('Kou'),
	('Kopany'),
	('Kopernica'),
	('Kopidlno'),
	('Kopidlo'),
	('Koplotovce'),
	('Kopivn'),
	('Koprivnica'),
	('Kopivnice'),
	('Kordky'),
	('Korejovce'),
	('Koenec'),
	('Koenice'),
	('Koenov'),
	('Korkyn'),
	('Kora'),
	('Kornatice'),
	('Korno'),
	('Korolupy'),
	('Koroma'),
	('Korouhev'),
	('Koroun'),
	('Korozluky'),
	('Koruna'),
	('Korunkov'),
	('Koryany'),
	('Koryta'),
	('Korytrky'),
	('Korytn'),
	('Korytn'),
	('Ko'),
	('Koarisk'),
	('Koarovce'),
	('Kotky'),
	('Koeca'),
	('Koeck Podhradie'),
	('Koetice'),
	('Kosice'),
	('Koick Bel'),
	('Koick Polianka'),
	('Koick Oany'),
	('Kosiky'),
	('Koick Kleenov'),
	('Kosihovce'),
	('Kosihy nad Ipom'),
	('Kok'),
	('Koky'),
	('Kon'),
	('Kokovce'),
	('Kosmonosy'),
	('Kooln'),
	('Koso'),
	('Kosoice'),
	('Koson'),
	('Kosov'),
	('Kosova Hora'),
	('Kolov'),
	('Koany'),
	('Koany nad Turcom'),
	('Kostelany'),
	('Kostelany nad Moravou'),
	('Kostelec'),
	('Kostelec na Han'),
	('Kostelec nad ernmi Lesy'),
	('Kostelec nad Labem'),
	('Kostelec nad Orlic'),
	('Kostelec nad Vltavou'),
	('Kostelec u Hemanova Mstce'),
	('Kostelec u Holeova'),
	('Kostelec u Kk'),
	('Kosteleck Horky'),
	('Kosteln Hlavno'),
	('Kosteln Lhota'),
	('Kosteln Myslov'),
	('Kosteln Radou'),
	('Kosteln Vyd'),
	('Kostnice'),
	('Kotice'),
	('Kostnky'),
	('Kostoany pod Tribeom'),
	('Kostolec'),
	('Kostolite'),
	('Kostoln pri Dunaji'),
	('Kostoln Ves'),
	('Kostoln-Zrieie'),
	('Kostoln'),
	('Kostoln Kraany'),
	('Kostomltky'),
	('Kostomlaty nad Labem'),
	('Kostomlaty pod Mileovkou'),
	('Kostomlaty pod pem'),
	('Koty'),
	('Kotenice'),
	('Koteov'),
	('Kotlasy'),
	('Kotmanov'),
	('Kotopeky'),
	('Kotovice'),
	('Kotrin Lka'),
	('Kotvrdovice'),
	('Kounice'),
	('Kounov'),
	('Koup'),
	('Kouim'),
	('Kout na umav'),
	('Kouty'),
	('Kova'),
	('Kovov'),
	('Kovovce'),
	('Kovlov'),
	('Kovlovec'),
	('Kovalovice'),
	('Kovlovice-Osany'),
	('Kov'),
	('Kovanec'),
	('Kovanice'),
	('Kovarce'),
	('Kovov'),
	('Kovsk'),
	('Kovn'),
	('Koany'),
	('Kozrov'),
	('Kozrovce'),
	('Kozrovice'),
	('Kozelnk'),
	('Koz Vrbovok'),
	('Koichovice'),
	('Kolany'),
	('Kol'),
	('Kozlov'),
	('Kozlovice'),
	('Kozly'),
	('Kozmice'),
	('Kozojedy'),
	('Kozojdky'),
	('Kozolupy'),
	('Kozomn'),
	('Kouchov'),
	('Kouchovce'),
	('Kouany-Taly'),
	('Kouice'),
	('Krabice'),
	('Kraborovice'),
	('Kranovce'),
	('Krahul'),
	('Krahule'),
	('Krahulov'),
	('Krajkov'),
	('Krajnko'),
	('Krakov'),
	('Krakovany'),
	('Krakovec'),
	('Kr'),
	('Kralice na Han'),
	('Kralice nad Oslavou'),
	('Krliky'),
	('Krov Brod'),
	('Krova Lehota'),
	('Krlova Lhota'),
	('Krov nad Vhom'),
	('Krov pri Senci'),
	('Kraovany'),
	('Krovce'),
	('Krovce-Krniov'),
	('Krlovec'),
	('Kralovice'),
	('Kroviove Kraany'),
	('Krlovsk Po'),
	('Krovsk Chlmec'),
	('Kralupy nad Vltavou'),
	('Krlv Dvr'),
	('Kramoln'),
	('Kramolna'),
	('Kraselov'),
	('Krsensko'),
	('Kraskov'),
	('Kraskovice'),
	('Kraskovo'),
	('Kraslice'),
	('Kralovice'),
	('Krsn'),
	('Krsn Hora'),
	('Krsn Hora nad Vltavou'),
	('Krsn Lpa'),
	('Krsna Lka'),
	('Krsna Ves'),
	('Krasany'),
	('Krsn'),
	('Krsn dol'),
	('Krsnves'),
	('Krsno'),
	('Krsno nad Kysucou'),
	('Krsnohorsk Dlh Lka'),
	('Krsnohorsk Podhradie'),
	('Krsnovce'),
	('Krsny Brod'),
	('Krsn Dvr'),
	('Krsn Les'),
	('Krasonice'),
	('Krasov'),
	('Krasov'),
	('Kraovice'),
	('Krtk Ves'),
	('Kratochvilka'),
	('Kratonohy'),
	('Krtoice'),
	('Kratun'),
	('Kravany'),
	('Kravany nad Dunajom'),
	('Kravae'),
	('Kravsko'),
	('Krava'),
	('Krchleby'),
	('Krma'),
	('Ke'),
	('Keho'),
	('Kekov'),
	('Keovice'),
	('Krejnice'),
	('Kekov'),
	('Kelov-Buchotn'),
	('Kelovice'),
	('Kremn'),
	('Kremnica'),
	('Kremnick Bane'),
	('Keme'),
	('Kenek'),
	('Kenice'),
	('Kenov'),
	('Kenovice'),
	('Kenovy'),
	('Kepenice'),
	('Kepice'),
	('Kesetice'),
	('Keice'),
	('Ken'),
	('Ketn'),
	('Krhanice'),
	('Krhov'),
	('Krhovice'),
	('Kie'),
	('Kdla'),
	('Kdlvky'),
	('Kimov'),
	('Kinec'),
	('Kinice'),
	('Kriovce'),
	('Kriovsk Lieskov'),
	('Kianov'),
	('Kianovice'),
	('Kristy'),
	('Kriv'),
	('Kriv'),
	('Krivany'),
	('Kriv'),
	('Kivoklt'),
	('Krivosd-Bodovka'),
	('Kivsoudov'),
	('Kinky'),
	('Kianov'),
	('Kianovice'),
	('Kianovice u Vykova'),
	('Kiany'),
	('Kre'),
	('Kinkov'),
	('Kkov jezdec'),
	('Krov Ves'),
	('Krovany'),
	('Kriovany nad Dudvhom'),
	('Kiovatka'),
	('Krmeln'),
	('Krn'),
	('Krany'),
	('Krna'),
	('Krnov'),
	('Krnsko'),
	('Krokava'),
	('Krokon'),
	('Krom'),
	('Krompach'),
	('Krompachy'),
	('Kropova Vrutice'),
	('Krouov'),
	('Krouna'),
	('Kov'),
	('Krpeany'),
	('Krkany'),
	('Krsy'),
	('Ktnov'),
	('Ktiny'),
	('Ktomil'),
	('Krtov'),
	('Krtovce'),
	('Krty'),
	('Krty-Hradec'),
	('Krucemburk'),
	('Kruov'),
	('Kruh'),
	('Krumsn'),
	('Krumv'),
	('Krup'),
	('Krupina'),
	('Krupka'),
	('Kruetnica'),
	('Kruinec'),
	('Kruovce'),
	('Kruovice'),
	('Kruberk'),
	('Krulov'),
	('Krulov'),
	('Krun'),
	('Kruno'),
	('Krychnov'),
	('Kryry'),
	('Krytofovo dol'),
	('Krytofovy Hamry'),
	('Kely'),
	('Kice'),
	('Kinn'),
	('Kti'),
	('Ktov'),
	('Kubovo'),
	('Kublov'),
	('Kubova Hu'),
	('Kubice'),
	('Kue'),
	('Kuerov'),
	('Kuchaovice'),
	('Kuchya'),
	('Kun'),
	('Kudlovice'),
	('Kujavy'),
	('Kukle'),
	('Kuklk'),
	('Kuklov'),
	('Kukov'),
	('Kuks'),
	('Kukunov'),
	('Kulov'),
	('Kunice'),
	('Kunice nad Labem'),
	('Kunice pod Ondejnkem'),
	('Kunina'),
	('Kunina Ves'),
	('Kundratice'),
	('Kunjovice'),
	('Kunemil'),
	('Kunerad'),
	('Kuneov'),
	('Kuntice'),
	('Kunice'),
	('Kuniky'),
	('Kunn'),
	('Kunkovice'),
	('Kunova Teplica'),
	('Kunovice'),
	('Kunratice'),
	('Kunratice u Cvikova'),
	('Kuntt'),
	('Kunvald'),
	('Kunak'),
	('Kupaovice'),
	('Kuraany'),
	('Kurdjov'),
	('Kuim'),
	('Kurima'),
	('Kuimany'),
	('Kurimka'),
	('Kuimsk Nov Ves'),
	('Kuimsk Jestab'),
	('Kuroslepy'),
	('Kurov'),
	('Kurovice'),
	('Kusn'),
	('Kutn Hora'),
	('Ktniky'),
	('Kutrovice'),
	('Kty'),
	('Kuelov'),
	('Kuzmice'),
	('Kvaany'),
	('Kvakovce'),
	('Kvasice'),
	('Kvasiny'),
	('Kvskovice'),
	('Kvovice'),
	('Kvaov'),
	('Kvtinov'),
	('Kvtn'),
	('Kvtnice'),
	('Kvetoslavov'),
	('Kvtov'),
	('Kvovice'),
	('Kvilda'),
	('Kvlice'),
	('Kvtkov'),
	('Kvtkovice'),
	('Kyjatice'),
	('Kyje'),
	('Kyjov'),
	('Kyjovice'),
	('Kynceov'),
	('Kynice'),
	('Kynperk nad Oh'),
	('Kysak'),
	('Kyselica'),
	('Kyselka'),
	('Kyselovice'),
	('Kyice'),
	('Kykovice'),
	('Kysta'),
	('Kysuck Nov Mesto'),
	('Kysuck Lieskovec'),
	('Kytn'),
	('Kytlice'),
	('Lb'),
	('Labsk Str'),
	('Labsk Chrice'),
	('Labuty'),
	('Lackov'),
	('Lackov'),
	('Lanov'),
	('Lada'),
	('Ladce'),
	('Ladice'),
	('Ladmovce'),
	('Ladn'),
	('Ladomersk Vieska'),
	('Ladomirov'),
	('Ladomirov'),
	('Ladzany'),
	('Laho'),
	('Lakrska Nov Ves'),
	('Lampertice'),
	('Lanov'),
	('Lnov'),
	('Lankroun'),
	('Lny'),
	('Lny u Daic'),
	('Lanhot'),
	('Lanov'),
	('Lascov'),
	('Lsenice'),
	('Laskr'),
	('Lakov'),
	('Lakovce'),
	('Laovice'),
	('Lastomr'),
	('Lastovce'),
	('Ltky'),
	('Laviky'),
	('Lavin'),
	('Lz'),
	('Lanky'),
	('Laany'),
	('Lazinov'),
	('Lazisko'),
	('Lait'),
	('Lzn Blohrad'),
	('Lzn Bohdane'),
	('Lzn Kynvart'),
	('Lzn Libverda'),
	('Lzn Toue'),
	('Laznky'),
	('Laznky'),
	('Lovice'),
	('Lazsko'),
	('Lazy pod Makytou'),
	('Lovice'),
	('Lechnica'),
	('Lechotice'),
	('Lechovice'),
	('Ledce'),
	('Ledice'),
	('Lede nad Szavou'),
	('Ledeko'),
	('Ledenice'),
	('Lednica'),
	('Lednice'),
	('Lednick Rovne'),
	('Ledvice'),
	('Legnava'),
	('Lehnice'),
	('Lehota'),
	('Lehota nad Rimavicou'),
	('Lehota pod Vtnikom'),
	('Lehtka'),
	('Lehtka pod Brehmi'),
	('Lejovka'),
	('Lekrovce'),
	('Lea'),
	('Lelekovice'),
	('Leles'),
	('Lemeany'),
	('Lenartov'),
	('Lenartovce'),
	('Lendak'),
	('Leneice'),
	('Lenka'),
	('Lenora'),
	('Lentvora'),
	('Leopoldov'),
	('Leany'),
	('Lesenice'),
	('Leetice'),
	('Lesek'),
	('Leskovec'),
	('Leskovec nad Moravic'),
	('Leskovice'),
	('Lesn'),
	('Lesn'),
	('Lesn Hlubok'),
	('Lesn Jakubov'),
	('Lesnica'),
	('Lesnice'),
	('Lesonice'),
	('Le (vojensk obvod)'),
	('Letina'),
	('Letina u Svtl'),
	('Letinka'),
	('Letiny'),
	('Lestkov'),
	('Lesky'),
	('Letanovce'),
	('Letiny'),
	('Letkov'),
	('Letniie'),
	('Letohrad'),
	('Letonice'),
	('Letovice'),
	('Lety'),
	('Levre'),
	('Levice'),
	('Levn'),
	('Levnsk Olenice'),
	('Levkuka'),
	('Levoa'),
	('Leiachov'),
	('Lhnice'),
	('Lhenice'),
	('Lhota'),
	('Lhota pod Hoikami'),
	('Lhota pod Libany'),
	('Lhota pod Radem'),
	('Lhota Rapotina'),
	('Lhota u Lysic'),
	('Lhota u Olenice'),
	('Lhota u Pbram'),
	('Lhota u Vsetna'),
	('Lhota-Vlasenice'),
	('Lhotice'),
	('Lhotka'),
	('Lhotka nad Labem'),
	('Lhotka u Litultovic'),
	('Lhotka u Radnic'),
	('Lhotky'),
	('Lhotsko'),
	('Lhoty u Pottejna'),
	('Lhta'),
	('Lib'),
	('Lib'),
	('Libav'),
	('Libavsk dol'),
	('Libany'),
	('Libeves'),
	('Libchavy'),
	('Libchyn'),
	('Libice nad Vltavou'),
	('Libchov'),
	('Libecina'),
	('Libdice'),
	('Libjice'),
	('Libjovice'),
	('Libel'),
	('Libenice'),
	('Libe'),
	('Liberec'),
	('Liberk'),
	('Libice'),
	('Libtice'),
	('Libe'),
	('Lbeznice'),
	('Libice nad Cidlinou'),
	('Libice nad Doubravou'),
	('Libichava'),
	('Libn'),
	('Libina'),
	('Libi'),
	('Libiany'),
	('Libkov'),
	('Libkova Voda'),
	('Libkovice pod pem'),
	('Liblice'),
	('Libln'),
	('Libatov'),
	('Libn'),
	('Libnkovice'),
	('Liboany'),
	('Libochovany'),
	('Libochovice'),
	('Libochoviky'),
	('Libodice'),
	('Libomice'),
	('Libomyl'),
	('Liboice'),
	('Libo'),
	('Liboovice'),
	('Libotenice'),
	('Libotov'),
	('Libouchec'),
	('Libovice'),
	('Librantice'),
	('Libice'),
	('Libtt'),
	('Libu'),
	('Libun'),
	('Liartovce'),
	('Lichkov'),
	('Lichnov'),
	('Lichoceves'),
	('Liciboice'),
	('Licince'),
	('Lino'),
	('Lideko'),
	('Lidice'),
	('Lidma'),
	('Liesek'),
	('Lieskovany'),
	('Lieskovec'),
	('Lieno'),
	('Lieany'),
	('Lietava'),
	('Lietavsk Lka'),
	('Lietavsk Svinn-Babkov'),
	('Likavka'),
	('Limbach'),
	('Ln'),
	('Linhartice'),
	('Lpa'),
	('Lpa nad Orlic'),
	('Lipany'),
	('Lipec'),
	('Lip'),
	('Lipina'),
	('Lipinka'),
	('Lipnice nad Szavou'),
	('Lipnk'),
	('Lipnk nad Bevou'),
	('Lipnky'),
	('Lipno'),
	('Lipno nad Vltavou'),
	('Lipoltice'),
	('Lipov'),
	('Lipov'),
	('Lipov-lzn'),
	('Lipovany'),
	('Lipovce'),
	('Lipov'),
	('Lipovec'),
	('Lipovice'),
	('Lipovnk'),
	('Liptl'),
	('Lipta'),
	('Liptovsk Anna'),
	('Liptovsk Kokava'),
	('Liptovsk Lna'),
	('Liptovsk Osada'),
	('Liptovsk Porbka'),
	('Liptovsk Sielnica'),
	('Liptovsk tiavnica'),
	('Liptovsk Tepl'),
	('Liptovsk Teplika'),
	('Liptovsk Beharovce'),
	('Liptovsk Kaany'),
	('Liptovsk Matiaovce'),
	('Liptovsk Revce'),
	('Liptovsk Sliae'),
	('Liptovsk Hrdok'),
	('Liptovsk Jn'),
	('Liptovsk Michal'),
	('Liptovsk Mikul'),
	('Liptovsk Ondrej'),
	('Liptovsk Peter'),
	('Liptovsk Trnovec'),
	('Lipvka'),
	('Liany'),
	('Lsek'),
	('Liice'),
	('Lina'),
	('Liskov'),
	('Lskovice'),
	('Lsk'),
	('Ln'),
	('Lnice'),
	('Ln'),
	('Lisov'),
	('Lany'),
	('Litava'),
	('Lt'),
	('Lite'),
	('Litenice'),
	('Lit'),
	('Litichovice'),
	('Litmanov'),
	('Litobo'),
	('Litobratice'),
	('Litochovice'),
	('Litohlavy'),
	('Litoho'),
	('Litoho'),
	('Litomice'),
	('Litomyl'),
	('Litoice'),
	('Litostrov'),
	('Litovany'),
	('Litovel'),
	('Litultovice'),
	('Litvnov'),
	('Litvnovice'),
	('Livina'),
	('Livinsk Opatovce'),
	('Livov'),
	('Livovsk Huta'),
	('Lk'),
	('Lne'),
	('Lobe'),
	('Lobendava'),
	('Lobodice'),
	('Loenice'),
	('Lochenice'),
	('Lochousice'),
	('Lochovice'),
	('Lodnice'),
	('Lodhov'),
	('Lodn'),
	('Lodno'),
	('Lok'),
	('Lokca'),
	('Loket'),
	('Lom'),
	('Lom nad Rimavicou'),
	('Lom u Tachova'),
	('Lomec'),
	('Lomn'),
	('Lomn'),
	('Lomnice'),
	('Lomnice nad Lunic'),
	('Lomnice nad Popelkou'),
	('Lomnika'),
	('Lomy'),
	('Lontov'),
	('Lopaov'),
	('Lopenk'),
	('Lopchov'),
	('Lopun Paite'),
	('Loany'),
	('Losin'),
	('Loonec'),
	('Lotice'),
	('Louany'),
	('Loue'),
	('Louim'),
	('Louck'),
	('Louky'),
	('Loun nad Desnou'),
	('Loun pod Klnovcem'),
	('Louovice'),
	('Louka'),
	('Louka u Litvnova'),
	('Loukov'),
	('Loukovec'),
	('Loukovice'),
	('Louov'),
	('Louovice'),
	('Louovice pod Blankem'),
	('Louny'),
	('Lounice'),
	('Lova'),
	('Lovce'),
	('Lovica-Trubn'),
	('Lovice'),
	('Loviky'),
	('Lovovice'),
	('Lovekovice'),
	('Lovinobaa'),
	('Lovosice'),
	('Loza'),
	('Lozice'),
	('Lon'),
	('Lozorno'),
	('Ltn'),
	('ub'),
	('Lub'),
	('ubela'),
	('Lubenec'),
	('Lubnice'),
	('Lubenk'),
	('ubica'),
	('ubietov'),
	('Lubina'),
	('ubia'),
	('Lubn'),
	('Lubn'),
	('Lubnice'),
	('Lubnk'),
	('ubocha'),
	('Lubom'),
	('ubore'),
	('uborieka'),
	('ubotice'),
	('ubotn'),
	('ubovec'),
	('Luby'),
	('L na Ostrove'),
	('Luany nad Nisou'),
	('Luatn'),
	('Luenec'),
	('Luice'),
	('Luina'),
	('Luivn'),
	('Lka'),
	('Lky'),
	('Lnica nad itavou'),
	('Ludanice'),
	('Ludgeovice'),
	('Ludkov'),
	('Ludkovice'),
	('Ludmrov'),
	('udovtov'),
	('Ludrov'),
	('Ludslavice'),
	('Ludvkov'),
	('Ludvkovice'),
	('Luhaovice'),
	('Luhya'),
	('Lka'),
	('Luka nad Jihlavou'),
	('Lukaovce'),
	('Lukavec'),
	('Lukavec u Hoic'),
	('Lukavica'),
	('Lukavice'),
	('Lukov'),
	('Lukov'),
	('Lukovany'),
	('Lukoveek'),
	('Lukovitia'),
	('Lky'),
	('Lula'),
	('Lule'),
	('Lupenice'),
	('Lupo'),
	('Lutnice'),
	('Lutila'),
	('Lutn'),
	('utina'),
	('Lutie'),
	('Lutonina'),
	('Lutopecny'),
	('utov'),
	('Luany'),
	('Luany pri Topli'),
	('Luce'),
	('Lue'),
	('Luec nad Cidlinou'),
	('Luec nad Vltavou'),
	('Lueniky'),
	('Luianky'),
	('Luice'),
	('Lun'),
	('Lunice'),
	('Lys nad Labem'),
	('Lys pod Makytou'),
	('Lysica'),
	('Lysice'),
	('Lysovice'),
	('Machov'),
	('Machov'),
	('Machulince'),
	('Makov'),
	('Mackovice'),
	('Macov'),
	('Mad'),
	('Madunice'),
	('Magnezitovce'),
	('Mahou'),
	('Majcichov'),
	('Majdalena'),
	('Majere'),
	('Majerovce'),
	('Majetn'),
	('Makotasy'),
	('Makov'),
	('Makovce'),
	('Mal Bystice'),
	('Mal alomija'),
	('Mal ausa'),
	('Mal ierna'),
	('Mal Domaa'),
	('Mal Frankov'),
	('Mal Hradn'),
	('Mal Hratice'),
	('Mal Ida'),
	('Mal Lehota'),
	('Mal Lhota'),
	('Mal Lodina'),
	('Mal Losenice'),
	('Mal Morava'),
	('Mal Morvka'),
	('Mal nad Hronom'),
	('Mal Poana'),
	('Mal Roudka'),
	('Mal Skla'),
	('Mal thle'),
	('Mal Ta'),
	('Mal pa'),
	('Mal Vele'),
	('Mal Vska'),
	('Mal Vrbka'),
	('Malachov'),
	('Malacky'),
	('Mla'),
	('Malatin'),
	('Malatny'),
	('Malice'),
	('Maln'),
	('Malcov'),
	('Mal Borov'),
	('Mal Bezno'),
	('Mal Chyndice'),
	('Mal Dvornky'),
	('Mal Hoste'),
	('Mal Hradisko'),
	('Mal Kosihy'),
	('Mal Kozmlovce'),
	('Mal Krteany'),
	('Mal Kyice'),
	('Mal Lednice'),
	('Mal Levre'),
	('Mal Ludince'),
	('Mal Ozorovce'),
	('Mal Ptono'),
	('Mal Rakovce'),
	('Mal Ripany'),
	('Mal Straciny'),
	('Mal Svatoovice'),
	('Mal Trakany'),
	('Mal Uherce'),
	('Mal Vozokany'),
	('Mal Vkleky'),
	('Mal Zluie'),
	('Mal ernoseky'),
	('Mal Zlievce'),
	('Male'),
	('Maleov'),
	('Malenice'),
	('Malenovice'),
	('Maleov'),
	('Maleovice'),
	('Maletn'),
	('Malhostovice'),
	('Malhotice'),
	('Mal'),
	('Malkov'),
	('Malkovice'),
	('Mlinec'),
	('Malnky'),
	('Malinov'),
	('Malinovo'),
	('Mlkov'),
	('Malonty'),
	('Malotice'),
	('Malovice'),
	('Malice'),
	('Maln'),
	('Malovice'),
	('Maluin'),
	('Mal Beranov'),
	('Mal Bor'),
	('Mal epn'),
	('Mal Cetn'),
	('Mal Hore'),
	('Mal Kamenec'),
	('Mal Krt'),
	('Mal Lap'),
	('Mal Lipnk'),
	('Mal ari'),
	('Mal Slavkov'),
	('Mal Slivnk'),
	('Mal jezd'),
	('Malenice'),
	('Maa'),
	('Mantn'),
	('Mankovce'),
	('Mankovice'),
	('Maovice'),
	('Marcelov'),
	('Maenice'),
	('Margecany'),
	('Marha'),
	('Marianka'),
	('Marinsk Lzn'),
	('Marinsk Radice'),
	('Markovce'),
	('Markuka'),
	('Markuovce'),
	('Markvartice'),
	('Markvartovice'),
	('Marov'),
	('Marov u pice'),
	('Marov-Raov'),
	('Marovice'),
	('Martin'),
	('Martin nad itavou'),
	('Martinek'),
	('Martinves'),
	('Martinice'),
	('Martinice u Onova'),
	('Martinice v Krkonoch'),
	('Martnkov'),
	('Martnkovice'),
	('Martinov'),
	('Martovce'),
	('Makov'),
	('Makovce'),
	('Mslojedy'),
	('Mslovice'),
	('Masojedy'),
	('Maovice'),
	('Mastnk'),
	('Maov'),
	('Matjov'),
	('Matejovce nad Horndom'),
	('Matiaka'),
	('Matiaovce'),
	('Matovce'),
	('Maovsk Vojkovce'),
	('Matkovo'),
	('Matysov'),
	('Mazelov'),
	('Maice'),
	('Mcely'),
	('Mee'),
	('Mchenice'),
	('Mcholupy'),
	('Meichov'),
	('Mn'),
	('Meclov'),
	('Mdnec'),
	('Medlice'),
	('Medlov'),
	('Medlovice'),
	('Medonosy'),
	('Medovarce'),
	('Medov jezd'),
	('Medvedie'),
	('Medveov'),
	('Medzany'),
	('Medzev'),
	('Medzianky'),
	('Medzibrod'),
	('Medzibrodie nad Oravou'),
	('Medzilaborce'),
	('Mkynec'),
	('Mel'),
	('Mlany'),
	('Melice-Lieskov'),
	('Melek'),
	('Meliata'),
	('Mlnick Vtelno'),
	('Mlnk'),
	('Many'),
	('Mengusovce'),
	('Menhartice'),
	('Mnk'),
	('Mnn'),
	('Meraice'),
	('Merboltice'),
	('Mn'),
	('Merkln'),
	('Mernk'),
	('Mrotn'),
	('Mrovice nad Hanou'),
	('Mrunice'),
	('Mice'),
	('Mn'),
	('Meno'),
	('Mstec Krlov'),
	('Mesteko'),
	('Msteko Trnvka'),
	('Mestisko'),
	('Msto Albrechtice'),
	('Msto Toukov'),
	('Metylovice'),
	('Mezholezy (dve okres Domalice)'),
	('Mezholezy (dve okres Horovsk Tn)'),
	('Mezibo'),
	('Meziho'),
	('Mezile'),
	('Meziles'),
	('Mezimst'),
	('Mezina'),
	('Mezi'),
	('Meziko'),
	('Mezn'),
	('Mezno'),
	('Mezou'),
	('Miakovce'),
	('Michajlov'),
	('Michal na Ostrove'),
	('Michal nad itavou'),
	('Michaany'),
	('Michalkov'),
	('Michalok'),
	('Michalov'),
	('Michalovce'),
	('Michalovice'),
	('Mchov'),
	('Mov-Suice'),
	('Miovice'),
	('Mierovo'),
	('Miezgovce'),
	('Mikluovce'),
	('Mikolajice'),
	('Mikov'),
	('Mikulov'),
	('Mikulovice'),
	('Mikulice'),
	('Mikule'),
	('Mikulov'),
	('Mikulovice'),
	('Mikulvka'),
	('Mikuovce'),
	('Milasn'),
	('Milave'),
	('Milice'),
	('Mile'),
	('Milejovice'),
	('Milenov'),
	('Milen'),
	('Mileov'),
	('Mileovice'),
	('Miletn'),
	('Milevsko'),
	('Milhos'),
	('Milhostov'),
	('Milin'),
	('Milov'),
	('Milovice'),
	('Milkov'),
	('Miln'),
	('Milnov'),
	('Mile'),
	('Milonice'),
	('Miloovice'),
	('Miloslavov'),
	('Milostn'),
	('Milotice'),
	('Milotice nad Bevou'),
	('Milotice nad Opavou'),
	('Milovice'),
	('Milovice u Hoic'),
	('Milpo'),
	('Mil'),
	('Mimo'),
	('Minice'),
	('Miovce'),
	('Miejovice'),
	('Mietice'),
	('Mkov'),
	('Mirkovce'),
	('Mirkovice'),
	('Miroa'),
	('Miroslav'),
	('Miroslavsk Knnice'),
	('Miroov'),
	('Miroovice'),
	('Mirotice'),
	('Mrov'),
	('Mrov'),
	('Mrov pod Kozkovem'),
	('Mirovice'),
	('Miskovice'),
	('Mov'),
	('Miovice'),
	('Msto'),
	('Mistice'),
	('Mistrovice'),
	('Mlad Boleslav'),
	('Mlad Voice'),
	('Mlad Bt'),
	('Mlad Buky'),
	('Mlade'),
	('Mladecko'),
	('Mladjov'),
	('Mladjov na Morav'),
	('Mladjovice'),
	('Mladkov'),
	('Mladoovice'),
	('Mladoovice'),
	('Mladotice'),
	('Mlad Smolivec'),
	('Mldzovo'),
	('Mlzovice'),
	('Mleice'),
	('Mlkojedy'),
	('Mlkosrby'),
	('Mlynrovce'),
	('Mlyneky'),
	('Mlynica'),
	('Mlynky'),
	('Mlnsk Struhadlo'),
	('Mlny'),
	('Mnet'),
	('Mnich'),
	('Mnichov'),
	('Mnchova Lehota'),
	('Mnichovice'),
	('Mnichovo Hradit'),
	('Mnek'),
	('Mnek nad Hnilcom'),
	('Mnek nad Popradom'),
	('Mnek pod Brdy'),
	('Moa'),
	('Moenok'),
	('Moerady'),
	('Mochov'),
	('Mochtn'),
	('Moiar'),
	('Moovice'),
	('Modlany'),
	('Modletice'),
	('Modlkov'),
	('Modra'),
	('Modr Hrka'),
	('Modra nad Cirochou'),
	('Modrany'),
	('Modrava'),
	('Modice'),
	('Modiice'),
	('Modrov'),
	('Modovice'),
	('Modrovka'),
	('Modr Kame'),
	('Mohelnice'),
	('Mohelnice nad Jizerou'),
	('Mohelno'),
	('Mojmrovce'),
	('Mojn'),
	('Moj'),
	('Mojtn'),
	('Mojzesovo'),
	('Mokon'),
	('Mokr Lka'),
	('Mokr-Horkov'),
	('Mokrance'),
	('Mokr'),
	('Mokr Lazce'),
	('Mokroluh'),
	('Mokrosuky'),
	('Mokroue'),
	('Mokrovousy'),
	('Mokrovraty'),
	('Mokr Hj'),
	('Mokr Lom'),
	('Mla'),
	('Moldava'),
	('Moldava nad Bodvou'),
	('Moraice'),
	('Moravany'),
	('Moravany nad Vhom'),
	('Moravec'),
	('Moraveck Pavlovice'),
	('Moraviany'),
	('Moravice'),
	('Morvka'),
	('Moravsk Nov Ves'),
	('Moravsk Tebov'),
	('Moravsk Brnice'),
	('Moravsk Budjovice'),
	('Moravsk Knnice'),
	('Moravsk Lieskov'),
	('Moravsk Mlkovice'),
	('Moravskoslezsk Koov'),
	('Moravsk Beroun'),
	('Moravsk Krumlov'),
	('Moravsk Psek'),
	('Moravsk Svt Jn'),
	('Moravsk ikov'),
	('Moice'),
	('Moina'),
	('Moinka'),
	('Mokov'),
	('Morkovice-Slany'),
	('Morkvky'),
	('Mokovec'),
	('Monov'),
	('Moovce'),
	('Most'),
	('Most pri Bratislave'),
	('Mostek'),
	('Motenica'),
	('Mostkovice'),
	('Mostov'),
	('Mosty u Jablunkova'),
	('Mourov'),
	('Moteice'),
	('Motyky'),
	('Mouchnice'),
	('Mounov'),
	('Moutnice'),
	('Mra'),
	('Mrkotn'),
	('Mrkov'),
	('Mratn'),
	('Mrzovce'),
	('Mn'),
	('Mrlnek'),
	('Mrsklesy'),
	('Mrtnk'),
	('Mrzky'),
	('Mec'),
	('Meck ehrovice'),
	('Men-lzn'),
	('Meno'),
	('Mun'),
	('Mudroovo'),
	('Mudrovce'),
	('Mukaov'),
	('Mua'),
	('Mur'),
	('Murnska Dlh Lka'),
	('Murnska Huta'),
	('Murnska Lehota'),
	('Murnska Zdychava'),
	('Mutjovice'),
	('Mutnice'),
	('Mutnn'),
	('Mutkov'),
	('Mtne'),
	('Mula'),
	('Mydlovary'),
	('Myjava'),
	('Myslejovice'),
	('Mysletice'),
	('Mysletn'),
	('Myslibo'),
	('Mysliboice'),
	('Mysln'),
	('Myslina'),
	('Myslinka'),
	('Myslv'),
	('Myslkovice'),
	('Mysloovice'),
	('Myslovice'),
	('Mytves'),
	('Mytice'),
	('Mtna'),
	('Mtne Ludany'),
	('Mto'),
	('Mto pod umbierom'),
	('Many'),
	('n Bystr'),
	('n Poana'),
	('n Porbka'),
	('Naboany'),
	('Naeradec'),
	('Naeice'),
	('Nchod'),
	('Nacina Ves'),
	('Nadjkov'),
	('Nadjov'),
	('Nadlice'),
	('Nadryby'),
	('agov'),
	('Nah'),
	('Nahoany'),
	('Nahoovice'),
	('Nklo'),
	('Nk'),
	('Nlepkovo'),
	('Nalouany'),
	('Nalovice'),
	('Nalovsk Hory'),
	('Nm na Han'),
	('Nm nad Oslavou'),
	('Nmestovo'),
	('Nna'),
	('Nandra'),
	('Napajedla'),
	('rad'),
	('Nrame'),
	('Narysov'),
	('Nasavrky'),
	('Nsedlovice'),
	('Naimice'),
	('Nvojn'),
	('Nvs'),
	('n'),
	('n ierno'),
	('Nebahovy'),
	('Nebanice'),
	('Neblovy'),
	('Nebovidy'),
	('Nebehovice'),
	('Nebuely'),
	('Nechanice'),
	('Nechvalice'),
	('Nechvaln'),
	('Nechvlova Polianka'),
	('Nen'),
	('Necpaly'),
	('Netiny'),
	('Nedabyle'),
	('Nedachlebice'),
	('Nedakonice'),
	('Nedanovce'),
	('Nedaov'),
	('Nedaova Lhota'),
	('Nedaovce'),
	('Neded'),
	('Nededza'),
	('Nedlit'),
	('Nedomice'),
	('Nedoery-Brezany'),
	('Nedrahovice'),
	('Nedvdice'),
	('Nedvz'),
	('Nehodiv'),
	('Nehvizdy'),
	('Nejdek'),
	('Nejepn'),
	('Nekm'),
	('Neko'),
	('Nekvasovy'),
	('Nelahozeves'),
	('Nelepe-ernvka'),
	('Neleovice'),
	('Nemanice'),
	('Nmany'),
	('Nemce'),
	('Nmice'),
	('Nmice nad Hanou'),
	('Nmiky'),
	('Nemiany'),
	('Nemcovce'),
	('Nmovice'),
	('Nemeck'),
	('Nemeky'),
	('Nemeany'),
	('Nmtice'),
	('Nemile'),
	('Nemochovice'),
	('Nemojany'),
	('Nemojov'),
	('Nemotice'),
	('Nemov'),
	('Nemyeves'),
	('Nemyl'),
	('Nemyslovice'),
	('Nenaovice'),
	('Nenince'),
	('Nenkovice'),
	('Neplachov'),
	('Neplachovice'),
	('Nepolisy'),
	('Nepomice'),
	('Nepomuk'),
	('Nepomyl'),
	('Neporadza'),
	('Nepevzka'),
	('Neprobylice'),
	('Neratov'),
	('Neratovice'),
	('Nerestce'),
	('Neslovice'),
	('Neslua'),
	('Nesovice'),
	('Nespeky'),
	('Nestraovice'),
	('Nesuchyn'),
	('Nesvailka'),
	('Nesvaily'),
	('Nesvady'),
	('Netn'),
	('Netolice'),
	('Netebice'),
	('Netunice'),
	('Netvoice'),
	('Neubuz'),
	('Neum'),
	('Neumice'),
	('Neumtely'),
	('Neurazy'),
	('Neustupov'),
	('Nevcehle'),
	('Neveklov'),
	('Neveklovice'),
	('Neverice'),
	('Nevzice'),
	('Nevid'),
	('Nevidzany'),
	('Nevojice'),
	('Nevolice'),
	('Nevon'),
	('Nevratice'),
	('Neve'),
	('Nezabudice'),
	('Nezabylice'),
	('Nezamyslice'),
	('Nezbavtice'),
	('Nezbudsk Lka'),
	('Nezdenice'),
	('Nezdice'),
	('Nezdice na umav'),
	('Nezdev'),
	('Nezvstice'),
	('Nicov'),
	('Nihoovice'),
	('Nhov'),
	('Nikolice'),
	('Nimice'),
	('Nimnica'),
	('Nimpov'),
	('Niovice'),
	('Ntkovice'),
	('Nitra'),
	('Nitra nad Ipom'),
	('Nitrianska Blatnica'),
	('Nitrianska Streda'),
	('Nitrianske Hrniarovce'),
	('Nitrianske Pravno'),
	('Nitrianske Rudno'),
	('Nitrianske Suany'),
	('Nitrica'),
	('Niva'),
	('Nivnice'),
	('Nibor'),
	('Nkov'),
	('Nkovice'),
	('Nin'),
	('Nin Boca'),
	('Nin Hutka'),
	('Nin Jablonka'),
	('Nin Jedov'),
	('Nin Kamenica'),
	('Nin Mya'),
	('Nin Olava'),
	('Nin Pisan'),
	('Nin Polianka'),
	('Nin Rybnica'),
	('Nin Sitnica'),
	('Nin Slan'),
	('Nin Voa'),
	('Nin Ladikovce'),
	('Nin Nemeck'),
	('Nin Repae'),
	('Nin Rubachy'),
	('Nin Lhoty'),
	('Nin aj'),
	('Nin Hrabovec'),
	('Nin Hruov'),
	('Nin Kltov'),
	('Nin Komrnik'),
	('Nin Kruov'),
	('Nin Lnec'),
	('Nin Miroov'),
	('Nin Orlk'),
	('Nin Sklnik'),
	('Nin Slavkov'),
	('Nin Tvaroec'),
	('Nin ipov'),
	('Nolovo'),
	('Norberany'),
	('Norovce'),
	('Noslov'),
	('Nosislav'),
	('Noovice'),
	('Nov Baa'),
	('Nov Bata'),
	('Nov Boca'),
	('Nov Bukov'),
	('Nov Bystrica'),
	('Nov Bystice'),
	('Nov Cerekev'),
	('Nov Ddina'),
	('Nov Dedinka'),
	('Nov Dubnica'),
	('Nov Hraden'),
	('Nov Kela'),
	('Nov Lehota'),
	('Nov Lesn'),
	('Nov Lhota'),
	('Nov ubova'),
	('Nov Olen'),
	('Nov Paka'),
	('Nov Pec'),
	('Nov Pl'),
	('Nov Polhora'),
	('Nov Polianka'),
	('Nov e'),
	('Nov Role'),
	('Nov Sedlica'),
	('Nov Sdla'),
	('Nov Telib'),
	('Nov Velnice'),
	('Nov Ves'),
	('Nov Ves I'),
	('Nov Ves nad Lunic'),
	('Nov Ves nad Nisou'),
	('Nov Ves nad Popelkou'),
	('Nov Ves nad Vhom'),
	('Nov Ves nad itavou'),
	('Nov Ves pod Ple'),
	('Nov Ves u Bakova'),
	('Nov Ves u Chotboe'),
	('Nov Ves u Chnova'),
	('Nov Ves u Jaroova'),
	('Nov Ves u Letiny'),
	('Nov Ves u Mlad Voice'),
	('Nov Ves u Novho Msta na Morav'),
	('Nov Ves u Svtl'),
	('Nov Ves v Horch'),
	('Nov Vieska'),
	('Novany'),
	('Novky'),
	('Nov Brnice'),
	('Nov Dvory'),
	('Nov Hamry'),
	('Nov Heminovy'),
	('Nov Hony'),
	('Nov Hrady'),
	('Nov Hut'),
	('Nov Lublice'),
	('Nov Msto'),
	('Nov Msto na Morav'),
	('Nov Msto nad Metuj'),
	('Nov Mesto nad Vhom'),
	('Nov Msto pod Smrkem'),
	('Nov Mitrovice'),
	('Nov Sady'),
	('Nov Sedlice'),
	('Nov Sedlo'),
	('Nov Straec'),
	('Nov Syrovice'),
	('Nov Vesel'),
	('Nov Zmky'),
	('Noviny pod Ralskem'),
	('Novosad'),
	('Novosedlice'),
	('Novosedly'),
	('Novosedly nad Nerkou'),
	('Novo'),
	('Nov Bor'),
	('Nov Bydov'),
	('Nov Dm'),
	('Nov Dvr'),
	('Nov Hrdek'),
	('Nov Hrozenkov'),
	('Nov Jchymov'),
	('Nov Jin'),
	('Nov Jimramov'),
	('Nov Knn'),
	('Nov Kostel'),
	('Nov Kramoln'),
	('Nov Maln'),
	('Nov Oldichov'),
	('Nov Ples'),
	('Nov Poddvorov'),
	('Nov Perov'),
	('Nov Ruskov'),
	('Nov Rychnov'),
	('Nov Sala'),
	('Nov aldorf-Sedleovice'),
	('Nov Tekov'),
	('Nov Telekov'),
	('Nov Vestec'),
	('Nov ivot'),
	('Nuice'),
	('Nupaky'),
	('Ndek'),
	('Nyklovice'),
	('Nymburk'),
	('Nany'),
	('Nrov'),
	('Nrovce'),
	('Nrsko'),
	('Obov'),
	('obec Praha'),
	('Obeckov'),
	('Obecnice'),
	('Obdkovice'),
	('Obdovice'),
	('Obiovce'),
	('Obora'),
	('Oborn'),
	('Oboit'),
	('Oborn'),
	('Obory'),
	('Obrata'),
	('Obstv'),
	('Obrnice'),
	('Obrubce'),
	('Obruby'),
	('Obrun'),
	('Obyce'),
	('Obytov'),
	('Obytce'),
	('Oelice'),
	('Ochodnica'),
	('Ochoz'),
	('Ochoz u Brna'),
	('Ochoz u Tinova'),
	('Ochtin'),
	('Oihov'),
	('Okov'),
	('Ocmanice'),
	('Oov'),
	('Odolena Voda'),
	('Odorn'),
	('Odrava'),
	('Odepsy'),
	('Odrovice'),
	('Odry'),
	('Odunec'),
	('Ohae'),
	('Ohaice'),
	('Ohave'),
	('Ohn'),
	('Ohniov'),
	('Ohniany'),
	('Ohrady'),
	('Ohradzany'),
	('Ohrazenice'),
	('Ohrobec'),
	('Ohrozim'),
	('Okarec'),
	('Okna'),
	('Oko'),
	('Okolin na Ostrove'),
	('Oko'),
	('Okounov'),
	('Okesane'),
	('Okeice'),
	('Oknek'),
	('Okky'),
	('Okrouhl'),
	('Okrouhl Radou'),
	('Okrouhlice'),
	('Okrouhlika'),
	('Okrouhlo'),
	('Okrhle'),
	('Okrun'),
	('Olbramice'),
	('Olbramkostel'),
	('Olbramov'),
	('Olbramovice'),
	('Olcnava'),
	('Oldichov'),
	('Oldichov v Hjch'),
	('Oldichovice'),
	('Oldi'),
	('Oldiov'),
	('Odza'),
	('Olejnkov'),
	('Oleksovice'),
	('Oleenka'),
	('Oleka'),
	('Oleko'),
	('Olen'),
	('Olenice'),
	('Olenice v Orlickch horch'),
	('Olenk'),
	('Oka'),
	('Olomouc'),
	('Olomuany'),
	('Olovry'),
	('Olov'),
	('Olovnice'),
	('Olany'),
	('Olany u Prostjova'),
	('Oavce'),
	('Oavica'),
	('Oavka'),
	('Ol'),
	('Oinkov'),
	('Oov'),
	('Olovany'),
	('Olovec'),
	('Olovice'),
	('Omastin'),
	('Omice'),
	('Omlenice'),
	('Omenie'),
	('Ondavka'),
	('Ondavsk Matiaovce'),
	('Ondraov'),
	('Ondraovce'),
	('Ondratice'),
	('Ondejov'),
	('Ondrejovce'),
	('Onomyl'),
	('Onov'),
	('Opaany'),
	('Optka'),
	('Opatov'),
	('Opatovce'),
	('Opatovce nad Nitrou'),
	('Opatovec'),
	('Opatovice'),
	('Opatovice I'),
	('Opatovice nad Labem'),
	('Opatovsk Nov Ves'),
	('Opava'),
	('Opin'),
	('Oplany'),
	('Oplocany'),
	('Oplot'),
	('Oponice'),
	('Opono'),
	('Opoj'),
	('Opolany'),
	('Oponeice'),
	('Oponice'),
	('Oprostovice'),
	('Orov'),
	('Oravce'),
	('Orvka'),
	('Oravsk Jasenica'),
	('Oravsk Lesn'),
	('Oravsk Polhora'),
	('Oravsk Poruba'),
	('Oravsk Vesel'),
	('Oravsk Biely Potok'),
	('Oravsk Podzmok'),
	('Ordzovany'),
	('Oech'),
	('Oechov'),
	('Orechov'),
	('Orechov Pot'),
	('Orel'),
	('Oreany'),
	('Oresk'),
	('Orlick Podh'),
	('Orlick Zho'),
	('Orliky'),
	('Orlk nad Vltavou'),
	('Orlov'),
	('Orlov'),
	('Orlovice'),
	('Orovnica'),
	('Ortuov'),
	('Osdka'),
	('Osadn'),
	('Oadnica'),
	('Oseany'),
	('Oseek'),
	('Osen'),
	('Osenice'),
	('Osek'),
	('Osek nad Bevou'),
	('Oselce'),
	('Oeln'),
	('Osice'),
	('Osko'),
	('Osiky'),
	('Osk'),
	('Osikov'),
	('Osiky'),
	('Oskava'),
	('Oskonek'),
	('Oslany'),
	('Oslavany'),
	('Oslavice'),
	('Oslavika'),
	('Oslnovice'),
	('Oslov'),
	('Osoblaha'),
	('Osov'),
	('Osov Btka'),
	('Osov'),
	('Osrblie'),
	('Ostaov'),
	('Ostopovice'),
	('Ostr'),
	('Ostr Lka'),
	('Ostrata'),
	('Ostratice'),
	('Ostrava'),
	('Ostravice'),
	('Ostedek'),
	('Osteany'),
	('Ostetice'),
	('Ostetn'),
	('Ostrolovsk jezd'),
	('Ostrom'),
	('Ostrov'),
	('Ostrov nad Oslavou'),
	('Ostrov u Bezdruic'),
	('Ostrov u Macochy'),
	('Ostrovaice'),
	('Ostrovnky'),
	('Ostrovany'),
	('Ostrovec'),
	('Ostrovec-Lhotka'),
	('Ostrosk Lhota'),
	('Ostrosk Nov Ves'),
	('Ostrun'),
	('Ostruno'),
	('Ostr Gr'),
	('Ostura'),
	('Osusk'),
	('Osvtimany'),
	('Osvran'),
	('Otaslavice'),
	('Otice'),
	('Otice'),
	('Otn'),
	('Otinoves'),
	('Otmarov'),
	('Otme'),
	('Otnice'),
	('Otov'),
	('Otovice'),
	('Otradov'),
	('Otrhnky'),
	('Otron'),
	('Otroinves'),
	('Otrook'),
	('Otrokovice'),
	('Otvice'),
	('Otvovice'),
	('Oubnice'),
	('Oucmanice'),
	('Oudole'),
	('Ovry'),
	('Oviarsko'),
	('Ovie'),
	('Ovesn Lhota'),
	('Ovesn Kladruby'),
	('Oany'),
	('Ozdn'),
	('Oznice'),
	('Pabnice'),
	('Paa'),
	('Paejov'),
	('Paceice'),
	('Pacetluky'),
	('Palavice'),
	('Pacov'),
	('Pad'),
	('Padarovce'),
	('Pakostov'),
	('Palrikovo'),
	('Ple'),
	('Paln'),
	('Palkovice'),
	('Palonn'),
	('Palota'),
	('Plovice'),
	('Pamtice'),
	('Paa'),
	('Panensk Rozska'),
	('Panensk Beany'),
	('Panensk Tnec'),
	('Panick Dravce'),
	('Pano jezd'),
	('Paovce'),
	('Pansk Dubenky'),
	('Papn'),
	('Papradno'),
	('Paraov'),
	('Parchovany'),
	('Pardubice'),
	('Paezov'),
	('Parihuzovce'),
	('Prnica'),
	('Parovice'),
	('Partiznska upa'),
	('Partiznske'),
	('Partutovice'),
	('Pasenice'),
	('Paseka'),
	('Paseky'),
	('Paseky nad Jizerou'),
	('Painka'),
	('Paskov'),
	('Pakov'),
	('Pasohlvky'),
	('Paovice'),
	('Patina Zvada'),
	('Pastovce'),
	('Pastuchov'),
	('Pastuchovice'),
	('Pastviny'),
	('Pata'),
	('Pata'),
	('Ptek'),
	('Patince'),
	('Patokryje'),
	('Pavina Lehota'),
	('Pavany'),
	('Pavlice'),
	('Pavlkov'),
	('Pavlnov'),
	('Pavlov'),
	('Pavlov'),
	('Pavlova Ves'),
	('Pavlovce'),
	('Pavlovce nad Uhom'),
	('Pavlovice'),
	('Pavlovice u Kojetna'),
	('Pavlovice u Perova'),
	('Pazderna'),
	('Pai'),
	('Pchery'),
	('Polin'),
	('Pec'),
	('Pec pod Snkou'),
	('Peeady'),
	('Peeany'),
	('Peenice'),
	('Pice'),
	('Pn'),
	('Pecka'),
	('Peky'),
	('Pnov'),
	('Peovsk Nov Ves'),
	('Peder'),
	('Pelechy'),
	('Pelhimov'),
	('Pnn'),
	('Perlec'),
	('Peimov'),
	('Pern-Chym'),
	('Pern'),
	('Pernarec'),
	('Pernek'),
	('Pernink'),
	('Perntejnsk Jestab'),
	('Pertejn'),
	('Pertoltice'),
	('Pertoltice pod Ralskem'),
	('Peruc'),
	('Pesvice'),
	('Ptihosty'),
	('Ptikozly'),
	('Ptipsy'),
	('Petkovce'),
	('Petkovy'),
	('Petrve'),
	('Petkov'),
	('Petrikovce'),
	('Petrohrad'),
	('Petroupim'),
	('Petrov'),
	('Petrov nad Desnou'),
	('Petrov'),
	('Petrova Lehota'),
	('Petrova Ves'),
	('Petrovany'),
	('Petrovce'),
	('Petrovce nad Laborcom'),
	('Petrovice'),
	('Petrovice I'),
	('Petrovice II'),
	('Petrovice u Karvin'),
	('Petrovice u Suice'),
	('Petroviky'),
	('Petrovo'),
	('Petrvka'),
	('Petrvky'),
	('Petvald'),
	('Pezinok'),
	('Pichne'),
	('Pin'),
	('Pieany'),
	('Pikrec'),
	('Pila'),
	('Pilnkov'),
	('Pincin'),
	('Pinkovce'),
	('Psaov'),
	('Psen'),
	('Psen'),
	('Psek'),
	('Piskorovce'),
	('Pskov Lhota'),
	('P'),
	('Pany'),
	('Pitn'),
	('Pstina'),
	('Psty'),
	('Pitelov'),
	('Pitn'),
	('Pivn'),
	('Pivkovice'),
	('Plan'),
	('Plan nad Lunic'),
	('Plaany'),
	('Plandry'),
	('Pln'),
	('Plnice'),
	('Plovce'),
	('Plasy'),
	('Plav'),
	('Plav Vozokany'),
	('Plave'),
	('Plaveck Podhradie'),
	('Plaveck Mikul'),
	('Plaveck Peter'),
	('Plaveck tvrtok'),
	('Plavnica'),
	('Plavsko'),
	('Plavy'),
	('Plazy'),
	('Plch'),
	('Plchov'),
	('Plchovice'),
	('Plechotice'),
	('Plenkovice'),
	('Ple'),
	('Plee'),
	('Pleivec'),
	('Plesn'),
	('Plenice'),
	('Pleten jezd'),
	('Plevnk-Drienov'),
	('Plieovce'),
	('Plskov'),
	('Plosk'),
	('Ploskovice'),
	('Pluhv r'),
	('Plumlov'),
	('Plun'),
	('Plze'),
	('Pntluky'),
	('Pov-Pedhrad'),
	('Povany'),
	('Povice'),
	('Pobedim'),
	('Pobovice'),
	('Pobovice u Holic'),
	('Pobovice u Peloue'),
	('Poaply'),
	('Poarov'),
	('Potky'),
	('Poedlice'),
	('Poenice-Tettice'),
	('Poepice'),
	('Pochabany'),
	('Pochvalov'),
	('Pocinovice'),
	('Potky'),
	('Povadlo'),
	('Podbiel'),
	('Podboansk Rohozec'),
	('Podboany'),
	('Podbran'),
	('Podbrdy'),
	('Podbez'),
	('Podbeice'),
	('Podbrezov'),
	('Podbrady'),
	('Podn'),
	('Podvousy'),
	('Podhjska'),
	('Podhorany'),
	('Podhoany u Ronova'),
	('Podhorie'),
	('Podhorn jezd a Vojice'),
	('Podhoro'),
	('Podhrad'),
	('Podhrad nad Dyj'),
	('Podhradie'),
	('Podhradk'),
	('Podhradn Lhota'),
	('Podivice'),
	('Podivn'),
	('Podkonice'),
	('Podkopn Lhota'),
	('Podkriv'),
	('Podkylava'),
	('Podles'),
	('Podlen'),
	('Podluhy'),
	('Podluany'),
	('Podmoklany'),
	('Podmokly'),
	('Podmoky'),
	('Podmol'),
	('Podmye'),
	('Podolanka'),
	('Podol'),
	('Podol I'),
	('Podolie'),
	('Podolnec'),
	('Podom'),
	('Podreany'),
	('Podsedice'),
	('Podskalie'),
	('Podture'),
	('Podlany'),
	('Podl'),
	('Podveky'),
	('Podvysok'),
	('Podzmok'),
	('Pohle'),
	('Pohledy'),
	('Pohnnec'),
	('Pohnn'),
	('Pohorel'),
	('Pohoelice'),
	('Poho'),
	('Pohorovice'),
	('Pohorsk Ves'),
	('Pohranice'),
	('Pohronsk Polhora'),
	('Pohronsk Bukovec'),
	('Pohronsk Ruskov'),
	('Pojbuky'),
	('Pokojov'),
	('Pokojovice'),
	('Pokikov'),
	('Pokryv'),
	('Polnka'),
	('Poanovce'),
	('Poany'),
	('Pole'),
	('Polepy'),
	('Polerady'),
	('Poles'),
	('Poleovice'),
	('Polevsko'),
	('Poliakovce'),
	('Polianka'),
	('Police'),
	('Police nad Metuj'),
	('Polichno'),
	('Polika'),
	('Polina'),
	('Polkovice'),
	('Poln'),
	('Poln Chrice'),
	('Poln Vodrady'),
	('Polnika'),
	('Pon Kesov'),
	('Polom'),
	('Poloma'),
	('Polom'),
	('Polomka'),
	('Polt'),
	('Poltr'),
	('Poluvsie'),
	('Pomez'),
	('Pomez nad Oh'),
	('Pondra'),
	('Pondrka'),
	('Pontovice'),
	('Pongrcovce'),
	('Ponikl'),
	('Poniky'),
	('Popeln'),
	('Popice'),
	('Popovice'),
	('Popoviky'),
	('Poprad'),
	('Popro'),
	('Popudinsk Moidany'),
	('Popvky'),
	('Por'),
	('Poriadie'),
	('Poany'),
	('Po nad Szavou'),
	('Po u Litomyle'),
	('Porostov'),
	('Poruba'),
	('Poruba pod Vihorlatom'),
	('Porbka'),
	('Poa'),
	('Pon'),
	('Postoloprty'),
	('Potovice'),
	('Postekov'),
	('Postelmov'),
	('Postelmvek'),
	('Postin'),
	('Postupice'),
	('Pote'),
	('Pothy'),
	('Potky'),
	('Potok'),
	('Potoky'),
	('Ptor'),
	('Pottt'),
	('Pottejn'),
	('Potky'),
	('Potvorice'),
	('Potvorov'),
	('Poustka'),
	('Pouzdany'),
	('Povaany'),
	('Povask Bystrica'),
	('Povina'),
	('Povoda'),
	('Povraznk'),
	('Povrly'),
	('Pozba'),
	('Pozatn'),
	('Pozdchov'),
	('Pozde'),
	('Pozdiovce'),
	('Pozlovice'),
	('Pozoice'),
	('Prace'),
	('Pracejovice'),
	('Prachatice'),
	('Prachovice'),
	('Prackovice nad Labem'),
	('Prdlo'),
	('Praha'),
	('Prakovce'),
	('Prakice'),
	('Prameny'),
	('Prasek'),
	('Praice'),
	('Prily'),
	('Praskaka'),
	('Prasklice'),
	('Praskolesy'),
	('Pslavice'),
	('Prank'),
	('Pravice'),
	('Pravenec'),
	('Pravica'),
	('Pravice'),
	('Pravlov'),
	('Pravonn'),
	('Pravotice'),
	('Pravy'),
	('Pramo'),
	('Prznovce'),
	('Peborov'),
	('Pebuz'),
	('Pechovice'),
	('Pren'),
	('Peckov'),
	('Predajn'),
	('Pedboj'),
	('Pedenice'),
	('Pedhrad'),
	('Pedn'),
	('Pedklte'),
	('Pedmice nad Jizerou'),
	('Pedmice nad Labem'),
	('Predmier'),
	('Pedm'),
	('Pedn Vto'),
	('Pedn Zborovice'),
	('Pedotice'),
	('Pedslav'),
	('Pedslavice'),
	('Pehoov'),
	('Pehvozd'),
	('Pehov'),
	('Pelc'),
	('Pelou'),
	('Pelovice'),
	('Pemyslovice'),
	('Prenov'),
	('Pepee'),
	('Pepychy'),
	('Perov'),
	('Perov nad Labem'),
	('Perubenice'),
	('Preseany'),
	('Peskae'),
	('Preov'),
	('Peovice'),
	('Pestanov'),
	('Prestavlky'),
	('Pestavlky u eran'),
	('Petnice'),
	('Petice'),
	('Peovice'),
	('Pevov'),
	('Pezletice'),
	('Prbelce'),
	('Pribenk'),
	('Pribeta'),
	('Pibice'),
	('Pribi'),
	('Pbor'),
	('Prbovce'),
	('Pbram'),
	('Pbram na Morav'),
	('Pbraz'),
	('Pribylina'),
	('Pibyslav'),
	('Pibyslavice'),
	('Pchovice'),
	('Pina'),
	('Povy'),
	('Pdol'),
	('Priechod'),
	('Priekopa'),
	('Priepasn'),
	('Prietr'),
	('Prietrka'),
	('Prievaly'),
	('Prievidza'),
	('Prihradzany'),
	('Pkazy'),
	('Pkosice'),
	('Prkra'),
	('Pkr'),
	('Plepy'),
	('Pluka'),
	('Pimda'),
	('Psen'),
	('Pseka'),
	('Piimasy'),
	('Prslop'),
	('Psnotice'),
	('Pov'),
	('Povice'),
	('Pistoupim'),
	('Ptpo'),
	('Ptluky'),
	('Prituany'),
	('Pvtice'),
	('Pvrat'),
	('Prlov'),
	('Probotov'),
	('Probulov'),
	('Pro'),
	('Prochot'),
	('Prodaice'),
	('Prokopov'),
	('Proruby'),
	('Prosaov'),
	('Prose'),
	('Prose pod Jetdem'),
	('Prose pod Kemenkem'),
	('Prosen'),
	('Prosenice'),
	('Prosenick Lhota'),
	('Prosetn'),
	('Proska'),
	('Prosiek'),
	('Prosimice'),
	('Prostjov'),
	('Prostjoviky'),
	('Prostibo'),
	('Prostedn Beva'),
	('Prostedn Po'),
	('Protivanov'),
	('Protivn'),
	('Provodn'),
	('Provodov'),
	('Provodov-onov'),
	('Provodovice'),
	('Pra'),
	('Prtice'),
	('Prhonice'),
	('Prunky'),
	('Prusice'),
	('Prusinovice'),
	('Prusk'),
	('Prusy'),
	('Prusy-Bokvky'),
	('Pruina'),
	('Prysk'),
	('Prno'),
	('Pnky'),
	('Pse'),
	('Psrov'),
	('Psry'),
	('Pov'),
	('Povlky'),
	('Pstrin'),
	('Pstru'),
	('Pten'),
	('Ptenn'),
	('Ptice'),
	('Ptiie'),
	('Ptruka'),
	('Ptrov'),
	('Puchlovice'),
	('Pchov'),
	('Puclice'),
	('Pucov'),
	('Pukanec'),
	('Puklice'),
	('Pulen'),
	('Puovce'),
	('Pust Kamenice'),
	('Pust Polom'),
	('Pust Rybn'),
	('Pust emern'),
	('Pust Pole'),
	('Pust Sady'),
	('Pust any'),
	('Pustjov'),
	('Pustim'),
	('Pustina'),
	('Pustovty'),
	('Putim'),
	('Putimov'),
	('Pyel'),
	('Pyely'),
	('Rabakov'),
	('Raba'),
	('Rabice'),
	('Rab'),
	('Rabtejnsk Lhota'),
	('Rby'),
	('Rabyn'),
	('Raetice'),
	('Raice'),
	('Raice nad Trotinou'),
	('Raice-Pstovice'),
	('Ran'),
	('Rainves'),
	('Rackov'),
	('Rcovice'),
	('Rad'),
	('Radatice'),
	('Radava'),
	('Radice'),
	('Radjov'),
	('Radjovice'),
	('Radenice'),
	('Radenn'),
	('Raden'),
	('Radensk Svratka'),
	('Radtice'),
	('Radho'),
	('Radhostice'),
	('Rad'),
	('Radkov'),
	('Radkovice'),
	('Radim'),
	('Radim'),
	('Radimov'),
	('Radimovice'),
	('Radimovice u Tbora'),
	('Radimovice u ele'),
	('Radkov'),
	('Radkova Lhota'),
	('Radkovice'),
	('Radkovice u Bude'),
	('Radkovice u Hrotovic'),
	('Radkovy'),
	('Rdlo'),
	('Radnice'),
	('Radnovce'),
	('Radoves'),
	('Radovice'),
	('Radobica'),
	('Radoa'),
	('Radoma'),
	('Radomyl'),
	('Radonice'),
	('Radonn'),
	('Radoina'),
	('Radoov'),
	('Radoovce'),
	('Radoovice'),
	('Radostice'),
	('Radostn'),
	('Radostn nad Oslavou'),
	('Radstka'),
	('Radostn pod Kozkovem'),
	('Radostov'),
	('Radotice'),
	('Radotn'),
	('Radovesice'),
	('Radovesnice I'),
	('Radovesnice II'),
	('Radslavice'),
	('Radu'),
	('Radva nad Dunajom'),
	('Radva nad Laborcom'),
	('Radvanec'),
	('Radvanice'),
	('Radvanovce'),
	('Radzovce'),
	('Rafajovce'),
	('Rajany'),
	('Rajec'),
	('Rjec-Jesteb'),
	('Rajeck Lesn'),
	('Rajeck Teplice'),
	('Rjeko'),
	('Rajhrad'),
	('Rajhradice'),
	('Rajnochovice'),
	('Rko'),
	('Rakousy'),
	('Rakov'),
	('Rakov'),
	('Rakov u Konice'),
	('Rakovk'),
	('Rakovec nad Ondavou'),
	('Rakovice'),
	('Rakovnica'),
	('Rakovnk'),
	('Rakovo'),
	('Raka'),
	('Raksy'),
	('Rakvka'),
	('Rakvice'),
	('Rakytnk'),
	('Ralsko'),
	('Ran'),
	('Ranov'),
	('Rankovce'),
	('Rantov'),
	('Rapotice'),
	('Rapotn'),
	('Rapovce'),
	('Rapach'),
	('Raice'),
	('Ran'),
	('Rakovice'),
	('Raslavice'),
	('sn'),
	('Rasoky'),
	('Raov'),
	('Raovice'),
	('Raspenava'),
	('Rastislavice'),
	('Rataje'),
	('Rataje nad Szavou'),
	('Ratbo'),
	('Ratenice'),
	('Ratibo'),
	('Ratibosk Hory'),
	('Ratkovice'),
	('Ratka'),
	('Ratkov'),
	('Ratkovce'),
	('Ratkovo'),
	('Ratkovsk Lehota'),
	('Ratkovsk Such'),
	('Ratkovsk Bystr'),
	('Ratmice'),
	('Ratnovce'),
	('Ratvaj'),
	('Raice'),
	('Raany'),
	('Razov'),
	('Rztono'),
	('Rztoka'),
	('Rebeovice'),
	('Reca'),
	('eany nad Labem'),
	('eice'),
	('Regetovka'),
	('ehenice'),
	('ehlovice'),
	('Rejchartice'),
	('Rejdov'),
	('Rejtejn'),
	('eka'),
	('Reov'),
	('Remeniny'),
	('Remetsk Hmre'),
	('emov'),
	('ene'),
	('Reniov'),
	('endjov'),
	('epe'),
	('Repejov'),
	('epice'),
	('epn'),
	('Repite'),
	('epnky'),
	('epov'),
	('eichy'),
	('Reica'),
	('Reice'),
	('Reov'),
	('estoky'),
	('etov'),
	('etvka'),
	('evnice'),
	('evniov'),
	('Revca'),
	('Revcka Lehota'),
	('any'),
	('Richnava'),
	('Richvald'),
	('ky'),
	('ky v Orlickch horch'),
	('cmanice'),
	('de'),
	('delov'),
	('dk'),
	('Rieka'),
	('ikonn'),
	('kov'),
	('kovice'),
	('Rimavsk Baa'),
	('Rimavsk Se'),
	('Rimavsk Sobota'),
	('Rimavsk Brezovo'),
	('Rimavsk Janovce'),
	('Rimavsk Zaluany'),
	('mov'),
	('imovice'),
	('pec'),
	('Riovce'),
	('isuty'),
	('itka'),
	('itonice'),
	('Robln'),
	('Rochlov'),
	('Rochov'),
	('Rochovce'),
	('Roov'),
	('Rodinov'),
	('Rodkov'),
	('Rodn'),
	('Rodvnov'),
	('Rohatec'),
	('Rohatsko'),
	('Rohenice'),
	('Rohle'),
	('Rohov'),
	('Rohovce'),
	('Rohovldova Bl'),
	('Rohozec'),
	('Rohozn'),
	('Rohoznice'),
	('Rohonk'),
	('Rohy'),
	('Rojetn'),
	('Rokle'),
	('Rokycany'),
	('Rokyt'),
	('Rokytany'),
	('Rokytnice'),
	('Rokytnice nad Jizerou'),
	('Rokytnice nad Rokytnou'),
	('Rokytnice v Orlickch horch'),
	('Rokytno'),
	('Rokytov'),
	('Rokytov pri Humennom'),
	('Rokytovce'),
	('Rokytovec'),
	('Ronov nad Doubravou'),
	('Ropice'),
	('Roprachtice'),
	('Rose'),
	('Rosice'),
	('Rosika'),
	('Rosina'),
	('Rokovce'),
	('Rosovice'),
	('Rotr'),
	('Rotn'),
	('Rostnice-Zvonovice'),
	('Rotn'),
	('Rostoklaty'),
	('Rotava'),
	('Roubanina'),
	('Rouchovany'),
	('Roudn'),
	('Roudn'),
	('Roudnice'),
	('Roudnice nad Labem'),
	('Roudno'),
	('Roupov'),
	('Rousnov'),
	('Rousk'),
	('Rousmrov'),
	('Roven'),
	('Rovensko'),
	('Rovensko pod Troskami'),
	('Rovinka'),
	('Rovn'),
	('Rovany'),
	('Rovn'),
	('Roalovice'),
	('Rozdrojovice'),
	('Rozhanovce'),
	('Rozhovice'),
	('Rozhran'),
	('Rozko'),
	('Rokovany'),
	('Rozlon'),
	('Romberk nad Vltavou'),
	('Romitl na umav'),
	('Romitl pod Temnem'),
	('Ron'),
	('Roava'),
	('Roavsk Bystr'),
	('Ronov'),
	('Ronov pod Radhotm'),
	('Rozse'),
	('Rozse nad Kunttem'),
	('Rozska'),
	('Rozsochatec'),
	('Rozsochy'),
	('Rozstn'),
	('Roztoky'),
	('Roztoky u Jilemnice'),
	('Roztoky u Semil'),
	('Rozvadov'),
	('Rpety'),
	('Rtyn nad Blinou'),
	('Rtyn v Podkrkono'),
	('Rba'),
	('Ruda'),
	('Ruda nad Moravou'),
	('Rudice'),
	('Rudkov'),
	('Rudimov'),
	('Rudina'),
	('Rudinka'),
	('Rudinsk'),
	('Rudka'),
	('Rudlice'),
	('Rudlov'),
	('Rudn'),
	('Rudn pod Praddem'),
	('Rudany'),
	('Rudnianska Lehota'),
	('Rudnk'),
	('Rudno'),
	('Rudno nad Hronom'),
	('Rudolec'),
	('Rudolfov'),
	('Rudoltice'),
	('Rumanov'),
	('Rumburk'),
	('Rumince'),
	('Runina'),
	('Ruprechtov'),
	('Rusava'),
	('Rusn'),
	('Ruinov'),
	('Rusk'),
	('Rusk Bystr'),
	('Rusk Kaja'),
	('Rusk Nov Ves'),
	('Rusk Poruba'),
	('Rusk Voa'),
	('Rusk Voa nad Popradom'),
	('Rusk Volov'),
	('Ruskov'),
	('Ruskovce'),
	('Rusk Hrabovec'),
	('Rusk Potok'),
	('Rka'),
	('Ren'),
	('Ruin'),
	('Ruindol'),
	('Ruomberok'),
	('Rov'),
	('Rybany'),
	('Ryb'),
	('Rybitv'),
	('Rybky'),
	('Rybn nad Zdobnic'),
	('Rybn'),
	('Rybnice'),
	('Rybnek'),
	('Rybnk'),
	('Rybnky'),
	('Rybnit'),
	('Rychnov na Morav'),
	('Rychnov nad Knnou'),
	('Rychnov u Jablonce nad Nisou'),
	('Rychnovek'),
	('Rychvald'),
	('Ryjice'),
	('Rykynice'),
	('Rmaov'),
	('Rymice'),
	('Rynrec'),
	('Rynholec'),
	('Rynoltice'),
	('Ryovit'),
	('abina'),
	('Sabinov'),
	('Saurov'),
	('Sdek'),
	('Sdon'),
	('Sadov'),
	('Sadov'),
	('Sadsk'),
	('Sady nad Torysou'),
	('afov'),
	('ahy'),
	('ajdkove Humence'),
	('akvice'),
	('aa'),
	('Salaova Lhota'),
	('Sala'),
	('algoka'),
	('algovce'),
	('Salka'),
	('alov'),
	('ambron'),
	('Samope'),
	('amorn'),
	('Samotiky'),
	('Samn'),
	('Samina'),
	('amudovce'),
	('andal'),
	('anov'),
	('Santovka'),
	('Sny'),
	('Sap'),
	('aplava'),
	('aratice'),
	('arbov'),
	('ardice'),
	('arisk Poruba'),
	('arisk Trsten'),
	('arisk Bohdanovce'),
	('arisk ierne'),
	('arisk Dravce'),
	('arisk Jastrabie'),
	('arisk Michaany'),
	('arisk Sokolovce'),
	('arisk tiavnik'),
	('arkan'),
	('arovce'),
	('rovcova Lhota'),
	('arovy'),
	('Ssa'),
	('Sasinkovo'),
	('aov'),
	('atn-Stre'),
	('atov'),
	('vo'),
	('Szava'),
	('Szavka'),
	('Sazdice'),
	('Sazen'),
	('Sazomn'),
	('Sazovice'),
	('Sb'),
	('Schoov'),
	('Sebechleby'),
	('Sebeice'),
	('Sebedn-Beov'),
	('Sebedraie'),
	('ebestnice'),
	('ebetov'),
	('ebov'),
	('ebkovice'),
	('Sebranice'),
	('ebrov-Kateina'),
	('Se'),
	('Seianky'),
	('Seovce'),
	('Seovsk Polianka'),
	('edivec'),
	('Sedlatice'),
	('Sedlany'),
	('Sedlec'),
	('Sedlec-Price'),
	('Sedleko u Sobslav'),
	('Sedlejov'),
	('Sedletn'),
	('Sedliacka Dubov'),
	('Sedlice'),
	('Sedlisk'),
	('Sedlit'),
	('Sedlnice'),
	('Sedloov'),
	('Sedmerovec'),
	('Sehradice'),
	('Sejkov'),
	('Sejek'),
	('Sekeice'),
	('Sekule'),
	('Seany'),
	('Selce'),
	('Selec'),
	('eleovice'),
	('Seletice'),
	('Selice'),
	('Selmice'),
	('Seloutky'),
	('elpice'),
	('Semann'),
	('Semice'),
	('Semechnice'),
	('Semerovo'),
	('emetkovce'),
	('Semice'),
	('Semily'),
	('Semn'),
	('Semnvice'),
	('emnice'),
	('ema'),
	('Semt'),
	('Sea'),
	('Sendra'),
	('Sendraice'),
	('Senec'),
	('Senetov'),
	('Seniakovce'),
	('Senica'),
	('Senice'),
	('Senice na Han'),
	('Senika'),
	('Seninka'),
	('enkvice'),
	('Senn'),
	('Senohraby'),
	('Senohrad'),
	('Senomaty'),
	('Senorady'),
	('enov'),
	('enov u Novho Jina'),
	('Senoaty'),
	('Sentice'),
	('Sepekov'),
	('Sere'),
	('erkovice'),
	('estajovice'),
	('etjovice'),
	('evtn'),
	('Sezemice'),
	('Sezimovo st'),
	('iatorsk Bukovinka'),
	('iba'),
	('Sibina'),
	('d'),
	('Sielnica'),
	('Siheln'),
	('Sihla'),
	('Sikenica'),
	('Sikenika'),
	('Siladice'),
	('ilheovice'),
	('Silica'),
	('Silick Brezov'),
	('Silick Jablonica'),
	('Silvky'),
	('imanov'),
	('imonovce'),
	('imonovice'),
	('indelov'),
	('indliar'),
	('intava'),
	('pkov'),
	('pkov'),
	('py'),
	('Sir'),
	('irkov'),
	('Siejovice'),
	('Sirk'),
	('irkovce'),
	('Sirnk'),
	('irok Niva'),
	('irok'),
	('irok Dl'),
	('ima'),
	('iov'),
	('itboice'),
	('ivetice'),
	('Sivice'),
	('Skaany'),
	('Skalica'),
	('Skalice'),
	('Skalice nad Svitavou'),
	('Skalice u esk Lpy'),
	('Skalika'),
	('Skalit'),
	('Skalka'),
	('Skalka nad Vhom'),
	('Skalka u Doks'),
	('Skaln'),
	('Skalsko'),
	('Skly'),
	('Skapce'),
	('Skro'),
	('Skaov'),
	('Skatice'),
	('Skereovo'),
	('Sklabia'),
	('Sklabinsk Podzmok'),
	('Sklen'),
	('Sklen nad Oslavou'),
	('Sklen Teplice'),
	('Skoice'),
	('Skomelno'),
	('Skopytce'),
	('Skoenice'),
	('Skoice'),
	('Skorkov'),
	('Skoronice'),
	('Skoroice'),
	('Skorotice'),
	('Skotnice'),
	('Skrabsk'),
	('Skrbe'),
	('Skrchov'),
	('krdlovice'),
	('Skinov'),
	('Skipel'),
	('Skipov'),
	('Skivany'),
	('Skrn'),
	('Skrchov u Malic'),
	('Skryje'),
	('Skuhrov'),
	('Skuhrov nad Blou'),
	('Skute'),
	('kvorec'),
	('kvoetice'),
	('Skvrov'),
	('Skcov'),
	('Slabce'),
	('Slabice'),
	('Sldkoviovo'),
	('Slan'),
	('Slank'),
	('Slanec'),
	('Slank'),
	('Slansk Huta'),
	('Slansk Nov Mesto'),
	('Slan'),
	('lapanice'),
	('lapanov'),
	('Slapsko'),
	('Slapy'),
	('Slask'),
	('Slatina'),
	('Slatina nad Bebravou'),
	('Slatina nad pou'),
	('Slatina nad Zdobnic'),
	('Slatiany'),
	('Slatinice'),
	('Slatinka nad Bebravou'),
	('Slatinky'),
	('Slatinsk Lazy'),
	('Slatiny'),
	('Slatvina'),
	('Slave'),
	('Slavec'),
	('Slavtice'),
	('Slavtn'),
	('Slavtn nad Metuj'),
	('Slavhostice'),
	('Slavin'),
	('Slaviky'),
	('Slavkov'),
	('Slavkovice'),
	('Slavkov'),
	('Slavkov pod Hostnem'),
	('Slavkov u Brna'),
	('Slavkovce'),
	('Slavn'),
	('Slavnica'),
	('Slavonice'),
	('Slavoov'),
	('Slavoka'),
	('Slavoov'),
	('Slavoovce'),
	('Saany'),
	('lglov'),
	('Slepany'),
	('Slepotice'),
	('Slezsk Pavlovice'),
	('Slezsk Rudoltice'),
	('Slia'),
	('Sliepkovce'),
	('Slivnk'),
	('Slizk'),
	('Slopn'),
	('Slopn'),
	('Sloup'),
	('Sloup v echch'),
	('Sloupnice'),
	('Sloupno'),
	('Slovany'),
	('Slove'),
	('Slovnice'),
	('Slovensk Kaja'),
	('Slovensk upa'),
	('Slovensk Nov Ves'),
	('Slovensk Ves'),
	('Slovensk Volov'),
	('Slovensk armoty'),
	('Slovensk Kaany'),
	('Slovensk Kriv'),
	('Slovensk Nov Mesto'),
	('Slovensk Pravno'),
	('Slovensk Grob'),
	('Slovinky'),
	('Sluhy'),
	('luknov'),
	('Slunen'),
	('Slup'),
	('Sluovice'),
	('Slutice'),
	('Slutky'),
	('Sluovice'),
	('Smeno'),
	('Smdice'),
	('Smetanova Lhota'),
	('Smidary'),
	('migovec'),
	('Smilkov'),
	('Smilno'),
	('Smilovice'),
	('Smilovy Hory'),
	('Smiice'),
	('Smiany'),
	('Smolenice'),
	('Smolinsk'),
	('Smoln Pece'),
	('Smolnice'),
	('Smolncka Huta'),
	('Smolnk'),
	('Smolotely'),
	('Smrek'),
	('Smrn'),
	('Smrdky'),
	('Smreany'),
	('Smrk'),
	('Smrice'),
	('Smrov'),
	('Smrovka'),
	('Snakov'),
	('Sndovice'),
	('Snt'),
	('Snn'),
	('Snenica'),
	('Snina'),
	('Snovdky'),
	('Sobice'),
	('Sobchleby'),
	('Sobhrdy'),
	('Sobkury'),
	('Sobnov'),
	('Sobraz'),
	('Sobice'),
	('Sobn'),
	('Sobslav'),
	('Sobslavice'),
	('Sobovice'),
	('Sobsuky'),
	('Sobtuchy'),
	('Sobov'),
	('Sobky'),
	('Sobkovice'),
	('Soblahov'),
	('Sobo'),
	('Sobotn'),
	('Sobotite'),
	('Sobotka'),
	('Sobotovice'),
	('Sobrance'),
	('Soblky'),
	('Socovce'),
	('Sojovice'),
	('Soko'),
	('Sokoany'),
	('Sokolce'),
	('Sokole'),
	('Sokolnice'),
	('Sokolov'),
	('Sokolovce'),
	('So'),
	('Solany'),
	('Solianky'),
	('Solenice'),
	('Solnice'),
	('Sonika'),
	('Sonk'),
	('Solonica'),
	('oltska'),
	('Somotor'),
	('onov'),
	('Sopkovce'),
	('opora'),
	('Sopotnice'),
	('Sope'),
	('Sosnov'),
	('ovka'),
	('Souov'),
	('Sousedovice'),
	('Soutice'),
	('Sovtice'),
	('Sovnky'),
	('Sovolusky'),
	('paince'),
	('Splen Po'),
	('Splov'),
	('pania Dolina'),
	('panie Pole'),
	('Spov'),
	('Splkov'),
	('Speov'),
	('piky'),
	('pindlerv Mln'),
	('Spisk Bel'),
	('Spisk Nov Ves'),
	('Spisk Star Ves'),
	('Spisk Teplica'),
	('Spisk Bystr'),
	('Spisk Hanuovce'),
	('Spisk Podhradie'),
	('Spisk Tomovce'),
	('Spisk Vlachy'),
	('Spisk Hrhov'),
	('Spisk Hruov'),
	('Spisk tiavnik'),
	('Spisk tvrtok'),
	('Spojil'),
	('Spomyl'),
	('Spoice'),
	('Spytihnv'),
	('Srbce'),
	('Srbe'),
	('Srbice'),
	('Srbsk Kamenice'),
	('Srbsko'),
	('Srby'),
	('Srch'),
	('Srn'),
	('Srnn'),
	('Srnojedy'),
	('robrov'),
	('Srubec'),
	('Sruby'),
	('tblovice'),
	('Stachy'),
	('Stdlec'),
	('hlavy'),
	('Stj'),
	('Stakn'),
	('Staknska Roztoka'),
	('Stlky'),
	('Stana'),
	('Stakov'),
	('Stankovany'),
	('Stankovce'),
	('Stakovice'),
	('Stanovice'),
	('Stanovit'),
	('Star Bata'),
	('Star Bystrica'),
	('Star erven Voda'),
	('Star Hali'),
	('Star Hu'),
	('Star Huta'),
	('Star Kremnika'),
	('Star Lehota'),
	('Star Lesn'),
	('Star ubova'),
	('Star Lys'),
	('Star Myjava'),
	('Star Paka'),
	('Star e'),
	('Star Tur'),
	('Star Ves'),
	('Star Ves nad Ondejnic'),
	('Star Voda'),
	('Star'),
	('Star Bt'),
	('Star Buky'),
	('Star Hamry'),
	('Star Heminovy'),
	('Star Hobz'),
	('Star Hodjovice'),
	('Star Hory'),
	('Star Hradit'),
	('Star Hrady'),
	('Star Hut'),
	('Star Jesenany'),
	('Star Keany'),
	('Star Msto'),
	('Star Msto pod Landtejnem'),
	('Star Msto'),
	('Star Sedlit'),
	('Star Sedlo'),
	('Star Smrkovice'),
	('Star Tchanovice'),
	('Star dnice'),
	('Stae'),
	('Staechovice'),
	('Sta'),
	('Starina'),
	('Starko'),
	('Strkov'),
	('tarnov'),
	('Starosedlsk Hrdek'),
	('Starovice'),
	('Staroviky'),
	('Star Bydov'),
	('Star Hrdok'),
	('Star Hrozenkov'),
	('Star Jin'),
	('Star Koln'),
	('Star Mateov'),
	('Star Petn'),
	('Star Plzenec'),
	('Star Poddvorov'),
	('Star achov'),
	('Star Tekov'),
	('Star Vestec'),
	('Stakov'),
	('Stakovce'),
	('Staov'),
	('Statenice'),
	('Stavenice'),
	('Stavice'),
	('Stblov'),
	('Stebncka Huta'),
	('Stebnk'),
	('Stebno'),
	('Stboice'),
	('tchov'),
	('tchovice'),
	('tdr'),
	('tefanov'),
	('tefanov nad Oravou'),
	('tefanov'),
	('tefanovce'),
	('tefanoviov'),
	('tefurov'),
	('Steheleves'),
	('Stehlovice'),
	('tke'),
	('tmchy'),
	('tnovice'),
	('tnovick Borek'),
	('tpnkovice'),
	('tpnov'),
	('tpnov nad Svratkou'),
	('tpnovice'),
	('tpkov'),
	('ternberk'),
	('terusy'),
	('tt'),
	('ttkovice'),
	('Stery'),
	('tiavnika'),
	('tiavnick Bane'),
	('tiavnik'),
	('tichov'),
	('tichovice'),
	('thlice'),
	('Stnava'),
	('tipoklasy'),
	('ttary'),
	('ttina'),
	('ttn nad Vl-Popov'),
	('ttnik'),
	('ttov'),
	('tty'),
	('Stochov'),
	('Stod'),
	('Stojn'),
	('Stojice'),
	('toky'),
	('tla'),
	('Stolany'),
	('Stonaov'),
	('Stonava'),
	('ts'),
	('Stokovice na Louce'),
	('Stoec'),
	('Stoice'),
	('Stook'),
	('Strachoovice'),
	('Strachotice'),
	('Strachotn'),
	('Strachujov'),
	('Straov'),
	('Stradonice'),
	('Stradou'),
	('Strahovice'),
	('Strakonice'),
	('Strakov'),
	('Straky'),
	('tramberk'),
	('Strany'),
	('Stravy'),
	('Stranice'),
	('Strne pod Tatrami'),
	('Strneck Zho'),
	('Strn'),
	('Strnka'),
	('Strann'),
	('Strnska'),
	('Strnske'),
	('Straice'),
	('Stran'),
	('Strakov-Vodochody'),
	('Stranov'),
	('Straov'),
	('Straten'),
	('Stratov'),
	('Str'),
	('Str nad Nerkou'),
	('Str nad Nisou'),
	('Str nad Oh'),
	('Str pod Ralskem'),
	('Stra'),
	('Strek'),
	('Straisko'),
	('Strit'),
	('Strkovice'),
	('Strn'),
	('Strn'),
	('Strnice'),
	('Strn'),
	('Strov'),
	('Strovice'),
	('Strske'),
	('trba'),
	('Streno'),
	('Streda nad Bodrogom'),
	('Stredn Plachtince'),
	('Stedokluky'),
	('Strekov'),
	('Stelice'),
	('Steln'),
	('Strelnky'),
	('Stelsk Hotice'),
	('Stemoice'),
	('Stemy'),
	('Ste'),
	('Strenice'),
	('Stretava'),
	('Stretavka'),
	('Steva'),
	('Streenice'),
	('Stezetice'),
	('Stezim'),
	('Strhae'),
	('Stbec'),
	('Stbrn'),
	('Stbrn Skalice'),
	('Stbrn Hory'),
	('Stbrnice'),
	('Stbro'),
	('Strihovce'),
	('Stlky'),
	('Stte'),
	('Stte nad Bevou'),
	('Stte nad Ludinou'),
	('Stte pod Kemenkem'),
	('Stov'),
	('Stovice'),
	('trkovec'),
	('Strmilov'),
	('Stron'),
	('Strojetice'),
	('Stropen'),
	('Stropkov'),
	('Struhaov'),
	('Strukov'),
	('Strunkovice nad Blanic'),
	('Strunkovice nad Volykou'),
	('Strupice'),
	('Struinec'),
	('Strun'),
	('Strunice'),
	('Strice'),
	('Studnka'),
	('Studen'),
	('Studen'),
	('Studenec'),
	('Studenves'),
	('Studnka'),
	('Studen'),
	('Studienka'),
	('tudlov'),
	('Studnice'),
	('Stuany'),
	('Stupava'),
	('Stupn'),
	('trovo'),
	('Stvolnky'),
	('Stvolov'),
	('tvrtok'),
	('tvrtok na Ostrove'),
	('ubov'),
	('Suany'),
	('Such'),
	('Such Dolina'),
	('Such Hora'),
	('Such Lhota'),
	('Such Loz'),
	('Such nad Parnou'),
	('Such'),
	('Suchdol'),
	('Suchdol nad Lunic'),
	('Suchdol nad Odrou'),
	('Such'),
	('Such Brezovo'),
	('Suchodol'),
	('Suchohrad'),
	('Suchohrdly'),
	('Suchohrdly u Miroslavi'),
	('Suchomasty'),
	('Suchonice'),
	('Suchov'),
	('Suchovrice'),
	('Such'),
	('Such Dl'),
	('Sudjov'),
	('Sudice'),
	('Sudince'),
	('Sudislav nad Orlic'),
	('Sudkov'),
	('Sudom'),
	('Sudomice'),
	('Sudomice u Bechyn'),
	('Sudomice u Tbora'),
	('Sdovce'),
	('Sudovo Hlavno'),
	('Sudslava'),
	('Sukorady'),
	('Sukov'),
	('ua'),
	('Sulejovice'),
	('Sulice'),
	('Sulkov'),
	('Sulimov'),
	('Suln'),
	('Sulislav'),
	('Sulkovec'),
	('Sov-Hradn'),
	('Slovce'),
	('umavsk Hotice'),
	('umiac'),
	('umice'),
	('umn'),
	('umperk'),
	('umvald'),
	('uava'),
	('Supkovice'),
	('urany'),
	('urianky'),
	('urice'),
	('rovce'),
	('Suany'),
	('Suice'),
	('Stor'),
	('tovce'),
	('tovo'),
	('vbenice'),
	('vbov'),
	('vbovce'),
	('Svrov'),
	('Svat'),
	('Svat Ma'),
	('Svt Mria'),
	('Svatava'),
	('Svat Pole'),
	('Svatoboice-Mistn'),
	('Svatojansk jezd'),
	('Svatoovice'),
	('Svtoplukovo'),
	('Svatoslav'),
	('Svtu'),
	('Svtue'),
	('Svt Anton'),
	('Svat Jan'),
	('Svat Jan nad Mal'),
	('Svat Jan pod Skalou'),
	('Svat Ji'),
	('Svt Jur'),
	('Svt Kr'),
	('Svat Mikul'),
	('Svt Peter'),
	('Svbohov'),
	('Svedernk'),
	('vedlr'),
	('Svmyslice'),
	('Svpravice'),
	('Svradice'),
	('Sverepec'),
	('Sverov'),
	('Svsedlice'),
	('Svtce'),
	('Svtec'),
	('Svt'),
	('Svtice'),
	('Svtl'),
	('Svtl Hora'),
	('Svtl nad Szavou'),
	('Svtl pod Jetdem'),
	('Svetlice'),
	('Svtlk'),
	('Svtnov'),
	('Sviadnov'),
	('Svdnice'),
	('Svidnika'),
	('Svidnk'),
	('vihov'),
	('Svijansk jezd'),
	('Svijany'),
	('Svinae'),
	('Svinaov'),
	('Svinany'),
	('Svinia'),
	('Svinica'),
	('Svinice'),
	('Svinn'),
	('Svinoice'),
	('Sviny'),
	('Svit'),
	('Svitvka'),
	('Svitavy'),
	('Svoboda nad pou'),
	('Svobodn Hemanice'),
	('Svodn'),
	('Svojanov'),
	('Svojek'),
	('Svojetice'),
	('Svojetn'),
	('Svojkov'),
	('Svojkovice'),
	('Svojice'),
	('Svojn'),
	('Svor'),
	('voov'),
	('Svrabov'),
	('Svratka'),
	('Svratouch'),
	('Svrbice'),
	('Svrinovec'),
	('Svrkyn'),
	('Sychrov'),
	('Skoice'),
	('Synalov'),
	('Synkov-Slemeno'),
	('Syenov'),
	('Syrov'),
	('Syrovtka'),
	('Syrovice'),
	('Syrovn'),
	('Sytno'),
	('Tbor'),
	('Tachlovice'),
	('Tachov'),
	('Tachty'),
	('Tajn'),
	('Tajov'),
	('Tln'),
	('Tanvald'),
	('apeovo'),
	('Tarnov'),
	('Taov'),
	('Tasovice'),
	('Taua'),
	('Tatce'),
	('Tatenice'),
	('Tatin'),
	('Tatobity'),
	('Tatransk Javorina'),
	('Tatrovice'),
	('Tavkovice'),
	('Tchoovice'),
	('Tchaovice'),
	('Tchlovice'),
	('Tchobuz'),
	('Tchonn'),
	('Teovice'),
	('Tehla'),
	('Tehov'),
	('Tehovec'),
	('Tekolany'),
	('Tekovsk Breznica'),
	('Tekovsk Luany'),
	('Tekovsk Nemce'),
	('Tekovsk Hrdok'),
	('Tel'),
	('Telec'),
	('Telgrt'),
	('Telince'),
	('Telnice'),
	('Temeln'),
	('Teme'),
	('Temevr'),
	('Tmice'),
	('Tn'),
	('Tepl'),
	('Teplice'),
	('Teplice nad Bevou'),
	('Teplice nad Metuj'),
	('Teplika'),
	('Teplika nad Vhom'),
	('Tepliky'),
	('Tepl Vrch'),
	('Teplovice'),
	('Terany'),
	('Terchov'),
	('Tereov'),
	('Terezn'),
	('Teriakovce'),
	('Trlicko'),
	('Tera'),
	('Tany'),
	('Tesre'),
	('Tesrske Mlyany'),
	('Teedkovo'),
	('Tetice'),
	('Tkov'),
	('Tkovice'),
	('Tovice'),
	('Tetice'),
	('Tetn'),
	('Tetov'),
	('Tibava'),
	('Tich'),
	('Tichonice'),
	('Tichov'),
	('Tich Potok'),
	('Timoradza'),
	('Tis'),
	('Tis u Blatna'),
	('Tis'),
	('Tsek'),
	('Tisem'),
	('Tiice'),
	('Tisinec'),
	('Tismice'),
	('Tinov'),
	('Tinovsk Nov Ves'),
	('Tisov'),
	('Tisovec'),
	('Titn'),
	('Tlmae'),
	('Tlun'),
	('Tlumaov'),
	('Tlustice'),
	('Tma'),
	('Tochovice'),
	('Tonica'),
	('Tonk'),
	('Tojice'),
	('Tokajk'),
	('Tomikovo'),
	('Tomov'),
	('Tomovce'),
	('Tomice'),
	('T'),
	('Topoa'),
	('Topolany'),
	('Topoany'),
	('Topoianky'),
	('Topoln'),
	('Toponica'),
	('Toponky'),
	('Topoovka'),
	('Toporec'),
	('Tornaa'),
	('Torysa'),
	('Torysky'),
	('Touice'),
	('Touetn'),
	('Touim'),
	('Tovaov'),
	('Tovarn'),
	('Tovarnianska Polianka'),
	('Tovarnky'),
	('Tov'),
	('Trakovice'),
	('Tanovice'),
	('Traplice'),
	('Travice'),
	('Trvnica'),
	('Trvnik'),
	('Trbouany'),
	('Tebaov'),
	('Trebatice'),
	('Tebice'),
	('Tebechovice pod Orebem'),
	('Tebjice'),
	('Trebejov'),
	('Trebeovce'),
	('Tebelovice'),
	('Tebe'),
	('Tebenice'),
	('Tebeice'),
	('Tebeov'),
	('Tebestovice'),
	('Tebtice'),
	('Tebtn'),
	('Teb'),
	('Trebichava'),
	('Tebichovice'),
	('Tebiho'),
	('Trebiov'),
	('Tebvlice'),
	('Tebz'),
	('Tebnoueves'),
	('Teboc'),
	('Tebohostice'),
	('Tebom'),
	('Tebo'),
	('Tebonn'),
	('Tebosice'),
	('Trebostovo'),
	('Tebotov'),
	('Tebovice'),
	('Tebovle'),
	('Tebsko'),
	('Tebusice'),
	('Tebun'),
	('Trebuovce'),
	('Temen'),
	('Temen'),
	('Temon'),
	('Temonice'),
	('Tren'),
	('Trenianska Tepl'),
	('Trenianska Turn'),
	('Trenianske Bohuslavice'),
	('Trenianske Jastrabie'),
	('Trenianske Mitice'),
	('Trenianske Stankovce'),
	('Trenianske Teplice'),
	('Trenn'),
	('Tesov'),
	('Teovice'),
	('Te'),
	('Tetice'),
	('Tetina'),
	('Trhanov'),
	('Trhov Hradsk'),
	('Trhov Kamenice'),
	('Trhov Dunky'),
	('Trhov Sviny'),
	('Trhovite'),
	('Trhov tpnov'),
	('Ti Dvory'),
	('Ti Sekery'),
	('Ti Studn'),
	('Tibichy'),
	('Tinec'),
	('Trmice'),
	('Trnava'),
	('Trnav Hora'),
	('Trnava pri Laborci'),
	('Trnvka'),
	('Tnie'),
	('Trnkov'),
	('Trnov'),
	('Trnov'),
	('Trnovany'),
	('Trnov Pole'),
	('Trnovec'),
	('Trnovec nad Vhom'),
	('Trnovo'),
	('Troany'),
	('Trojanovice'),
	('Trojovice'),
	('Trokavec'),
	('Troskotovice'),
	('Troskovice'),
	('Trotina'),
	('Troubelice'),
	('Troubky'),
	('Troubky-Zdislavice'),
	('Troubsko'),
	('Trpk'),
	('Trpn'),
	('Trpiovice'),
	('Trpsty'),
	('Trice'),
	('Trsany'),
	('Trsten'),
	('Trsten na Ostrove'),
	('Trsten'),
	('Trsten pri Hornde'),
	('Trstnice'),
	('Trstice'),
	('Trstn'),
	('Ttnice'),
	('Ttice'),
	('Trubn'),
	('Trubsk'),
	('Truskovice'),
	('Trusnov'),
	('Trutnov'),
	('Trek'),
	('Tuapy'),
	('Tuchlovice'),
	('Tuchomice'),
	('Tuchoraz'),
	('Tuchoice'),
	('Tuchya'),
	('Tun'),
	('Tuha'),
	('Tuhr'),
	('Tuhrina'),
	('Tuklaty'),
	('Tulk'),
	('Tuleice'),
	('Tunchody'),
	('Tup'),
	('Tupadly'),
	('Tupesy'),
	('Tu'),
	('Tur'),
	('Turany'),
	('Turany nad Ondavou'),
	('Turek'),
	('Turianky'),
	('Turianska tiavnika'),
	('Turianske Jaseno'),
	('Turianske Kaany'),
	('Turianske Teplice'),
	('Turiansky ur'),
	('Turiansky Peter'),
	('Turok'),
	('Turcovce'),
	('Tureck'),
	('Ture'),
	('Tuice'),
	('Turie'),
	('Turk'),
	('Turkovice'),
	('Tura nad Bodvou'),
	('Turnianska Nov Ves'),
	('Turnov'),
	('Turov'),
	('Turovec'),
	('Turovice'),
	('Tursko'),
	('Turzovka'),
	('Tuice'),
	('Tuick Nov Ves'),
	('Tuovice'),
	('Tutleky'),
	('Tuice'),
	('Tuina'),
	('Tvaron'),
	('Tvaron Lhota'),
	('Tvoihrz'),
	('Tvorovice'),
	('Tvrdkov'),
	('Tvrdomestice'),
	('Tvrdonice'),
	('Tvrdon'),
	('Tvrdoovce'),
	('Tvrzice'),
	('Tek'),
	('Tymkov'),
	('Tn nad Bevou'),
	('Tn nad Vltavou'),
	('Tnec'),
	('Tnec nad Labem'),
	('Tnec nad Szavou'),
	('Tnit'),
	('Tnit nad Orlic'),
	('Tniko'),
	('bislavice'),
	('Uba'),
	('Ublo'),
	('bo'),
	('bre'),
	('Ubunek'),
	('Udavsk'),
	('Udia'),
	('dlice'),
	('dol'),
	('drnice'),
	('Uheln'),
	('Uheln Pbram'),
	('herce'),
	('herice'),
	('Uhersk Hradit'),
	('Uhersko'),
	('Uhersk Brod'),
	('Uhersk Ostroh'),
	('hlejov'),
	('Uhlov'),
	('Uhlsk Lhota'),
	('Uhlsk Janovice'),
	('Uhlisk'),
	('holiky'),
	('honice'),
	('hoilka'),
	('horn'),
	('Uhorsk Ves'),
	('Uhorsk'),
	('hetice'),
	('hetick Lhota'),
	('Uhice'),
	('Uhiice'),
	('Uhnov'),
	('Uhrovec'),
	('Uhrovsk Podhradie'),
	('Uhy'),
	('Ujov'),
	('jezd'),
	('jezd nade M'),
	('jezd pod Troskami'),
	('jezd u Boskovic'),
	('jezd u Brna'),
	('jezd u ern Hory'),
	('jezd u Chocn'),
	('jezd u Plnice'),
	('jezd u Peloue'),
	('jezd u Rosic'),
	('jezd u Sezemic'),
	('jezd u Svatho Ke'),
	('jezd u Tinova'),
	('jezdec'),
	('jezdeek'),
	('Ujkovice'),
	('any nad itavou'),
	('lehle'),
	('libice'),
	('Uli'),
	('lice'),
	('Ulisk Kriv'),
	('Uloa'),
	('monn'),
	('myslovice'),
	('nanov'),
	('Uatn'),
	('Unn'),
	('nehle'),
	('njovice'),
	('nov'),
	('ntice'),
	('Unho'),
	('nice'),
	('Uniov'),
	('Unn'),
	('Unkovice'),
	('pice'),
	('pohlavy'),
	('Urbanice'),
	('Urbanov'),
	('Urice'),
	('Urmince'),
	('siln'),
	('silov'),
	('sob'),
	('sobrno'),
	('sov'),
	('tk'),
	('st'),
	('st nad Labem'),
	('st nad Orlic'),
	('stn'),
	('straice'),
	('stran'),
	('stup'),
	('su'),
	('tchov'),
	('tchovice'),
	('tchovice pod Straitm'),
	('tchoviky'),
	('Utek'),
	('ter'),
	('tuice'),
	('tvina'),
	('valno'),
	('valy'),
	('Uzenice'),
	('Uzeniky'),
	('ice'),
	('Uzovce'),
	('Uzovsk Panica'),
	('Uzovsk Pekany'),
	('Uzovsk algov'),
	('Vacenovice'),
	('Vclavice'),
	('Vclavov u Bruntlu'),
	('Vclavovice'),
	('Vclavy'),
	('Vacov'),
	('Vacovice'),
	('Vaovce'),
	('Vagrinec'),
	('Vhovce'),
	('Vajkovce'),
	('Val'),
	('Valaliky'),
	('Valask'),
	('Valask Bel'),
	('Valask Dubov'),
	('Valakovce (vojensk obvod)'),
	('Valask Bystice'),
	('Valask Polanka'),
	('Valask Senice'),
	('Valask Klobouky'),
	('Valask Mezi'),
	('Valask Pkazy'),
	('Vala'),
	('Valchov'),
	('Valdice'),
	('Valdkov'),
	('Vale'),
	('Valentovce'),
	('Valice'),
	('Valkeice'),
	('Valkovce'),
	('Vakova'),
	('Valov'),
	('Valtice'),
	('Valtrovice'),
	('Valy'),
	('Vamberk'),
	('Vanikovce'),
	('Vanov'),
	('Vanovice'),
	('Vanvek'),
	('Vpenice'),
	('Vpenk'),
	('Vpenn'),
	('Vpenn Podol'),
	('Vpno'),
	('Vpovice'),
	('Varadka'),
	('Varechovce'),
	('Varhaovce'),
	('Varn'),
	('Varnsdorf'),
	('Varvaov'),
	('Vasiov'),
	('Vatn'),
	('Vavreka'),
	('Vavrinec'),
	('Vavriovo'),
	('Vany'),
	('Vany nad Litavou'),
	('Vaec'),
	('Velkov'),
	('Velince'),
	('Veln'),
	('Velnika'),
	('Vchynice'),
	('Veelkov'),
	('Vechec'),
	('Vchnov'),
	('Vcov'),
	('Vdomice'),
	('Vedrovice'),
	('Vejprnice'),
	('Vejprty'),
	('Vejvanov'),
	('Vejvanovice'),
	('Velatice'),
	('Veaty'),
	('Velice'),
	('Velen'),
	('Velehrad'),
	('Velemn'),
	('Velemyleves'),
	('Vele'),
	('Velenice'),
	('Velenka'),
	('Velenov'),
	('Velen'),
	('Veleovice'),
	('Veletiny'),
	('Veletov'),
	('Velhartice'),
	('Velichov'),
	('Velichovky'),
	('Velin'),
	('Velik Ves'),
	('Velim'),
	('Veliny'),
	('Veli'),
	('Velk Bte'),
	('Velk Bukov'),
	('Velk Bukovina'),
	('Velk Bystice'),
	('Vek alomija'),
	('Vek ausa'),
	('Velk Chmelitn'),
	('Velk Chyka'),
	('Vek ierna'),
	('Velk Dobr'),
	('Vek Dolina'),
	('Vek Frankov'),
	('Velk Hlesebe'),
	('Vek Hradn'),
	('Vek Ida'),
	('Velk Jesenice'),
	('Velk Kra'),
	('Velk Leice'),
	('Vek Lehota'),
	('Vek Lesn'),
	('Velk Lhota'),
	('Vek Lodina'),
	('Vek Lomnica'),
	('Velk Losenice'),
	('Vek Lka'),
	('Vek Maa'),
	('Vek nad Ipom'),
	('Velk nad Velikou'),
	('Vek Paka'),
	('Velk Polom'),
	('Velk Skrovnice'),
	('Velk thle'),
	('Vek Ta'),
	('Velk Turn'),
	('Vek Ves'),
	('Vek Ves nad Ipom'),
	('Velk Albrechtice'),
	('Vek Bierovce'),
	('Velk Blovice'),
	('Vek Blahovo'),
	('Vek Borov'),
	('Velk Bezno'),
	('Vek Chlievany'),
	('Velk Chvojno'),
	('Vek Chyndice'),
	('Vek Dravce'),
	('Vek Drkovce'),
	('Vek Dvorany'),
	('Vek Dvornky'),
	('Velk Hamry'),
	('Velk Heraltice'),
	('Vek Hoste'),
	('Velk Hostrdky'),
	('Velk Hotice'),
	('Velk Hydice'),
	('Velk Janovice'),
	('Vek Kapuany'),
	('Velk Karlovice'),
	('Vek Kosihy'),
	('Vek Kostoany'),
	('Vek Kozmlovce'),
	('Vek Krteany'),
	('Velk Kuntice'),
	('Vek Levre'),
	('Velk Losiny'),
	('Vek Lovce'),
	('Vek Ludince'),
	('Velk Mezi'),
	('Velk Nmice'),
	('Velk Opatovice'),
	('Vek Orvite'),
	('Vek Ozorovce'),
	('Velk Pavlovice'),
	('Velk Petrovice'),
	('Vek Pole'),
	('Velk Popovice'),
	('Velk Po'),
	('Velk Plepy'),
	('Velk Ptono'),
	('Vek Rakovce'),
	('Vek Revitia'),
	('Vek Ripany'),
	('Vek Rovn'),
	('Vek Slemence'),
	('Vek Straciny'),
	('Velk Svatoovice'),
	('Vek Teriakovce'),
	('Vek Trakany'),
	('Velk Tresn'),
	('Vek Turovce'),
	('Vek Uherce'),
	('Vek any'),
	('Vek Vozokany'),
	('Velk Velisy'),
	('Vek Zluie'),
	('Velk ernoseky'),
	('Vek Zlievce'),
	('Vekrop'),
	('Velk Beranov'),
	('Vek Biel'),
	('Vek Blh'),
	('Velk Bor'),
	('Velk Borek'),
	('Vek epn'),
	('Vek Cetn'),
	('Velk Chlumec'),
	('Vek ur'),
	('Vek Folkmar'),
	('Vek Grob'),
	('Vek Hore'),
	('Vek Kamenec'),
	('Velk Karlov'),
	('Vek Kl'),
	('Vek Krt'),
	('Vek Kr'),
	('Vek Lap'),
	('Vek Lipnk'),
	('Vek Lom'),
	('Velk Luh'),
	('Velk Malahov'),
	('Vek Meder'),
	('Velk Oechov'),
	('Velk Osek'),
	('Velk Ratmrov'),
	('Velk Rybnk'),
	('Vek ari'),
	('Velk enov'),
	('Vek Slavkov'),
	('Vek Slivnk'),
	('Velk Tebeov'),
	('Velk Tnec'),
	('Velk jezd'),
	('Velk Valtinov'),
	('Velk Veov'),
	('Vlopol'),
	('Veopolie'),
	('Velte'),
	('Veltruby'),
	('Veltrusy'),
	('Veluovce'),
	('Velvary'),
	('Vmyslice'),
	('Vendol'),
	('Vendryn'),
	('Vepkov'),
	('Vepov'),
	('Vermovice'),
	('Vernr'),
	('Verneice'),
	('Vernovice'),
	('Vernovice'),
	('Vrovany'),
	('Veovice'),
	('Veruiky'),
	('Ves Toukov'),
	('Vesce'),
	('Vesel'),
	('Vesel'),
	('Vesel'),
	('Vesel nad Lunic'),
	('Vesel nad Moravou'),
	('Veselice'),
	('Veselko'),
	('Vesel r'),
	('Vn'),
	('Vestec'),
	('Vstn'),
	('Vetern Poruba'),
	('Vteov'),
	('Vtkovice'),
	('Vtn'),
	('Vtrn Jenkov'),
	('Vtruice'),
	('Vevice'),
	('Veversk Btka'),
	('Veversk Knnice'),
	('V'),
	('Vky'),
	('Vn'),
	('Vnice'),
	('Vnika'),
	('Vovat Pln'),
	('Vcemice'),
	('Vcemil'),
	('Vcenice'),
	('Vcenice u Nmt nad Oslavou'),
	('Vchov nad Jizerou'),
	('Vcov'),
	('Vide'),
	('Vde'),
	('Vidice'),
	('Vidim'),
	('Vidin'),
	('Vidlat Se'),
	('Vidnava'),
	('Vidochov'),
	('Vidonn'),
	('Vidov'),
	('Vieska'),
	('Vieska nad Blhom'),
	('Vieska nad itavou'),
	('Vigantice'),
	('Vga'),
	('Vgask Huta-Kalinka'),
	('Vikantice'),
	('Vikartovce'),
	('Vikovice'),
	('Vlanec'),
	('Vilantice'),
	('Vilmov'),
	('Vilmovice'),
	('Vilice'),
	('Vimperk'),
	('Vinae'),
	('Vinaice'),
	('Vinary'),
	('Vincencov'),
	('Vinec'),
	('Vinica'),
	('Viniky'),
	('Vinin'),
	('Vinin umice'),
	('Vinn'),
	('Vinodol'),
	('Vinohrady nad Vhom'),
	('Vinosady'),
	('Vintov'),
	('Vr'),
	('Virt'),
	('Vska'),
	('Vska u Jevka'),
	('Vsky'),
	('Vislanka'),
	('Vislava'),
	('Viov'),
	('Viov'),
	('Viov'),
	('Visolaje'),
	('Vituk'),
	('Vtanov'),
	('Vitanov'),
	('Vaz'),
	('Vazovce'),
	('Vitice'),
	('Vtjeves'),
	('Vitjovice'),
	('Vtzn'),
	('Vitice'),
	('Vitn'),
	('Vitinves'),
	('Vtkov'),
	('Vtkovce'),
	('Vtkovice'),
	('Vtonice'),
	('Viina'),
	('Vizovice'),
	('Vlaa'),
	('Vlachova Lhota'),
	('Vlachovice'),
	('Vlachovo'),
	('Vlachovo Bez'),
	('Vlachy'),
	('Vlaice'),
	('Vladia'),
	('Vladislav'),
	('Vlasatice'),
	('Vlaim'),
	('Vlastec'),
	('Vlastjovice'),
	('Vlastibo'),
	('Vlastiboice'),
	('Vlastislav'),
	('Vlany'),
	('Vlatn'),
	('Vletnec'),
	('Vleves'),
	('Vl'),
	('Vl Habina'),
	('Vlice'),
	('Vlkov'),
	('Vlkov'),
	('Vlkovce'),
	('Vlkovice v Podkrkono'),
	('Vlnov'),
	('Vltejn'),
	('Vlkanice'),
	('Vlkane'),
	('Vlkanov'),
	('Vlkanov'),
	('Vlkas'),
	('Vlkava'),
	('Vlko'),
	('Vlkov'),
	('Vlkov pod Okobrhem'),
	('Vlkov'),
	('Vlkovce'),
	('Vlkovice'),
	('Vlksice'),
	('Vlky'),
	('Vlkya'),
	('Vnorovy'),
	('Vochov'),
	('Vodrady'),
	('Vodice'),
	('Vodany'),
	('Vodochody'),
	('Vodranty'),
	('Vodslivy'),
	('Vohanice'),
	('Vojany'),
	('Vojice'),
	('Vojka'),
	('Vojka nad Dunajom'),
	('Vojkov'),
	('Vojkovce'),
	('Vojkovice'),
	('Vojany'),
	('Vojnatina'),
	('Vojnkov'),
	('Vojnv Mstec'),
	('Vojslavice'),
	('Vojtanov'),
	('Vojtchov'),
	('Vojtovce'),
	('Vokov'),
	('Voa'),
	('Volanice'),
	('Volrna'),
	('Volary'),
	('Volduchy'),
	('Vole'),
	('Volenice'),
	('Volevice'),
	('Volfartice'),
	('Volfov'),
	('Volica'),
	('Volkovce'),
	('Volyn'),
	('Vonoklasy'),
	('Vortov'),
	('Votice'),
	('Voznica'),
	('Voznice'),
	('Vozokany'),
	('Vrbe'),
	('Vrble'),
	('Vraclav'),
	('Vracov'),
	('Vracovice'),
	('Vraovice-Orlov'),
	('Vrdite'),
	('Vrak'),
	('Vraany'),
	('Vranice'),
	('Vran nad Vltavou'),
	('Vranov'),
	('Vranov nad Dyj'),
	('Vranov nad Topou'),
	('Vranov'),
	('Vranov Lhota'),
	('Vranovice'),
	('Vranovice-Kelice'),
	('Vranovsk Ves'),
	('Vran'),
	('Vratnn'),
	('Vratimov'),
	('Vratislvka'),
	('Vrtkov'),
	('Vrtno'),
	('Vrto'),
	('Vr'),
	('Vrakov'),
	('Vrn'),
	('Vrbtky'),
	('Vrbatv Kostelec'),
	('Vrbany'),
	('Vrbiany'),
	('Vrbice'),
	('Vrbka'),
	('Vrbnica'),
	('Vrbno nad Lesy'),
	('Vrbno pod Praddem'),
	('Vrbov'),
	('Vrbov Lhota'),
	('Vrbov nad Vhom'),
	('Vrbovce'),
	('Vrbov'),
	('Vrbovec'),
	('Vrbovka'),
	('Vre'),
	('Vrchlab'),
	('Vrchoslavice'),
	('Vrchotovy Janovice'),
	('Vrchovany'),
	('Vrchovnice'),
	('Vrchtepl'),
	('Vrchy'),
	('Vrcovice'),
	('Vrdy'),
	('Vesina'),
	('Veskovice'),
	('Vesnk'),
	('Vesov'),
	('Vesovice'),
	('Vrhave'),
	('Vrcko'),
	('Vroutek'),
	('Vratsk Podhradie'),
	('Vrce'),
	('Vrskma'),
	('Vrovice'),
	('Vrovka'),
	('Vrutice'),
	('Vrtky'),
	('Vechlapy'),
	('Vechovice'),
	('Vehrdy'),
	('Vejany'),
	('Vekary'),
	('Velibice'),
	('Vemina'),
	('Vemyslice'),
	('Ve'),
	('Venice'),
	('Venory'),
	('Vepadly'),
	('Veradice'),
	('Veradov'),
	('Veruby'),
	('Vestary'),
	('Vestudy'),
	('Vesulov'),
	('Vetaty'),
	('Vsetn'),
	('Vevily'),
	('Vsti'),
	('Vtkovce'),
	('Vborn'),
	('Vapy'),
	('Vapy-Opatovce'),
	('Vchodn'),
	('Vydrany'),
	('Vyd'),
	('Vydrn'),
	('Vydrnk'),
	('Vyhne'),
	('Vyk'),
	('Vyklantice'),
	('Vkleky'),
	('Vprachtice'),
	('Vrava'),
	('Vrov'),
	('Vrovice'),
	('Vyehnvice'),
	('Vyeho'),
	('Vyehoovice'),
	('Vyske'),
	('Vykov'),
	('Vykovce'),
	('Vykovce nad Ipom'),
	('Vykovec'),
	('Vyskytn'),
	('Vyskytn nad Jihlavou'),
	('Vslun'),
	('Vyn Boca'),
	('Vyn Hutka'),
	('Vyn Jablonka'),
	('Vyn Jedov'),
	('Vyn Kamenica'),
	('Vyn Mya'),
	('Vyn Olava'),
	('Vyn Pisan'),
	('Vyn Polianka'),
	('Vyn Rybnica'),
	('Vyn ebastov'),
	('Vyn Sitnica'),
	('Vyn Slan'),
	('Vyn Voa'),
	('Vyn Ladikovce'),
	('Vyn nad Hronom'),
	('Vyn Nemeck'),
	('Vyn Remety'),
	('Vyn Repae'),
	('Vyn Rubachy'),
	('Vyn Valice'),
	('Vyn Lhoty'),
	('Vyn aj'),
	('Vyn Hrabovec'),
	('Vyn Hruov'),
	('Vyn Kazimr'),
	('Vyn Kltov'),
	('Vyn Komrnik'),
	('Vyn Kruov'),
	('Vyn Kubn'),
	('Vyn Miroov'),
	('Vyn Orlk'),
	('Vyn Sklnik'),
	('Vyn Slavkov'),
	('Vyn Tvaroec'),
	('Vyn ipov'),
	('Vysoany'),
	('Vysoina'),
	('Vysok'),
	('Vysok Lhota'),
	('Vysok Libyn'),
	('Vysok nad Kysucou'),
	('Vysok nad Labem'),
	('Vysok nad Uhom'),
	('Vysok Pec'),
	('Vysok pri Morave'),
	('Vysok Srbsk'),
	('Vysok u Pbram'),
	('Vysok'),
	('Vysok Chvojno'),
	('Vysok Mto'),
	('Vysok nad Jizerou'),
	('Vysok Pole'),
	('Vysok Popovice'),
	('Vysok Studnice'),
	('Vysok Tatry'),
	('Vysok Vesel'),
	('Vysokov'),
	('Vysok Chlumec'),
	('Vysok jezd'),
	('Vovice'),
	('Vy Brod'),
	('Vystrenovice'),
	('Vystrkov'),
	('Verky'),
	('Vyice'),
	('Vylovka'),
	('Xaverov'),
	('abice'),
	('abe'),
	('Zbetn Lhota'),
	('Zbiedovo'),
	('Zblat'),
	('abokreky'),
	('abokreky nad Nitrou'),
	('abonosy'),
	('Zbo'),
	('Zbo nad Labem'),
	('Zborie'),
	('Zborn'),
	('Zborsk'),
	('abovesky'),
	('abovesky nad Oh'),
	('Zbrd'),
	('Zbeh'),
	('Zbez-eice'),
	('Zbrod'),
	('Zabruany'),
	('Zacharovce'),
	('Zchlum'),
	('Zachotn'),
	('Zachraany'),
	('acl'),
	('Zdiel'),
	('Zadn Chodov'),
	('Zadn Stte'),
	('Zadn Teba'),
	('Zadn Vyd'),
	('Zadn Zhoec'),
	('Zdol'),
	('Zdor'),
	('dovice'),
	('Zdub-Zvin'),
	('Zdveice-Rakov'),
	('Zahj'),
	('Zahnaovice'),
	('Zhor'),
	('Zahoany'),
	('Zhorce'),
	('Zahorice'),
	('Zho'),
	('Zhorie (vojensk obvod)'),
	('Zhornice'),
	('Zhorovice'),
	('Zhorsk Ves'),
	('Zahrdka'),
	('Zahrdky'),
	('Zhradn'),
	('Zaje'),
	('Zajeice'),
	('Zajeov'),
	('Zjezd'),
	('Zjezdec'),
	('Zajkov'),
	('Zkamenn'),
	('akarovce'),
	('kava'),
	('Zkolany'),
	('Zkopie'),
	('akovce'),
	('kovice'),
	('Zakany'),
	('Zkupy'),
	('ky'),
	('Zalaba'),
	('alany'),
	('Zaleany'),
	('Zles'),
	('Zlesie'),
	('Zlesn Zho'),
	('Zlezlice'),
	('Zlezly'),
	('alhostice'),
	('alkovice'),
	('alobn'),
	('Zaloov'),
	('Zl'),
	('Zaluany'),
	('Zlu'),
	('Zaluice'),
	('Zamarovce'),
	('amberk'),
	('Zml'),
	('Zmost-Blata'),
	('ampach'),
	('Zmrsk'),
	('Zmrsky'),
	('Zmutov'),
	('andov'),
	('Zpy'),
	('r'),
	('ravice'),
	('Zeck Lhota'),
	('Z'),
	('Zrieie'),
	('arnov'),
	('arnovica'),
	('aroice'),
	('rovn'),
	('Zrubice'),
	('Zryby'),
	('Zsada'),
	('Zskalie'),
	('akov'),
	('Zsmuky'),
	('Zaov'),
	('Zaovice'),
	('Zastvka'),
	('Zstizly'),
	('atany'),
	('atec'),
	('Zatn'),
	('Ztor'),
	('Zvada'),
	('Zvadka'),
	('Zvadka nad Hronom'),
	('Zavar'),
	('Zvan Poruba'),
	('Zavidov'),
	('Zviice'),
	('Zvist'),
	('Zavlekov'),
	('Zvod'),
	('Zvraty'),
	('Zzriv'),
	('Zbeno'),
	('Zbehov'),
	('Zbehy'),
	('Zbeltov'),
	('Zbenice'),
	('Zbiky'),
	('Zbilidy'),
	('bince'),
	('Zbinohy'),
	('Zbiroh'),
	('Zbizuby'),
	('Zblovice'),
	('Zboj'),
	('Zbojn'),
	('Zborov'),
	('Zborov nad Bystricou'),
	('Zborovice'),
	('Zborovy'),
	('Zboko'),
	('Zbran'),
	('Zbraslav'),
	('Zbraslavec'),
	('Zbraslavice'),
	('Zbrojnky'),
	('Zbch'),
	('Zbudsk Bel'),
	('Zbudsk Dlh'),
	('Zbudza'),
	('Zbuzany'),
	('Zbyov'),
	('Zbyslavice'),
	('Zbov'),
	('Zbytiny'),
	('daa'),
	('dnice'),
	('dnov'),
	('r'),
	('r nad Metuj'),
	('r nad Orlic'),
	('r nad Szavou'),
	('rec'),
	('rek'),
	('rky'),
	('rn'),
	('Zdchov'),
	('Zdechovice'),
	('Zdelov'),
	('Zdemyslice'),
	('Zdekov'),
	('Zderaz'),
	('Zdtn'),
	('diar'),
	('Zdiby'),
	('Zdice'),
	('Zdkov'),
	('drec'),
	('drec nad Doubravou'),
	('Zdislava'),
	('Zdislavice'),
	('Zdobn'),
	('Zdobnice'),
	('Zdounky'),
	('Zduchovice'),
	('ebrk'),
	('eha'),
	('ehra'),
	('ehu'),
	('ehuice'),
	('elatovice'),
	('ele'),
	('elechovice'),
	('elechovice nad Devnic'),
	('Zelen Hora'),
	('Zelene'),
	('Zeleneck Lhota'),
	('elenice'),
	('eleice'),
	('eletava'),
	('eletice'),
	('elezn'),
	('elezn Breznica'),
	('elezn Ruda'),
	('elezn'),
	('eleznice'),
	('eleznk'),
	('elezn Brod'),
	('eliezovce'),
	('eliv'),
	('elivsko'),
	('elzy'),
	('elkovice'),
	('elmanovce'),
	('elnava'),
	('elovce'),
	('emberovce'),
	('Zemtice'),
	('Zemianska Ola'),
	('Zemianske Kostoany'),
	('Zemianske Podhradie'),
	('Zemianske Sady'),
	('Zemiansky Vrbovok'),
	('emliare'),
	('Zemn'),
	('Zempln'),
	('Zemplnska Nov Ves'),
	('Zemplnska irok'),
	('Zemplnska Teplica'),
	('Zemplnske Hmre'),
	('Zemplnske Hradite'),
	('Zemplnske Jastrabie'),
	('Zemplnske Kopany'),
	('Zemplnsky Bran'),
	('enklava'),
	('eranovice'),
	('eravice'),
	('eraviny'),
	('erice'),
	('eretice'),
	('ermanice'),
	('ernov'),
	('ernovice'),
	('ernovnk'),
	('erotice'),
	('erotn'),
	('ertky'),
	('Zho'),
	('Zho u Mlad Voice'),
	('Zho u Tbora'),
	('Zhoec'),
	('iar'),
	('iar nad Hronom'),
	('ibritov'),
	('ichlnek'),
	('Zichovec'),
	('ichovice'),
	('idlochovice'),
	('idnves'),
	('idovice'),
	('ihrec'),
	('ihle'),
	('ihobce'),
	('ikava'),
	('ilina'),
	('ilov'),
	('im'),
	('imutice'),
	('inkovy'),
	('p'),
	('ipov'),
	('irany'),
	('irov'),
	('irovnice'),
	('ov'),
	('itavany'),
	('itavce'),
	('itenice'),
	('tkov'),
	('itn-Radia'),
	('itovlice'),
	('ivanice'),
	('ivotice'),
	('ivotice u Novho Jina'),
	('ielice'),
	('iice'),
	('ikovo Pole'),
	('Zlmanec'),
	('Zlat'),
	('Zlat Baa'),
	('Zlat Idka'),
	('Zlat Koruna'),
	('Zlat Olenice'),
	('Zlat'),
	('Zlat Hory'),
	('Zlat Klasy'),
	('Zlat Moravce'),
	('Zltenka'),
	('Zlatn na Ostrove'),
	('Zlatnk'),
	('Zlatnky'),
	('Zlatnky-Hodkovice'),
	('Zlatno'),
	('lebsk Chvalovice'),
	('leby'),
	('Zlechov'),
	('Zliechov'),
	('Zln'),
	('Zliv'),
	('lkovce'),
	('Zlobice'),
	('Zlonice'),
	('Zlonice'),
	('Zlonn'),
	('Zlosy'),
	('Zlukov'),
	('lunice'),
	('lutava'),
	('lutice'),
	('Zntnek'),
	('Znojmo'),
	('Zohor'),
	('Zombor'),
	('Zru nad Szavou'),
	('Zru-Senec'),
	('Zubk'),
	('Zubice'),
	('Zuberec'),
	('Zubn'),
	('Zub'),
	('Zubrnice'),
	('Zubrohlava'),
	('ulov'),
	('umberk'),
	('upanovice'),
	('upany'),
	('upkov'),
	('Zvnovice'),
	('Zvnek'),
	('Zvrkovice'),
	('Zvrotice'),
	('Zvstov'),
	('Zvstovice'),
	('Zvkov'),
	('Zvkovec'),
	('Zvkovsk Podhrad'),
	('Zvole'),
	('Zvolen'),
	('Zvolenves'),
	('Zvolenovice'),
	('Zvolensk Slatina'),
	('Zvonn'),
	('Zvotoky');

/*!40000 ALTER TABLE `Lokalita` ENABLE KEYS */;
UNLOCK TABLES;


# Dump of table Mezizastavka
# ------------------------------------------------------------

DROP TABLE IF EXISTS `Mezizastavka`;

CREATE TABLE `Mezizastavka` (
  `nazev` varchar(50) NOT NULL,
  `linka` varchar(50) NOT NULL,
  PRIMARY KEY (`nazev`,`linka`),
  KEY `linka` (`linka`),
  CONSTRAINT `mezizastavka_ibfk_1` FOREIGN KEY (`nazev`) REFERENCES `Lokalita` (`nazev`),
  CONSTRAINT `mezizastavka_ibfk_2` FOREIGN KEY (`linka`) REFERENCES `Trasy` (`linka`)
) ENGINE=InnoDB DEFAULT CHARSET=utf8;



# Dump of table Ridic
# ------------------------------------------------------------

DROP TABLE IF EXISTS `Ridic`;

CREATE TABLE `Ridic` (
  `cislo_rp` varchar(50) NOT NULL DEFAULT '',
  `jmeno` varchar(50) NOT NULL DEFAULT '',
  `prijmeni` varchar(50) NOT NULL DEFAULT '',
  PRIMARY KEY (`cislo_rp`)
) ENGINE=InnoDB DEFAULT CHARSET=utf8;

LOCK TABLES `Ridic` WRITE;
/*!40000 ALTER TABLE `Ridic` DISABLE KEYS */;

INSERT INTO `Ridic` (`cislo_rp`, `jmeno`, `prijmeni`)
VALUES
	('123456','Roman','Novk\\n'),
	('452187','Libor','Nov'),
	('5214578','Emil','Kamjede'),
	('54878954','Karel\\n','Omka'),
	('785456985','Pert','Francouz'),
	('EE547554','Julius','roubek'),
	('EI5474126','Emilie','Liliov'),
	('EK54125','Kamila','Lev\\n'),
	('EK5989654','Martin','Kamjede'),
	('EO547854','Pavel','Rana'),
	('ES5874521','Petra','Nuemanov');

/*!40000 ALTER TABLE `Ridic` ENABLE KEYS */;
UNLOCK TABLES;


# Dump of table Trasy
# ------------------------------------------------------------

DROP TABLE IF EXISTS `Trasy`;

CREATE TABLE `Trasy` (
  `linka` varchar(50) NOT NULL,
  `odkud` varchar(50) DEFAULT NULL,
  `kam` varchar(50) DEFAULT NULL,
  PRIMARY KEY (`linka`),
  KEY `odkud` (`odkud`),
  KEY `kam` (`kam`),
  CONSTRAINT `trasy_ibfk_1` FOREIGN KEY (`odkud`) REFERENCES `Lokalita` (`nazev`),
  CONSTRAINT `trasy_ibfk_2` FOREIGN KEY (`kam`) REFERENCES `Lokalita` (`nazev`)
) ENGINE=InnoDB DEFAULT CHARSET=utf8;

LOCK TABLES `Trasy` WRITE;
/*!40000 ALTER TABLE `Trasy` DISABLE KEYS */;

INSERT INTO `Trasy` (`linka`, `odkud`, `kam`)
VALUES
	('10734','elezn Brod','tk'),
	('10903','Panick Dravce','Doubravy'),
	('11009','Lovce','ubica'),
	('11188','Luianky','Rakovice'),
	('11878','Zln','Cinobaa'),
	('11885','Dubenec','Jelava'),
	('12160','r','Vysok jezd'),
	('12248','Slabce','Dlouh Brtnice'),
	('12480','Kysak','Vystrkov'),
	('12744','Lesnice','eice'),
	('12971','Plaany','Vracovice'),
	('1346','Nicov','Vlkovice v Podkrkono'),
	('13785','Vysok Mto','Lazinov'),
	('14463','estn','Havov'),
	('1540','eraviny','Velk Losiny'),
	('16097','Droukovice','Bolkov'),
	('16360','Tebtice','Bo'),
	('16425','Jitkov','Mal Slivnk'),
	('18216','Lascov','Hrdjovice'),
	('1895','Trvnik','Otn'),
	('1903','Zblovice','Ostrov u Macochy'),
	('1990','Mal Slavkov','Hosty'),
	('19939','Vlkov','Oresk'),
	('20181','Ledenice','Kuim'),
	('20462','erotice','ehuice'),
	('21168','Hemnkovice','Chlmec'),
	('21456','emberovce','Bojanov'),
	('2154','Milasn','Liany'),
	('21674','Nedaov','Motyky'),
	('2205','Rztono','Ptruka'),
	('22326','Spisk Podhradie','Stanovice'),
	('23131','Skrchov','Oleko'),
	('23303','Nitra','Valice'),
	('23311','Chrudichromy','emetkovce'),
	('23823','estajovice','Moravsk Psek'),
	('24068','Nadryby','Soko'),
	('24280','Nov Vestec','Nin Jedov'),
	('24504','Lubnice','Horn Teovec'),
	('24761','Oborn','herice'),
	('24796','Majetn','Loket'),
	('26142','Lehtka','Tesov'),
	('26314','Borany','Branka u Opavy'),
	('26326','Stankovany','Jasenov'),
	('26636','Bl pod Praddem','Nin Mya'),
	('26975','ernk','Liptovsk Porbka'),
	('27094','Temevr','Doln Lovice'),
	('27595','Syrovn','Lieskovany'),
	('28197','Unn','Rjec'),
	('28543','Mal Zluie','Zborov'),
	('29095','Radostice','esk Mezi'),
	('2987','Dzbel','Sviny'),
	('29949','Lesnice','Svat Jan pod Skalou'),
	('30029','Malenovice','eradice'),
	('30977','Blany','Srnojedy'),
	('31671','Dukovany','Hnanice'),
	('31847','Vranovsk Ves','Supkovice'),
	('32299','Miloovice','Vrovka'),
	('33138','Svinn','Milejovice'),
	('339','Boheov','Horn Vstonice'),
	('34852','Ostura','Krhov'),
	('35435','Ochtin','Zhradn'),
	('3579','Dunice','Hoinves'),
	('36145','eravice','Smolnk'),
	('36238','Bajerov','Rozsochatec'),
	('36595','esk Lpa','Krucemburk'),
	('37083','imovice','Slask'),
	('37965','Polina','Doln Lopaov'),
	('3819','Rjeko','Bohdane'),
	('38238','Star Hu','rovn'),
	('38932','Pebuz','Doln Natice'),
	('38957','Komorn Lhotka','Janovce'),
	('4003','Reov','Horn Radslavice'),
	('40098','Paezov','tefurov'),
	('40553','Blovice nad Svitavou','Star Hu'),
	('40831','Doln Beneov','Bodin'),
	('42244','Linice','Kecerovce'),
	('44456','Leskovice','Kysuck Lieskovec'),
	('44725','Oleka','Libovice'),
	('45351','Bodzianske Lky','Hokovce'),
	('45548','Radimovice','Dhylov'),
	('46068','Ratkovsk Such','Zahorice'),
	('46830','Strihovce','Kunjovice'),
	('47259','Dvory','Jablonn v Podjetd'),
	('48480','evtn','Zvnek'),
	('49005','Zdiel','Zemplnsky Bran'),
	('49039','Zlosy','Radenice'),
	('49169','Urice','Stezetice'),
	('4936','Moteice','Vrcko'),
	('49370','Petrikovce','Tuovice'),
	('4966','tkov','Klenovice'),
	('50815','kvoetice','Jlovice'),
	('50856','Nin Olava','Pchery'),
	('5156','Vikovice','Chmiany'),
	('51722','Litoho','Hnanice'),
	('53192','Horn Louky','Linhartice'),
	('53455','Pedslav','Vek Lka'),
	('53993','eliezovce','atn-Stre'),
	('5402','Nupaky','Blov'),
	('54946','Rose','Cvikov'),
	('55019','Tuleice','Chottov'),
	('55583','Horn Chlebany','Jestab v Krkonoch'),
	('56091','Bochov','Mostek'),
	('56485','Rozvadov','Snt'),
	('57760','Hankovce','Star Voda'),
	('58348','Zdiel','V'),
	('58935','Louky','Liptl'),
	('59154','Kostoln Kraany','Vysok nad Labem'),
	('59235','Nov Hrady','Oleko'),
	('59753','slavice','Litomyl'),
	('60076','Zbraslavice','Domaelice'),
	('60441','Slopn','Kniky'),
	('60659','Libotenice','Budmerice'),
	('60780','Klany','Spomyl'),
	('61127','Turiansky ur','Chud'),
	('61942','Koty','Urbanice'),
	('62026','Petrovo','tchovice'),
	('6225','Jekova Ves','Bohdane'),
	('62527','Lesek','Dobr Voda u Hoic'),
	('63306','Touim','Krovany'),
	('63582','Roubanina','Podluany'),
	('64934','Bezdruice','Nov Hrozenkov'),
	('66940','Kiany','Buda'),
	('6718','Hanigovce','Blov'),
	('67352','Hlubyn','Blevedly'),
	('6824','Perntejnsk Jestab','Nespeky'),
	('68383','Nhov','Silica'),
	('6849','Boice','Galovany'),
	('6855','Trice','Podkriv'),
	('68644','Ludvkovice','Pacetluky'),
	('69070','Buzice','Hlavice'),
	('69871','Vernovice','eleice'),
	('7014','Svbohov','Turovice'),
	('70548','Krmeln','Palota'),
	('71474','Prachovice','Mrovice nad Hanou'),
	('71648','idovice','Rusk Bystr'),
	('71674','Jinoany','n Porbka'),
	('71845','Pov','Libice nad Vltavou'),
	('7185','Krakov','Leneice'),
	('71888','Brhlovce','Dyjkovice'),
	('7221','Sudomice u Tbora','Hemane'),
	('72253','Horn Myslov','Doln Lefantovce'),
	('72423','Ostrov nad Oslavou','Troubelice'),
	('72860','Kozrovice','Hrabov'),
	('73595','Beatina','Bezov nad Svitavou'),
	('7395','Mal Chyndice','Vesel nad Lunic'),
	('74002','Rohoznice','Cfer'),
	('74162','Predmier','Podmol'),
	('75590','Nov Hamry','jezd nade M'),
	('76319','Valentovce','Vleves'),
	('76393','Hybe','Stblov'),
	('7681','Kraovany','Farn'),
	('76871','Valkovce','Mlnsk Struhadlo'),
	('76885','Tinov','tchovice'),
	('77682','Nechanice','Trstice'),
	('78946','tchov','iba'),
	('8014','Stte','erven Lhota'),
	('81418','Pokojovice','Korejovce'),
	('8162','Nin Rybnica','Milave'),
	('81639','Humpolec','Mratn'),
	('81776','Koov','Ochoz u Tinova'),
	('82123','Nov Dm','Jevany'),
	('82556','Jevko','Podmoky'),
	('82790','Kyjatice','Chobot'),
	('83516','Zvadka nad Hronom','Pivkovice'),
	('83840','Puovce','Liartovce'),
	('84498','Vetern Poruba','Sadsk'),
	('85024','Sobo','Matiaka'),
	('85260','Tvrdonice','Tlun'),
	('85384','Ddice','Pstrin'),
	('85390','Kout na umav','Chmenica'),
	('85618','Bystriany','Hlohovice'),
	('86108','Hluk','akanovce'),
	('86126','Boca','Libkovice pod pem'),
	('86667','Nevolice','r nad Szavou'),
	('86670','Nin Miroov','Doln Krup'),
	('86860','Mal Vska','Hrka'),
	('87148','Bohuslvky','voov'),
	('87576','Zbeltov','Kolta'),
	('89219','ebrk','Divinka'),
	('89302','Zdislavice','Svrabov'),
	('89982','Nemochovice','Ondratice'),
	('90195','Vlaice','Podveky'),
	('90422','Sady nad Torysou','Roava'),
	('90759','Kovarce','Dany'),
	('90905','Vechlapy','Radtice'),
	('91436','Vek Lovce','Mirkovce'),
	('91543','Jihlvka','Maleovice'),
	('93563','Jatov','Such Brezovo'),
	('94016','Lun','Kralice na Han'),
	('94568','Netiny','Lichoceves'),
	('94827','Bartoovice v Orlickch horch','Lpa'),
	('94908','Petroupim','Cheb'),
	('9571','Rybnice','Tbor'),
	('9624','Dlouh Lhota','Povlky'),
	('96495','lglov','Chlustina'),
	('96742','Zbrod','Bkov-Lryov'),
	('96805','Katov','Kluky'),
	('97927','Zemplnske Hmre','Ladzany'),
	('98163','Drnovice','Chotilsko'),
	('98660','Rudimov','Lendak'),
	('99380','Koz Vrbovok','Hamr');

/*!40000 ALTER TABLE `Trasy` ENABLE KEYS */;
UNLOCK TABLES;


# Dump of table TypKontaktu
# ------------------------------------------------------------

DROP TABLE IF EXISTS `TypKontaktu`;

CREATE TABLE `TypKontaktu` (
  `typ` varchar(50) NOT NULL,
  PRIMARY KEY (`typ`)
) ENGINE=InnoDB DEFAULT CHARSET=utf8;

LOCK TABLES `TypKontaktu` WRITE;
/*!40000 ALTER TABLE `TypKontaktu` DISABLE KEYS */;

INSERT INTO `TypKontaktu` (`typ`)
VALUES
	('email'),
	('mobiln telefon');

/*!40000 ALTER TABLE `TypKontaktu` ENABLE KEYS */;
UNLOCK TABLES;


# Dump of table Znacka
# ------------------------------------------------------------

DROP TABLE IF EXISTS `Znacka`;

CREATE TABLE `Znacka` (
  `znacka` varchar(50) NOT NULL,
  PRIMARY KEY (`znacka`)
) ENGINE=InnoDB DEFAULT CHARSET=utf8;

LOCK TABLES `Znacka` WRITE;
/*!40000 ALTER TABLE `Znacka` DISABLE KEYS */;

INSERT INTO `Znacka` (`znacka`)
VALUES
	('Iris'),
	('Karosa'),
	('Man'),
	('Mercedes'),
	('Volvo');

/*!40000 ALTER TABLE `Znacka` ENABLE KEYS */;
UNLOCK TABLES;



/*!40111 SET SQL_NOTES=@OLD_SQL_NOTES */;
/*!40101 SET SQL_MODE=@OLD_SQL_MODE */;
/*!40014 SET FOREIGN_KEY_CHECKS=@OLD_FOREIGN_KEY_CHECKS */;
/*!40101 SET CHARACTER_SET_CLIENT=@OLD_CHARACTER_SET_CLIENT */;
/*!40101 SET CHARACTER_SET_RESULTS=@OLD_CHARACTER_SET_RESULTS */;
/*!40101 SET COLLATION_CONNECTION=@OLD_COLLATION_CONNECTION */;
